coin,signal,annual,max_dd,calmar,sharpe,pct_hedged,trades,funding,hedge_pnl,fees,bh_annual,bh_dd
BTC,mom7d,12.44,14.4,0.86,0.71,44.5,434,2.3,-9.62,-5.31,70.82,50.09
BTC,mom14d,21.73,10.54,2.06,1.24,43.1,300,1.87,-1.56,-3.66,70.82,50.09
BTC,mom7d_lt90d,22.91,10.95,2.09,1.12,20.5,199,0.6,-0.37,-2.39,70.82,50.09
BTC,mom7d_lt180d,22.54,13.26,1.7,1.01,11.1,109,0.23,-1.45,-1.32,70.82,50.09
BTC,mom14d_lt90d,29.17,10.6,2.75,1.45,21.5,132,0.64,5.08,-1.62,70.82,50.09
BTC,mom14d_lt180d,26.62,11.14,2.39,1.2,11.6,68,0.27,2.14,-0.86,70.82,50.09
BTC,dd5,10.86,11.35,0.96,0.82,73.2,162,3.26,-15.38,-2.1,70.82,50.09
BTC,dd8,18.14,12.48,1.45,1.18,59.9,126,2.18,-7.5,-1.61,70.82,50.09
BTC,dd10,15.57,15.46,1.01,0.96,53.4,121,1.71,-9.69,-1.52,70.82,50.09
BTC,mom7d_lt90d|dd5,10.93,11.2,0.98,0.82,73.2,161,3.26,-15.32,-2.09,70.82,50.09
BTC,mom7d_lt90d|dd8,19.09,11.5,1.66,1.25,60.0,126,2.19,-6.56,-1.61,70.82,50.09
BTC,mom14d_lt90d|dd5,10.92,11.21,0.97,0.82,73.2,161,3.26,-15.32,-2.09,70.82,50.09
BTC,mom14d_lt90d|dd8,18.33,12.11,1.51,1.2,60.0,130,2.18,-7.27,-1.66,70.82,50.09
BTC,mom14d|dd5,10.41,12.96,0.8,0.8,75.6,188,3.62,-15.86,-2.42,70.82,50.09
ETH,mom7d,10.76,20.58,0.52,0.47,48.7,462,2.27,-3.01,-5.56,13.41,64.92
ETH,mom14d,28.14,11.25,2.5,1.21,50.7,301,1.87,12.91,-3.69,13.41,64.92
ETH,mom7d_lt90d,19.68,19.06,1.03,0.72,24.6,244,0.66,4.84,-2.88,13.41,64.92
ETH,mom7d_lt180d,7.64,37.61,0.2,0.27,18.3,237,0.4,-7.07,-2.75,13.41,64.92
ETH,mom14d_lt90d,26.32,17.79,1.48,0.96,26.4,122,0.62,10.13,-1.49,13.41,64.92
ETH,mom14d_lt180d,14.59,32.26,0.45,0.52,19.5,153,0.31,-0.93,-1.84,13.41,64.92
ETH,dd5,17.51,13.21,1.33,1.29,89.2,89,4.88,-3.19,-1.23,13.41,64.92
ETH,dd8,11.23,13.37,0.84,0.72,80.6,112,3.65,-7.94,-1.55,13.41,64.92
ETH,dd10,10.18,17.46,0.58,0.61,74.7,85,3.08,-8.76,-1.2,13.41,64.92
ETH,mom7d_lt90d|dd5,17.51,13.21,1.33,1.29,89.2,89,4.88,-3.19,-1.23,13.41,64.92
ETH,mom7d_lt90d|dd8,10.81,13.49,0.8,0.69,80.7,119,3.66,-8.28,-1.63,13.41,64.92
ETH,mom14d_lt90d|dd5,17.51,13.21,1.33,1.29,89.2,89,4.88,-3.19,-1.23,13.41,64.92
ETH,mom14d_lt90d|dd8,11.11,13.4,0.83,0.71,80.7,117,3.66,-8.0,-1.61,13.41,64.92
ETH,mom14d|dd5,17.44,13.23,1.32,1.29,89.8,97,4.99,-3.27,-1.34,13.41,64.92
SOL,mom7d,47.15,14.14,3.33,1.2,47.4,420,1.51,-1.79,-5.17,191.56,71.16
SOL,mom14d,49.21,14.92,3.3,1.23,46.6,284,0.97,-0.85,-3.51,191.56,71.16
SOL,mom7d_lt90d,41.1,21.12,1.95,0.92,21.3,229,-0.19,-8.62,-2.68,191.56,71.16
SOL,mom7d_lt180d,43.56,21.72,2.01,0.95,18.8,189,-0.09,-6.68,-2.26,191.56,71.16
SOL,mom14d_lt90d,48.05,21.12,2.27,1.08,22.8,155,-0.15,-2.55,-1.85,191.56,71.16
SOL,mom14d_lt180d,52.83,21.12,2.5,1.15,19.8,110,-0.11,1.73,-1.39,191.56,71.16
SOL,dd5,27.02,11.18,2.42,1.08,93.5,120,6.95,-30.54,-1.99,191.56,71.16
SOL,dd8,42.01,9.72,4.32,1.5,90.2,91,5.49,-14.61,-1.47,191.56,71.16
SOL,dd10,35.52,12.89,2.76,1.21,87.9,114,4.45,-19.71,-1.81,191.56,71.16
SOL,mom7d_lt90d|dd5,27.02,11.18,2.42,1.08,93.5,120,6.95,-30.54,-1.99,191.56,71.16
SOL,mom7d_lt90d|dd8,42.01,9.72,4.32,1.5,90.2,91,5.49,-14.61,-1.47,191.56,71.16
SOL,mom14d_lt90d|dd5,27.02,11.18,2.42,1.08,93.5,120,6.95,-30.54,-1.99,191.56,71.16
SOL,mom14d_lt90d|dd8,42.01,9.72,4.32,1.5,90.2,91,5.49,-14.61,-1.47,191.56,71.16
SOL,mom14d|dd5,27.82,11.18,2.49,1.12,93.5,121,6.96,-29.73,-2.01,191.56,71.16
AVAX,mom7d,32.28,21.64,1.49,0.78,51.7,441,0.47,19.34,-5.4,-4.61,85.45
AVAX,mom14d,32.85,19.28,1.7,0.79,53.6,280,0.27,18.23,-3.53,-4.61,85.45
AVAX,mom7d_lt90d,19.41,27.79,0.7,0.42,31.8,289,-0.4,5.25,-3.31,-4.61,85.45
AVAX,mom7d_lt180d,24.14,26.53,0.91,0.52,28.4,247,-0.08,9.29,-2.96,-4.61,85.45
AVAX,mom14d_lt90d,17.03,30.17,0.56,0.37,33.0,208,-0.44,2.0,-2.41,-4.61,85.45
AVAX,mom14d_lt180d,18.94,26.53,0.71,0.41,29.4,147,-0.07,2.92,-1.79,-4.61,85.45
AVAX,dd5,12.73,23.05,0.55,0.49,97.7,59,5.35,-9.38,-1.12,-4.61,85.45
AVAX,dd8,14.22,19.08,0.75,0.49,95.7,68,4.95,-7.35,-1.26,-4.61,85.45
AVAX,dd10,14.26,22.74,0.63,0.47,94.2,55,4.72,-7.38,-0.96,-4.61,85.45
AVAX,mom7d_lt90d|dd5,12.73,23.05,0.55,0.49,97.7,59,5.35,-9.38,-1.12,-4.61,85.45
AVAX,mom7d_lt90d|dd8,14.22,19.08,0.75,0.49,95.7,68,4.95,-7.35,-1.26,-4.61,85.45
AVAX,mom14d_lt90d|dd5,12.73,23.05,0.55,0.49,97.7,59,5.35,-9.38,-1.12,-4.61,85.45
AVAX,mom14d_lt90d|dd8,14.22,19.08,0.75,0.49,95.7,68,4.95,-7.35,-1.26,-4.61,85.45
AVAX,mom14d|dd5,12.73,23.05,0.55,0.49,97.7,59,5.35,-9.38,-1.12,-4.61,85.45
TIA,mom7d,17.47,42.38,0.41,0.29,56.6,382,2.29,-0.41,-5.44,-28.06,98.18
TIA,mom14d,48.77,27.74,1.76,0.77,58.8,243,1.5,29.76,-3.5,-28.06,98.18
TIA,mom7d_lt90d,37.44,34.89,1.07,0.56,47.4,320,-0.39,20.92,-4.11,-28.06,98.18
TIA,mom7d_lt180d,39.71,33.23,1.19,0.59,45.1,289,-0.31,22.78,-3.78,-28.06,98.18
TIA,mom14d_lt90d,42.83,34.95,1.23,0.65,51.6,233,-0.38,25.28,-3.09,-28.06,98.18
TIA,mom14d_lt180d,48.86,30.01,1.63,0.73,47.8,182,-0.46,30.78,-2.48,-28.06,98.18
TIA,dd5,-39.45,117.05,-0.34,-0.78,97.6,85,6.57,-64.72,-2.32,-28.06,98.18
TIA,dd8,-18.03,81.33,-0.22,-0.33,96.1,71,5.6,-42.83,-1.82,-28.06,98.18
TIA,dd10,-11.11,74.88,-0.15,-0.2,94.8,71,5.19,-35.63,-1.69,-28.06,98.18
TIA,mom7d_lt90d|dd5,-39.45,117.05,-0.34,-0.78,97.6,85,6.57,-64.72,-2.32,-28.06,98.18
TIA,mom7d_lt90d|dd8,-18.03,81.33,-0.22,-0.33,96.1,71,5.6,-42.83,-1.82,-28.06,98.18
TIA,mom14d_lt90d|dd5,-39.45,117.05,-0.34,-0.78,97.6,85,6.57,-64.72,-2.32,-28.06,98.18
TIA,mom14d_lt90d|dd8,-18.03,81.33,-0.22,-0.33,96.1,71,5.6,-42.83,-1.82,-28.06,98.18
TIA,mom14d|dd5,-39.45,117.05,-0.34,-0.78,97.6,85,6.57,-64.72,-2.32,-28.06,98.18
INJ,mom7d,16.47,44.83,0.37,0.35,51.6,478,1.38,-10.38,-5.82,5.95,92.45
INJ,mom14d,36.81,30.16,1.22,0.76,52.2,291,0.24,8.93,-3.66,5.95,92.45
INJ,mom7d_lt90d,33.16,30.49,1.09,0.63,32.6,315,0.21,5.31,-3.66,5.95,92.45
INJ,mom7d_lt180d,28.27,38.52,0.73,0.53,31.4,273,0.37,-0.21,-3.18,5.95,92.45
INJ,mom14d_lt90d,38.35,25.8,1.49,0.73,34.3,195,0.18,9.2,-2.32,5.95,92.45
INJ,mom14d_lt180d,38.02,27.34,1.39,0.71,32.7,155,0.04,8.53,-1.85,5.95,92.45
INJ,dd5,6.6,39.47,0.17,0.18,95.4,108,4.26,-26.95,-2.01,5.95,92.45
INJ,dd8,13.15,40.86,0.32,0.33,92.8,92,3.17,-19.68,-1.64,5.95,92.45
INJ,dd10,10.85,40.94,0.27,0.26,91.3,100,2.5,-21.28,-1.66,5.95,92.45
INJ,mom7d_lt90d|dd5,6.6,39.47,0.17,0.18,95.4,108,4.26,-26.95,-2.01,5.95,92.45
INJ,mom7d_lt90d|dd8,13.15,40.86,0.32,0.33,92.8,92,3.17,-19.68,-1.64,5.95,92.45
INJ,mom14d_lt90d|dd5,6.6,39.47,0.17,0.18,95.4,108,4.26,-26.95,-2.01,5.95,92.45
INJ,mom14d_lt90d|dd8,13.15,40.86,0.32,0.33,92.8,92,3.17,-19.68,-1.64,5.95,92.45
INJ,mom14d|dd5,6.61,39.26,0.17,0.18,95.5,110,4.27,-26.93,-2.03,5.95,92.45
