config,universe,margin_buffer_x,position_size,concurrency_cap,entry_threshold,exit_threshold,min_hold_hours,annual_pct,vol_pct,sharpe,sortino,max_dd_pct,calmar,n_liquidations,n_top_ups,n_forced_closes,n_skipped_opens_capital,total_funding,total_fees,final_equity
A_research,U3-new,3.0,100.0,3,0.3,-0.15,120,-91.48183298945177,56.622642788508294,-0.9420947067436736,-0.06904241678190316,91.55205260820117,-0.9992330087993778,3,11,0,8884,0.0,914.8362180452395,85.16378195476014
A_research,U3-new,3.0,100.0,4,0.3,-0.15,120,-91.48183298945177,56.622642788508294,-0.9420947067436736,-0.06904241678190316,91.55205260820117,-0.9992330087993778,3,11,0,8884,0.0,914.8362180452395,85.16378195476014
A_research,U3-new,3.0,100.0,5,0.3,-0.15,120,-91.48183298945177,56.622642788508294,-0.9420947067436736,-0.06904241678190316,91.55205260820117,-0.9992330087993778,3,11,0,8884,0.0,914.8362180452395,85.16378195476014
A_research,U3-new,3.0,150.0,3,0.3,-0.15,120,-40.64572342218078,31.53544103583446,-0.30907156180289047,-0.05805002257292078,53.999339503733836,-0.7527077885715675,1,17,2,4751,358.9353489089311,765.5795491019593,593.3557998069721
A_research,U3-new,3.0,150.0,4,0.3,-0.15,120,-40.64572342218078,31.53544103583446,-0.30907156180289047,-0.05805002257292078,53.999339503733836,-0.7527077885715675,1,17,2,4751,358.9353489089311,765.5795491019593,593.3557998069721
A_research,U3-new,3.0,150.0,5,0.3,-0.15,120,-40.64572342218078,31.53544103583446,-0.30907156180289047,-0.05805002257292078,53.999339503733836,-0.7527077885715675,1,17,2,4751,358.9353489089311,765.5795491019593,593.3557998069721
A_research,U3-new,5.0,100.0,3,0.3,-0.15,120,-84.48629143307747,50.08665795845959,-0.719218383135896,-0.059361978671871006,85.16493102807158,-0.9920314666283189,2,4,0,8237,50.14852318268425,895.0440163014491,155.1045068812348
A_research,U3-new,5.0,100.0,4,0.3,-0.15,120,-84.48629143307747,50.08665795845959,-0.719218383135896,-0.059361978671871006,85.16493102807158,-0.9920314666283189,2,4,0,8237,50.14852318268425,895.0440163014491,155.1045068812348
A_research,U3-new,5.0,100.0,5,0.3,-0.15,120,-84.48629143307747,50.08665795845959,-0.719218383135896,-0.059361978671871006,85.16493102807158,-0.9920314666283189,2,4,0,8237,50.14852318268425,895.0440163014491,155.1045068812348
A_research,U3-new,5.0,150.0,3,0.3,-0.15,120,-42.06757369830394,31.828413653547905,-0.32586500478202124,-0.06100064940939941,54.50081750488367,-0.7718705080806243,1,2,1,5402,341.12276311019053,761.9809872360808,579.1417758741102
A_research,U3-new,5.0,150.0,4,0.3,-0.15,120,-42.06757369830394,31.828413653547905,-0.32586500478202124,-0.06100064940939941,54.50081750488367,-0.7718705080806243,1,2,1,5402,341.12276311019053,761.9809872360808,579.1417758741102
A_research,U3-new,5.0,150.0,5,0.3,-0.15,120,-42.06757369830394,31.828413653547905,-0.32586500478202124,-0.06100064940939941,54.50081750488367,-0.7718705080806243,1,2,1,5402,341.12276311019053,761.9809872360808,579.1417758741102
A_research,U4,3.0,100.0,3,0.3,-0.15,120,0.02680924486002656,0.02085555618520503,2.5066115249141876,0.20223928423054413,0.012513368728189981,2.1424482441431607,0,0,0,0,38.39560894085094,38.12751649225061,1000.2680924486003
A_research,U4,3.0,100.0,4,0.3,-0.15,120,0.02680924486002656,0.02085555618520503,2.5066115249141876,0.20223928423054413,0.012513368728189981,2.1424482441431607,0,0,0,0,38.39560894085094,38.12751649225061,1000.2680924486003
A_research,U4,3.0,100.0,5,0.3,-0.15,120,0.02680924486002656,0.02085555618520503,2.5066115249141876,0.20223928423054413,0.012513368728189981,2.1424482441431607,0,0,0,0,38.39560894085094,38.12751649225061,1000.2680924486003
A_research,U4,3.0,150.0,3,0.3,-0.15,120,0.04021386729002874,0.031280688252607734,2.5067077537229117,0.20224677623517578,0.018766364368731265,2.1428693645655494,0,0,0,0,57.59341341127644,57.19127473837602,1000.4021386729004
A_research,U4,3.0,150.0,4,0.3,-0.15,120,0.04021386729002874,0.031280688252607734,2.5067077537229117,0.20224677623517578,0.018766364368731265,2.1428693645655494,0,0,0,0,57.59341341127644,57.19127473837602,1000.4021386729004
A_research,U4,3.0,150.0,5,0.3,-0.15,120,0.04021386729002874,0.031280688252607734,2.5067077537229117,0.20224677623517578,0.018766364368731265,2.1428693645655494,0,0,0,0,57.59341341127644,57.19127473837602,1000.4021386729004
A_research,U4,5.0,100.0,3,0.3,-0.15,120,0.026809244860048764,0.02085555618519647,2.5066115249089878,0.20223928423017082,0.012513368728178615,2.142448244146881,0,0,0,0,58.395608940851,58.12751649225061,1000.2680924486004
A_research,U4,5.0,100.0,4,0.3,-0.15,120,0.026809244860048764,0.02085555618519647,2.5066115249089878,0.20223928423017082,0.012513368728178615,2.142448244146881,0,0,0,0,58.395608940851,58.12751649225061,1000.2680924486004
A_research,U4,5.0,100.0,5,0.3,-0.15,120,0.026809244860048764,0.02085555618519647,2.5066115249089878,0.20223928423017082,0.012513368728178615,2.142448244146881,0,0,0,0,58.395608940851,58.12751649225061,1000.2680924486004
A_research,U4,5.0,150.0,3,0.3,-0.15,120,0.04021386729005094,0.03128068825260982,2.506707753739356,0.20224677623649773,0.01876636436873126,2.142869364566733,0,0,0,0,87.59341341127654,87.19127473837602,1000.4021386729005
A_research,U4,5.0,150.0,4,0.3,-0.15,120,0.04021386729005094,0.03128068825260982,2.506707753739356,0.20224677623649773,0.01876636436873126,2.142869364566733,0,0,0,0,87.59341341127654,87.19127473837602,1000.4021386729005
A_research,U4,5.0,150.0,5,0.3,-0.15,120,0.04021386729005094,0.03128068825260982,2.506707753739356,0.20224677623649773,0.01876636436873126,2.142869364566733,0,0,0,0,87.59341341127654,87.19127473837602,1000.4021386729005
A_research,U5,3.0,100.0,3,0.3,-0.15,120,0.05650794762217526,0.05410876275873848,2.0362980026792545,0.42448383874326184,0.05535795480927706,1.0207737590172945,0,2,0,0,151.769232210286,251.2041527340641,1000.5650794762219
A_research,U5,3.0,100.0,4,0.3,-0.15,120,0.05650794762217526,0.05410876275873848,2.0362980026792545,0.42448383874326184,0.05535795480927706,1.0207737590172945,0,2,0,0,151.769232210286,251.2041527340641,1000.5650794762219
A_research,U5,3.0,100.0,5,0.3,-0.15,120,0.05650794762217526,0.05410876275873848,2.0362980026792545,0.42448383874326184,0.05535795480927706,1.0207737590172945,0,2,0,0,151.769232210286,251.2041527340641,1000.5650794762219
A_research,U5,3.0,150.0,3,0.3,-0.15,120,0.08476192143327399,0.08115386308230171,2.0363786600905343,0.4245009784359965,0.08301620308565766,1.0210286460079976,0,2,0,0,227.65384831542903,376.8062291010964,1000.8476192143327
A_research,U5,3.0,150.0,4,0.3,-0.15,120,0.08476192143327399,0.08115386308230171,2.0363786600905343,0.4245009784359965,0.08301620308565766,1.0210286460079976,0,2,0,0,227.65384831542903,376.8062291010964,1000.8476192143327
A_research,U5,3.0,150.0,5,0.3,-0.15,120,0.08476192143327399,0.08115386308230171,2.0363786600905343,0.4245009784359965,0.08301620308565766,1.0210286460079976,0,2,0,0,227.65384831542903,376.8062291010964,1000.8476192143327
A_research,U5,5.0,100.0,3,0.3,-0.15,120,0.05650794762224187,0.054108762758729494,2.0362980026783926,0.42448383874306,0.055357954809299774,1.020773759018079,0,0,0,0,264.35990946476795,363.79482998854564,1000.5650794762223
A_research,U5,5.0,100.0,4,0.3,-0.15,120,0.05650794762224187,0.054108762758729494,2.0362980026783926,0.42448383874306,0.055357954809299774,1.020773759018079,0,0,0,0,264.35990946476795,363.79482998854564,1000.5650794762223
A_research,U5,5.0,100.0,5,0.3,-0.15,120,0.05650794762224187,0.054108762758729494,2.0362980026783926,0.42448383874306,0.055357954809299774,1.020773759018079,0,0,0,0,264.35990946476795,363.79482998854564,1000.5650794762223
A_research,U5,5.0,150.0,3,0.3,-0.15,120,0.08476192143325179,0.08115386308233077,2.0363786600868696,0.42450097843522683,0.08301620308568039,1.0210286460074505,0,0,0,0,396.53986419715125,545.6922449828188,1000.8476192143324
A_research,U5,5.0,150.0,4,0.3,-0.15,120,0.08476192143325179,0.08115386308233077,2.0363786600868696,0.42450097843522683,0.08301620308568039,1.0210286460074505,0,0,0,0,396.53986419715125,545.6922449828188,1000.8476192143324
A_research,U5,5.0,150.0,5,0.3,-0.15,120,0.08476192143325179,0.08115386308233077,2.0363786600868696,0.42450097843522683,0.08301620308568039,1.0210286460074505,0,0,0,0,396.53986419715125,545.6922449828188,1000.8476192143324
A_research,U7,3.0,100.0,3,0.3,-0.15,120,1.0826131655440774,0.11903404900543178,17.64566324073823,5.337762875762604,0.0938606955920313,11.534254660222125,0,0,0,12,804.0705835283603,993.2444518729194,1010.8261316554408
A_research,U7,3.0,100.0,4,0.3,-0.15,120,1.0826131655440774,0.11903404900543178,17.64566324073823,5.337762875762604,0.0938606955920313,11.534254660222125,0,0,0,12,804.0705835283603,993.2444518729194,1010.8261316554408
A_research,U7,3.0,100.0,5,0.3,-0.15,120,1.0826131655440774,0.11903404900543178,17.64566324073823,5.337762875762604,0.0938606955920313,11.534254660222125,0,0,0,12,804.0705835283603,993.2444518729194,1010.8261316554408
A_research,U7,3.0,150.0,3,0.3,-0.15,120,0.6494230415971192,0.12263291030458641,10.296781039136187,3.0729991645835812,0.10208117314687767,6.361829724103076,0,0,0,642,772.746326321052,916.2520959050808,1006.4942304159712
A_research,U7,3.0,150.0,4,0.3,-0.15,120,0.6494230415971192,0.12263291030458641,10.296781039136187,3.0729991645835812,0.10208117314687767,6.361829724103076,0,0,0,642,772.746326321052,916.2520959050808,1006.4942304159712
A_research,U7,3.0,150.0,5,0.3,-0.15,120,0.6494230415971192,0.12263291030458641,10.296781039136187,3.0729991645835812,0.10208117314687767,6.361829724103076,0,0,0,642,772.746326321052,916.2520959050808,1006.4942304159712
A_research,U7,5.0,100.0,3,0.3,-0.15,120,0.9883527655228708,0.10230083748547893,18.752914268274225,6.2168268864950935,0.02087612384309523,47.34369143195939,0,0,0,340,872.8739382281584,862.9904105729296,1009.8835276552288
A_research,U7,5.0,100.0,4,0.3,-0.15,120,0.9883527655228708,0.10230083748547893,18.752914268274225,6.2168268864950935,0.02087612384309523,47.34369143195939,0,0,0,340,872.8739382281584,862.9904105729296,1009.8835276552288
A_research,U7,5.0,100.0,5,0.3,-0.15,120,0.9883527655228708,0.10230083748547893,18.752914268274225,6.2168268864950935,0.02087612384309523,47.34369143195939,0,0,0,340,872.8739382281584,862.9904105729296,1009.8835276552288
A_research,U7,5.0,150.0,3,0.3,-0.15,120,0.5282621397604048,0.10983771396222636,9.357077008100152,1.7983772721382227,0.038457720321520866,13.736179246817976,0,0,0,755,804.0509080424948,798.7682866448908,1005.2826213976041
A_research,U7,5.0,150.0,4,0.3,-0.15,120,0.5282621397604048,0.10983771396222636,9.357077008100152,1.7983772721382227,0.038457720321520866,13.736179246817976,0,0,0,755,804.0509080424948,798.7682866448908,1005.2826213976041
A_research,U7,5.0,150.0,5,0.3,-0.15,120,0.5282621397604048,0.10983771396222636,9.357077008100152,1.7983772721382227,0.038457720321520866,13.736179246817976,0,0,0,755,804.0509080424948,798.7682866448908,1005.2826213976041
A_research,U-prod,3.0,100.0,3,0.3,-0.15,120,0.9924337570635045,0.10766101435641184,17.888535184234883,4.306502798184474,0.11215511702081454,8.848760390302312,0,0,0,0,681.919872093208,771.9955345225728,1009.9243375706351
A_research,U-prod,3.0,100.0,4,0.3,-0.15,120,0.9924337570635045,0.10766101435641184,17.888535184234883,4.306502798184474,0.11215511702081454,8.848760390302312,0,0,0,0,681.919872093208,771.9955345225728,1009.9243375706351
A_research,U-prod,3.0,100.0,5,0.3,-0.15,120,0.9924337570635045,0.10766101435641184,17.888535184234883,4.306502798184474,0.11215511702081454,8.848760390302312,0,0,0,0,681.919872093208,771.9955345225728,1009.9243375706351
A_research,U-prod,3.0,150.0,3,0.3,-0.15,120,1.4818780262431996,0.159540242062777,17.98160200362869,4.1797995637491345,0.167883224343038,8.826838012208169,0,0,0,12,872.707082046292,857.8883017838599,1014.818780262432
A_research,U-prod,3.0,150.0,4,0.3,-0.15,120,1.4818780262431996,0.159540242062777,17.98160200362869,4.1797995637491345,0.167883224343038,8.826838012208169,0,0,0,12,872.707082046292,857.8883017838599,1014.818780262432
A_research,U-prod,3.0,150.0,5,0.3,-0.15,120,1.4818780262431996,0.159540242062777,17.98160200362869,4.1797995637491345,0.167883224343038,8.826838012208169,0,0,0,12,872.707082046292,857.8883017838599,1014.818780262432
A_research,U-prod,5.0,100.0,3,0.3,-0.15,120,0.3336846869528065,0.08470763293256876,7.669704797495085,1.4336466861369395,0.11215511702079194,2.975206979552669,0,0,0,552,755.3743574327947,752.0375105632668,1003.336846869528
A_research,U-prod,5.0,100.0,4,0.3,-0.15,120,0.3336846869528065,0.08470763293256876,7.669704797495085,1.4336466861369395,0.11215511702079194,2.975206979552669,0,0,0,552,755.3743574327947,752.0375105632668,1003.336846869528
A_research,U-prod,5.0,100.0,5,0.3,-0.15,120,0.3336846869528065,0.08470763293256876,7.669704797495085,1.4336466861369395,0.11215511702079194,2.975206979552669,0,0,0,552,755.3743574327947,752.0375105632668,1003.336846869528
A_research,U-prod,5.0,150.0,3,0.3,-0.15,120,0.6012656599745592,0.08682785315846868,13.464294863765437,1.9706864167325762,0.02563809168860802,23.452044219099363,0,0,0,642,675.1226887182238,669.1100321184781,1006.0126565997457
A_research,U-prod,5.0,150.0,4,0.3,-0.15,120,0.6012656599745592,0.08682785315846868,13.464294863765437,1.9706864167325762,0.02563809168860802,23.452044219099363,0,0,0,642,675.1226887182238,669.1100321184781,1006.0126565997457
A_research,U-prod,5.0,150.0,5,0.3,-0.15,120,0.6012656599745592,0.08682785315846868,13.464294863765437,1.9706864167325762,0.02563809168860802,23.452044219099363,0,0,0,642,675.1226887182238,669.1100321184781,1006.0126565997457
B_live,U3-new,3.0,100.0,3,0.1,-0.1,120,-98.41763031322259,72.5542853300891,-0.9322376977784838,-0.13582776814836522,98.43046250052431,-0.9998696319515754,3,11,0,38060,0.0,984.1796261085675,15.820373891431824
B_live,U3-new,3.0,100.0,4,0.1,-0.1,120,-98.41763031322259,72.5542853300891,-0.9322376977784838,-0.13582776814836522,98.43046250052431,-0.9998696319515754,3,11,0,38060,0.0,984.1796261085675,15.820373891431824
B_live,U3-new,3.0,100.0,5,0.1,-0.1,120,-98.41763031322259,72.5542853300891,-0.9322376977784838,-0.13582776814836522,98.43046250052431,-0.9998696319515754,3,11,0,38060,0.0,984.1796261085675,15.820373891431824
B_live,U3-new,3.0,150.0,3,0.1,-0.1,120,-41.316061899080836,31.121120221728916,-0.334641092234513,-0.08601685018356148,53.29716438955827,-0.7752018774787817,1,7,1,24094,434.6272299161949,847.9727033120217,586.6545266041737
B_live,U3-new,3.0,150.0,4,0.1,-0.1,120,-41.316061899080836,31.121120221728916,-0.334641092234513,-0.08601685018356148,53.29716438955827,-0.7752018774787817,1,7,1,24094,434.6272299161949,847.9727033120217,586.6545266041737
B_live,U3-new,3.0,150.0,5,0.1,-0.1,120,-41.316061899080836,31.121120221728916,-0.334641092234513,-0.08601685018356148,53.29716438955827,-0.7752018774787817,1,7,1,24094,434.6272299161949,847.9727033120217,586.6545266041737
B_live,U3-new,5.0,100.0,3,0.1,-0.1,120,15.823228863005333,0.13218312844840813,37.9420649991051,20.446505745466347,0.16102064660820742,98.2683227046413,0,3,0,8131,1074.1901298903872,916.2010700409455,1157.9890598494412
B_live,U3-new,5.0,100.0,4,0.1,-0.1,120,15.823228863005333,0.13218312844840813,37.9420649991051,20.446505745466347,0.16102064660820742,98.2683227046413,0,3,0,8131,1074.1901298903872,916.2010700409455,1157.9890598494412
B_live,U3-new,5.0,100.0,5,0.1,-0.1,120,15.823228863005333,0.13218312844840813,37.9420649991051,20.446505745466347,0.16102064660820742,98.2683227046413,0,3,0,8131,1074.1901298903872,916.2010700409455,1157.9890598494412
B_live,U3-new,5.0,150.0,3,0.1,-0.1,120,21.4406331040478,0.18585633954991965,35.685340697236164,16.92598346977741,0.2403956534552487,89.188938301828,0,3,0,15038,1048.0112707876444,833.9874777414451,1214.0237930462001
B_live,U3-new,5.0,150.0,4,0.1,-0.1,120,21.4406331040478,0.18585633954991965,35.685340697236164,16.92598346977741,0.2403956534552487,89.188938301828,0,3,0,15038,1048.0112707876444,833.9874777414451,1214.0237930462001
B_live,U3-new,5.0,150.0,5,0.1,-0.1,120,21.4406331040478,0.18585633954991965,35.685340697236164,16.92598346977741,0.2403956534552487,89.188938301828,0,3,0,15038,1048.0112707876444,833.9874777414451,1214.0237930462001
B_live,U4,3.0,100.0,3,0.1,-0.1,120,0.4268014394639641,0.09508289010063974,8.735475604362039,3.2096811598201915,0.14443515238341034,2.954969288438858,0,0,0,0,428.9271348838449,724.8700167722279,1004.0571181116169
B_live,U4,3.0,100.0,4,0.1,-0.1,120,0.39404608953474973,0.10698840279369969,7.168908065690336,2.9122308421481105,0.1627423419851739,2.4212880601819533,0,0,0,0,579.4602035390146,975.7305701404543,1003.7296333985596
B_live,U4,3.0,100.0,5,0.1,-0.1,120,0.39404608953474973,0.10698840279369969,7.168908065690336,2.9122308421481105,0.1627423419851739,2.4212880601819533,0,0,0,0,579.4602035390146,975.7305701404543,1003.7296333985596
B_live,U4,3.0,150.0,3,0.1,-0.1,120,0.6161979020510522,0.13997693187974414,8.559123176746315,3.2327878252241846,0.21076414569632548,2.9236372249902804,0,0,0,194,622.8385907383632,916.9935527412446,1005.845037997119
B_live,U4,3.0,150.0,4,0.1,-0.1,120,0.6323274723895711,0.14793124585381995,8.310286060716612,3.3183363027782,0.1460079051098704,4.330775596799002,0,0,0,343,721.9188264204276,865.9125435280705,1006.0062828923576
B_live,U4,3.0,150.0,5,0.1,-0.1,120,0.6323274723895711,0.14793124585381995,8.310286060716612,3.3183363027782,0.1460079051098704,4.330775596799002,0,0,0,343,721.9188264204276,865.9125435280705,1006.0062828923576
B_live,U4,5.0,100.0,3,0.1,-0.1,120,0.4268014394635422,0.09508289010066097,8.73547560434506,3.2096811598142185,0.14443515238350085,2.9549692884340852,0,0,0,0,664.9271348838412,960.8700167722277,1004.0571181116128
B_live,U4,5.0,100.0,4,0.1,-0.1,120,0.3792640904415556,0.10235064824414013,7.213137549001615,3.000451234407986,0.14119050639210662,2.6861869125129703,0,0,0,206,776.9010358542063,973.31919140438,1003.5818444498259
B_live,U4,5.0,100.0,5,0.1,-0.1,120,0.3792640904415556,0.10235064824414013,7.213137549001615,3.000451234407986,0.14119050639210662,2.6861869125129703,0,0,0,206,776.9010358542063,973.31919140438,1003.5818444498259
B_live,U4,5.0,150.0,3,0.1,-0.1,120,0.702211560535515,0.1270695441455956,10.7398075644336,3.8436122542896367,0.12803566970853383,5.4844994534262295,0,0,0,368,840.9423987242034,984.2374950852643,1006.7049036389394
B_live,U4,5.0,150.0,4,0.1,-0.1,120,0.7336910798684704,0.12241971257317708,11.64557882840392,4.5557934418471415,0.10407480586002826,7.049651198535238,0,0,0,738,830.3913049479805,973.3717052761979,1007.0195996717831
B_live,U4,5.0,150.0,5,0.1,-0.1,120,0.7336910798684704,0.12241971257317708,11.64557882840392,4.5557934418471415,0.10407480586002826,7.049651198535238,0,0,0,738,830.3913049479805,973.3717052761979,1007.0195996717831
B_live,U5,3.0,100.0,3,0.1,-0.1,120,0.5275632529646357,0.11335634670891312,9.052685210695648,3.0610658170686094,0.14519014518080292,3.6336023516449396,0,0,0,0,576.172129357936,871.1076047111205,1005.0645246468152
B_live,U5,3.0,100.0,4,0.1,-0.1,120,0.5739455744884214,0.12364321053900643,9.02716697523341,3.295046899524332,0.12957891040351135,4.429313170647471,0,0,0,401,714.5493092828146,909.0210588236357,1005.528250459178
B_live,U5,3.0,100.0,5,0.1,-0.1,120,0.44972212699097014,0.1267501917919167,6.904390273684265,2.784914359162168,0.11384800779653836,3.9501975984918754,0,0,0,749,797.6375551547077,993.3512783012636,1004.2862768534432
B_live,U5,3.0,150.0,3,0.1,-0.1,120,0.8012210356539429,0.1534060664962593,10.145497233476389,3.2534237132350055,0.1944237681910392,4.121003533203151,0,0,0,832,702.6159836526938,844.9212971424173,1007.694686510277
B_live,U5,3.0,150.0,4,0.1,-0.1,120,0.97936300336261,0.15205946529693878,12.49981101059984,4.0711324700755185,0.07369573595085559,13.289276383856233,0,0,0,1231,761.8843204968542,902.4087754566893,1009.4755450401653
B_live,U5,3.0,150.0,5,0.1,-0.1,120,0.9349795666991456,0.14305623018491617,12.68709576989965,4.067885860088017,0.09129319266172313,10.241503659134908,0,0,0,2044,806.4626660162533,947.4308155348975,1009.0318504813563
B_live,U5,5.0,100.0,3,0.1,-0.1,120,0.5188315195236548,0.10759972940805526,9.379517313196681,3.0934427736290724,0.14953125502144515,3.469719554278108,0,0,0,642,803.5859914714351,998.6087658223892,1004.9772256490457
B_live,U5,5.0,100.0,4,0.1,-0.1,120,0.564133256085575,0.10486397880098977,10.462118473466903,3.81635400515812,0.12817492954558454,4.401276116051578,0,0,0,1380,878.3135762814823,972.8834284004636,1005.4301478810182
B_live,U5,5.0,100.0,5,0.1,-0.1,120,0.4628024835526823,0.09837036487321063,9.154113270049796,3.5094938225193286,0.06294419834479617,7.352583649052762,0,0,0,2270,892.0069738427804,987.589920892468,1004.4170529503116
B_live,U5,5.0,150.0,3,0.1,-0.1,120,0.7289981279219981,0.12184176070414172,11.62624577939895,4.031655892896157,0.09058495182553616,8.047673628242649,0,0,0,1744,843.0654648593487,986.0927799242321,1006.9726849351171
B_live,U5,5.0,150.0,4,0.1,-0.1,120,0.6819856836149274,0.12223843119438499,10.843760877448307,3.323323972895024,0.056920237476851474,11.981427236530413,0,0,0,3389,843.1742336640735,836.671525082828,1006.5027085812458
B_live,U5,5.0,150.0,5,0.1,-0.1,120,0.7226693365327996,0.1139179497905147,12.327292116378526,3.498265479766924,0.05691148939287603,12.698127289272113,0,0,0,3436,842.6463406824744,835.7369237255568,1006.9094169569179
B_live,U7,3.0,100.0,3,0.1,-0.1,120,1.383514943541031,0.13703016093977305,19.559489903281193,6.2208716173476315,0.08435760032973608,16.40059624898246,0,0,0,3297,802.662904467738,889.1471131043998,1013.5157913633383
B_live,U7,3.0,100.0,4,0.1,-0.1,120,0.9330268764916383,0.12031543953728085,15.05682603905367,5.121543417348684,0.08192915641437451,11.388215347569945,0,0,0,4916,879.9854671507147,971.0791170986791,1008.9063500520354
B_live,U7,3.0,100.0,5,0.1,-0.1,120,1.1127922132252888,0.11056344276504664,19.524105159138696,6.456646328535883,0.07404603181693675,15.028384181024494,0,0,0,4524,889.4329156190676,978.7296672141091,1010.7032484049575
B_live,U7,3.0,150.0,3,0.1,-0.1,120,1.8675831752854588,0.14959719012222036,24.127244604033372,5.928187189729573,0.04723312684377138,39.53968962213089,0,0,0,7691,868.1110905167868,999.9165830944355,1018.1945074223513
B_live,U7,3.0,150.0,4,0.1,-0.1,120,1.8078584763683958,0.1592931184889446,21.940606877103892,5.79911464318075,0.040308713126973386,44.850314885359886,0,0,0,8075,865.7070918458344,998.2698965905518,1017.4371952552826
B_live,U7,3.0,150.0,5,0.1,-0.1,120,1.8078584763683958,0.1592931184889446,21.940606877103892,5.79911464318075,0.040308713126973386,44.850314885359886,0,0,0,9164,865.7070918458344,998.2698965905518,1017.4371952552826
B_live,U7,5.0,100.0,3,0.1,-0.1,120,0.8242343865939361,0.09174809125923074,17.45190611781734,4.451812970141822,0.034964119839734034,23.573720441755754,0,0,0,5715,901.9040042643338,893.979256736712,1007.9247475276217
B_live,U7,5.0,100.0,4,0.1,-0.1,120,0.8414607262714924,0.09861062487732976,16.57538706340031,4.964053507822315,0.06460730633206381,13.024234781537174,0,0,0,6196,906.1858933809098,898.1948202532446,1007.9910731276647
B_live,U7,5.0,100.0,5,0.1,-0.1,120,0.8748637538411597,0.09339352454959524,18.192962438441416,5.402117495346905,0.06094199971788818,14.355678479391326,0,0,0,7829,898.7789756541576,890.454012543512,1008.3249631106455
B_live,U7,5.0,150.0,3,0.1,-0.1,120,0.9464371475726985,0.1185287192396324,15.502409008748195,4.860265916747876,0.09678409651216431,9.778849849094222,0,0,0,9521,859.7185027090537,850.7311031488491,1008.9873995602046
B_live,U7,5.0,150.0,4,0.1,-0.1,120,0.9464371475726985,0.1185287192396324,15.502409008748195,4.860265916747876,0.09678409651216431,9.778849849094222,0,0,0,11521,859.7185027090537,850.7311031488491,1008.9873995602046
B_live,U7,5.0,150.0,5,0.1,-0.1,120,0.9464371475726985,0.1185287192396324,15.502409008748195,4.860265916747876,0.09678409651216431,9.778849849094222,0,0,0,11521,859.7185027090537,850.7311031488491,1008.9873995602046
B_live,U-prod,3.0,100.0,3,0.1,-0.1,120,1.3603594421819576,0.14662476509474137,17.97180498954653,5.108213207829553,0.07501362799708527,18.13483067683136,0,0,0,21,695.9060772111393,982.6217679215622,1013.2843092895769
B_live,U-prod,3.0,100.0,4,0.1,-0.1,120,1.4311895216429837,0.14233129832980942,19.47099927465054,5.677607718730769,0.09672544438455352,14.79641195498644,0,0,0,508,784.010059085167,970.0176721157295,1013.9923869694369
B_live,U-prod,3.0,100.0,5,0.1,-0.1,120,0.7590584904398678,0.14103055966925435,10.457140323199726,3.7852953892110848,0.09477075048938352,8.009417320430524,0,0,0,2911,903.8149245485836,996.5417306784293,1007.273193870154
B_live,U-prod,3.0,150.0,3,0.1,-0.1,120,2.072229281601623,0.17810555528702998,22.458538788405573,7.330406310715023,0.11726821048254818,17.670852766274724,0,0,0,1089,774.6807854438235,904.4407839111631,1020.2400015326606
B_live,U-prod,3.0,150.0,4,0.1,-0.1,120,2.123074177951989,0.15803352625859068,25.925349488526365,7.885989337424025,0.12329412886865126,17.219588616533073,0,0,0,2743,775.1106109804525,904.3624007264235,1020.748210254029
B_live,U-prod,3.0,150.0,5,0.1,-0.1,120,1.8457557938192704,0.14969798171463058,23.82646745647005,8.460892784355616,0.04840804436780172,38.12911300021371,0,0,0,3291,844.5432833010523,976.5669465589858,1017.9763367420668
B_live,U-prod,5.0,100.0,3,0.1,-0.1,120,1.3728532073534305,0.11508736559637692,23.105112443673413,7.0660679100668915,0.08471437683298742,16.20566967115843,0,0,0,1411,871.5480120595962,958.1388044736648,1013.4092075859312
B_live,U-prod,5.0,100.0,4,0.1,-0.1,120,1.4686409046114068,0.10937460103456467,25.99582280038336,7.7148457223998035,0.10593178797391638,13.864024507667432,0,0,0,1612,907.4223549612616,993.0555721339967,1014.3667828272646
B_live,U-prod,5.0,100.0,5,0.1,-0.1,120,0.6925610338132326,0.10005778895350707,13.452048895006268,5.526999595757614,0.08619380991989674,8.034927733869248,0,0,0,3595,902.4828994469501,995.8744706760742,1006.6084287708758
B_live,U-prod,5.0,150.0,3,0.1,-0.1,120,1.0434759636539948,0.12421540291023493,16.29792508496765,6.407681020006452,0.08386997813938246,12.441590981696159,0,0,0,3339,850.0218432623275,990.0645140497163,1009.9573292126116
B_live,U-prod,5.0,150.0,4,0.1,-0.1,120,1.0899860326163413,0.12134586091243163,17.422873181423554,6.728596067585112,0.08383207030262074,13.002017350659017,0,0,0,5260,847.7799244759962,987.3577143338371,1010.4222101421592
B_live,U-prod,5.0,150.0,5,0.1,-0.1,120,1.0899860326163413,0.12134586091243163,17.422873181423554,6.728596067585112,0.08383207030262074,13.002017350659017,0,0,0,5290,847.7799244759962,987.3577143338371,1010.4222101421592
