sweep_label,param_value,period,annual,max_dd,calmar,sharpe,trades,avg_hold_h,avg_min_hold,tim_pct,phase1_exits,phase2_exits
cap_min_hold,240,full,13.73,0.71,19.4,41.84,75,982.7,221.6,99.6,22,50
cap_min_hold,240,last_90d,3.17,0.06,57.2,18.02,5,982.7,221.6,100.0,22,50
cap_min_hold,480,full,13.94,0.83,16.8,43.32,56,1319.7,407.5,100.0,11,42
cap_min_hold,480,last_90d,3.4,0.05,64.6,23.82,3,1319.7,407.5,100.0,11,42
cap_min_hold,720,full,15.34,0.67,23.1,42.32,50,1490.3,520.5,100.0,7,40
cap_min_hold,720,last_90d,3.44,0.05,65.9,25.83,2,1490.3,520.5,100.0,7,40
cap_min_hold,1080,full,15.84,0.89,17.9,44.44,46,1670.4,616.7,100.0,7,36
cap_min_hold,1080,last_90d,2.8,0.06,49.6,18.72,3,1670.4,616.7,100.0,7,36
cap_min_hold,1440,full,15.84,0.89,17.9,44.44,46,1670.4,616.7,100.0,7,36
cap_min_hold,1440,last_90d,2.8,0.06,49.6,18.72,3,1670.4,616.7,100.0,7,36
cap_min_hold,2160,full,15.84,0.89,17.9,44.44,46,1670.4,616.7,100.0,7,36
cap_min_hold,2160,last_90d,2.8,0.06,49.6,18.72,3,1670.4,616.7,100.0,7,36
cap_min_hold,4320,full,15.84,0.89,17.9,44.44,46,1670.4,616.7,100.0,7,36
cap_min_hold,4320,last_90d,2.8,0.06,49.6,18.72,3,1670.4,616.7,100.0,7,36
fee_multiplier,0.5,full,13.17,0.64,20.7,49.03,59,1264.1,345.0,100.0,11,45
fee_multiplier,0.5,last_90d,3.54,0.03,134.0,39.67,5,1264.1,345.0,100.0,11,45
fee_multiplier,0.75,full,13.04,0.75,17.3,46.74,53,1441.6,503.3,100.0,9,41
fee_multiplier,0.75,last_90d,3.2,0.04,77.2,25.41,4,1441.6,503.3,100.0,9,41
fee_multiplier,1.0,full,15.34,0.67,23.1,42.32,50,1490.3,520.5,100.0,7,40
fee_multiplier,1.0,last_90d,3.44,0.05,65.9,25.83,2,1490.3,520.5,100.0,7,40
fee_multiplier,1.25,full,15.52,0.7,22.2,39.68,50,1507.1,555.4,100.0,9,38
fee_multiplier,1.25,last_90d,3.19,0.07,48.3,17.92,3,1507.1,555.4,100.0,9,38
fee_multiplier,1.5,full,15.5,0.73,21.1,37.71,48,1576.0,573.9,100.0,10,35
fee_multiplier,1.5,last_90d,2.65,0.08,33.3,12.41,3,1576.0,573.9,100.0,10,35
fee_multiplier,2.0,full,15.21,0.83,18.3,32.82,47,1610.4,602.0,100.0,11,33
fee_multiplier,2.0,last_90d,2.35,0.11,22.1,8.28,3,1610.4,602.0,100.0,11,33
fee_multiplier,3.0,full,14.27,0.94,15.1,24.09,47,1605.1,641.6,99.4,16,28
fee_multiplier,3.0,last_90d,2.09,0.16,13.0,4.74,3,1605.1,641.6,100.0,16,28
safety_mult,2.0,full,15.18,0.72,21.0,40.98,65,1146.9,272.8,100.0,17,45
safety_mult,2.0,last_90d,3.0,0.06,54.1,15.62,6,1146.9,272.8,100.0,17,45
safety_mult,3.0,full,14.03,0.85,16.6,42.28,57,1299.9,389.3,100.0,9,45
safety_mult,3.0,last_90d,3.4,0.05,64.8,23.86,3,1299.9,389.3,100.0,9,45
safety_mult,5.0,full,15.34,0.67,23.1,42.32,50,1490.3,520.5,100.0,7,40
safety_mult,5.0,last_90d,3.44,0.05,65.9,25.83,2,1490.3,520.5,100.0,7,40
safety_mult,7.0,full,15.5,0.67,23.3,42.14,51,1462.2,561.2,100.0,8,40
safety_mult,7.0,last_90d,3.44,0.05,65.9,25.83,2,1462.2,561.2,100.0,8,40
safety_mult,10.0,full,15.57,0.67,23.4,42.91,45,1671.1,604.4,100.0,9,33
safety_mult,10.0,last_90d,3.44,0.05,65.9,25.83,2,1671.1,604.4,100.0,9,33
safety_mult,15.0,full,15.37,0.43,35.7,42.58,45,1666.4,638.0,99.4,10,32
safety_mult,15.0,last_90d,3.44,0.05,65.9,25.83,2,1666.4,638.0,100.0,10,32
p1_breakeven_cap_h,240,full,15.29,0.67,23.0,42.09,51,1472.6,524.5,100.0,8,40
p1_breakeven_cap_h,240,last_90d,2.81,0.05,54.2,18.78,3,1472.6,524.5,100.0,8,40
p1_breakeven_cap_h,480,full,15.3,0.67,23.0,42.15,51,1473.5,524.5,100.0,8,40
p1_breakeven_cap_h,480,last_90d,2.95,0.05,56.0,20.61,3,1473.5,524.5,100.0,8,40
p1_breakeven_cap_h,720,full,15.34,0.67,23.1,42.32,50,1490.3,520.5,100.0,7,40
p1_breakeven_cap_h,720,last_90d,3.44,0.05,65.9,25.83,2,1490.3,520.5,100.0,7,40
p1_breakeven_cap_h,1200,full,15.32,0.67,23.0,42.15,51,1481.0,524.5,100.0,6,42
p1_breakeven_cap_h,1200,last_90d,3.15,0.06,56.7,19.91,3,1481.0,524.5,100.0,6,42
p1_breakeven_cap_h,2160,full,15.34,0.67,23.1,42.34,50,1494.8,520.5,100.0,6,41
p1_breakeven_cap_h,2160,last_90d,3.42,0.05,64.6,26.89,2,1494.8,520.5,100.0,6,41
p1_negative_patience,24,full,13.81,0.79,17.5,43.92,50,1496.5,526.1,100.0,9,38
p1_negative_patience,24,last_90d,3.44,0.05,65.9,25.83,2,1496.5,526.1,100.0,9,38
p1_negative_patience,48,full,13.8,0.82,16.8,43.88,50,1497.3,526.1,100.0,9,38
p1_negative_patience,48,last_90d,3.44,0.05,65.9,25.83,2,1497.3,526.1,100.0,9,38
p1_negative_patience,72,full,15.34,0.67,23.1,42.32,50,1490.3,520.5,100.0,7,40
p1_negative_patience,72,last_90d,3.44,0.05,65.9,25.83,2,1490.3,520.5,100.0,7,40
p1_negative_patience,120,full,15.35,0.7,22.1,42.39,49,1522.7,516.5,100.0,7,39
p1_negative_patience,120,last_90d,3.44,0.05,65.9,25.83,2,1522.7,516.5,100.0,7,39
p1_negative_patience,240,full,15.02,0.87,17.2,42.97,50,1494.7,521.4,100.0,8,39
p1_negative_patience,240,last_90d,3.44,0.05,65.9,25.83,2,1494.7,521.4,100.0,8,39
p1_negative_patience,720,full,15.26,0.88,17.3,42.05,49,1529.9,516.5,100.0,7,39
p1_negative_patience,720,last_90d,3.44,0.05,65.9,25.83,2,1529.9,516.5,100.0,7,39
p2_exit_threshold,-0.05,full,14.18,0.66,21.4,40.72,64,1181.7,595.2,100.0,7,54
p2_exit_threshold,-0.05,last_90d,2.64,0.06,47.7,14.92,5,1181.7,595.2,100.0,7,54
p2_exit_threshold,-0.1,full,15.34,0.67,23.1,42.32,50,1490.3,520.5,100.0,7,40
p2_exit_threshold,-0.1,last_90d,3.44,0.05,65.9,25.83,2,1490.3,520.5,100.0,7,40
p2_exit_threshold,-0.2,full,13.88,0.55,25.0,46.76,30,2295.0,553.7,100.0,6,21
p2_exit_threshold,-0.2,last_90d,3.22,0.05,69.7,30.54,1,2295.0,553.7,100.0,6,21
p2_exit_threshold,-0.3,full,13.74,0.4,34.5,52.21,23,2710.9,523.5,99.4,6,14
p2_exit_threshold,-0.3,last_90d,3.43,0.05,74.9,35.74,0,2710.9,523.5,100.0,6,14
