fundingTime,fundingRate
1717200000000,0.0004
1717228800008,0.0004
1717257600000,0.0004
1717286400000,0.0004
1717315200013,0.0004
1717344000000,0.0004
1717372800004,0.0004
1717401600000,0.0004
1717430400002,0.0004
1717459200010,0.0004
1717488000001,0.0004
1717516800001,0.0004
1717545600000,0.0004
1717574400002,0.0004
1717603200000,0.0004
1717632000000,0.0004
1717660800010,0.0004
1717689600000,0.0004
1717718400009,0.0004
1717747200009,0.0004
1717776000000,0.0004
1717804800005,0.0004
1717833600006,0.0004
1717862400013,0.0004
1717891200007,0.0004
1717920000000,0.0004
1717948800005,0.0004
1717977600001,0.0004
1718006400000,0.0004
1718035200001,0.0004
1718064000000,0.0004
1718092800009,0.0004
1718121600001,0.0004
1718150400003,0.0004
1718179200009,0.0004
1718208000000,0.0004
1718236800000,0.0004
1718265600006,0.0004
1718294400000,0.0004
1718323200000,0.0004
1718352000003,0.0004
1718380800000,0.0004
1718409600000,0.0004
1718438400010,0.0004
1718467200003,0.0004
1718496000010,0.0004
1718524800004,0.0004
1718553600000,0.0004
1718582400003,0.0004
1718611200000,0.0004
1718640000002,0.0004
1718668800010,0.0004
1718697600000,0.0004
1718726400000,0.0004
1718755200001,0.0004
1718784000009,0.0004
1718812800001,0.0004
1718841600001,0.0004
1718870400006,0.0004
1718899200000,0.0004
1718928000011,0.0004
1718956800003,0.0004
1718985600000,0.00030975
1719014400000,0.0003733
1719043200000,0.00024521
1719072000002,0.00032849
1719100800002,0.00026418
1719129600000,0.00031129
1719158400000,0.00032644
1719187200000,0.0004
1719216000009,0.00038039
1719244800001,0.00025996
1719273600006,0.0004
1719302400005,0.00030059
1719331200001,0.00037724
1719360000008,0.00034628
1719388800000,0.00036381
1719417600000,0.00033845
1719446400002,0.0004
1719475200002,0.0004
1719504000000,0.0004
1719532800016,0.00031447
1719561600021,0.00039818
1719590400000,0.0004
1719619200000,0.0004
1719648000000,0.0004
1719676800020,0.0004
1719705600031,0.0004
1719734400016,0.0004
1719763200004,0.0004
1719792000000,0.0004
1719820800000,0.00032356
1719849600010,0.0004
1719878400004,0.0004
1719907200008,0.0002746
1719936000010,0.00020527
1719964800005,0.00029002
1719993600005,0.0004
1720022400000,0.0004
1720051200011,0.0004
1720080000000,0.0004
1720108800017,0.0004
1720137600006,0.0004
1720166400006,0.0001
1720195200000,0.0001
1720224000000,0.0001
1720252800001,0.0001
1720281600000,0.0001
1720310400000,-5.122e-05
1720339200006,0.0001
1720368000005,0.0001
1720396800011,0.0001
1720425600011,0.0001
1720454400014,0.0001
1720483200010,0.0001
1720512000002,0.0001
1720540800000,0.0001
1720569600001,0.0001
1720598400000,0.0001
1720627200001,-0.0002503
1720656000007,0.0001
1720684800000,0.0001
1720713600001,0.0001
1720742400000,0.0001
1720771200005,0.0001
1720800000000,0.0001
1720828800003,0.0001
1720857600013,0.0001
1720886400018,0.0001
1720915200000,0.0001
1720944000009,0.0001
1720972800000,0.0001
1721001600000,0.0001
1721030400003,0.0001
1721059200000,0.0001
1721088000000,-0.00013637
1721116800002,0.0001
1721145600000,2.711e-05
1721174400003,0.0001
1721203200000,0.0001
1721232000000,0.0001
1721260800000,0.0001
1721289600010,0.0001
1721318400000,0.0001
1721347200003,0.0001
1721376000003,0.0001
1721404800006,6.953e-05
1721433600012,0.0001
1721462400000,0.0001
1721491200009,0.0001
1721520000000,0.0001
1721548800009,0.0001
1721577600015,0.0001
1721606400004,0.0001
1721635200003,0.0001
1721664000003,0.0001
1721692800000,0.0001
1721721600004,0.0001
1721750400000,0.0001
1721779200000,0.0001
1721808000010,0.0001
1721836800002,0.0001
1721865600000,0.0001
1721894400000,0.0001
1721923200000,0.0001
1721952000011,0.0001
1721980800000,0.0001
1722009600000,0.0001
1722038400006,0.0001
1722067200000,0.0001
1722096000002,0.0001
1722124800016,0.0001
1722153600010,0.0001
1722182400011,0.0001
1722211200000,0.0001
1722240000000,0.0001
1722268800008,0.0001
1722297600000,0.0001
1722326400001,0.0001
1722355200024,0.0001
1722384000000,0.0001
1722412800003,0.0001
1722441600000,0.0001
1722470400004,0.0001
1722499200010,0.0001
1722528000005,0.0001
1722556800000,0.0001
1722585600000,0.0001
1722614400019,0.0001
1722643200000,0.0001
1722672000007,0.0001
1722700800015,0.0001
1722729600000,0.0001
1722758400011,0.0001
1722787200000,0.0001
1722816000000,0.0001
1722844800002,0.0001
1722873600000,0.0001
1722902400000,0.0001
1722931200002,0.0001
1722960000005,0.0001
1722988800003,0.0001
1723017600021,0.0001
1723046400010,0.0001
1723075200000,0.0001
1723104000014,0.0001
1723132800044,0.0001
1723161600009,0.0001
1723190400013,0.0001
1723219200000,0.0001
1723248000001,0.0001
1723276800004,0.0001
1723305600000,0.0001
1723334400013,0.0001
1723363200000,0.0001
1723392000002,0.0001
1723420800000,0.0001
1723449600000,0.0001
1723478400002,0.0001
1723507200008,0.0001
1723536000001,0.0001
1723564800000,0.0001
1723593600003,0.0001
1723622400000,0.0001
1723651200003,0.0001
1723680000000,0.0001
1723708800000,0.0001
1723737600006,0.0001
1723766400003,0.0001
1723795200000,0.0001
1723824000004,0.0001
1723852800000,0.0001
1723881600000,0.0001
1723910400000,0.0001
1723939200002,0.0001
1723968000010,0.0001
1723996800003,0.0001
1724025600000,0.0001
1724054400000,0.0001
1724083200000,0.0001
1724112000000,0.0001
1724140800003,0.0001
1724169600009,0.0001
1724198400000,0.0001
1724227200002,0.0001
1724256000000,0.0001
1724284800005,0.0001
1724313600002,0.0001
1724342400000,0.0001
1724371200001,0.0001
1724400000006,0.0001
1724428800007,0.0001
1724457600001,0.0001
1724486400001,0.0001
1724515200007,0.0001
1724544000003,0.0001
1724572800010,0.0001
1724601600002,0.0001
1724630400000,0.0001
1724659200022,0.0001
1724688000000,0.0001
1724716800002,0.0001
1724745600000,0.0001
1724774400000,0.0001
1724803200007,0.0001
1724832000000,0.0001
1724860800000,0.0001
1724889600007,0.0001
1724918400000,0.0001
1724947200004,0.0001
1724976000009,0.0001
1725004800007,0.0001
1725033600000,0.0001
1725062400007,0.0001
1725091200010,0.0001
1725120000012,0.0001
1725148800018,0.0001
1725177600016,0.0001
1725206400001,0.0001
1725235200000,0.0001
1725264000007,0.0001
1725292800003,0.0001
1725321600013,0.0001
1725350400008,0.0001
1725379200000,0.0001
1725408000002,0.0001
1725436800001,0.0001
1725465600002,0.0001
1725494400000,0.0001
1725523200000,0.0001
1725552000005,0.0001
1725580800005,0.0001
1725609600002,0.0001
1725638400000,0.0001
1725667200000,0.0001
1725696000005,0.0001
1725724800009,0.0001
1725753600000,0.0001
1725782400005,0.0001
1725811200003,0.0001
1725840000003,0.0001
1725868800010,0.0001
1725897600000,0.0001
1725926400004,0.0001
1725955200000,0.0001
1725984000000,0.0001
1726012800006,0.0001
1726041600000,0.0001
1726070400000,0.0001
1726099200006,0.0001
1726128000001,0.0001
1726156800000,0.0001
1726185600000,0.0001
1726214400000,0.0001
1726243200000,0.0001
1726272000002,0.0001
1726300800001,0.0001
1726329600008,0.0001
1726358400003,0.0001
1726387200004,0.0001
1726416000000,0.0001
1726444800000,0.0001
1726473600012,0.0001
1726502400000,0.0001
1726531200012,0.0001
1726560000000,0.0001
1726588800017,0.0001
1726617600016,0.0001
1726646400002,0.0001
1726675200000,0.0001
1726704000000,0.0001
1726732800001,0.0001
1726761600000,0.0001
1726790400000,0.0001
1726819200001,0.0001
1726848000000,0.0001
1726876800000,0.0001
1726905600000,0.0001
1726934400000,0.0001
1726963200001,0.0001
1726992000000,0.0001
1727020800000,0.0001
1727049600000,0.0001
1727078400000,0.0001
1727107200002,0.0001
1727136000002,0.0001
1727164800005,0.0001
1727193600000,0.0001
1727222400000,0.0001
1727251200000,0.0001
1727280000000,0.0001
1727308800000,0.0001
1727337600000,0.0001
1727366400010,0.0001
1727395200006,0.0001
1727424000000,0.0001
1727452800000,0.0001
1727481600000,0.0001
1727510400000,0.0001
1727539200001,0.0001
1727568000000,0.0001
1727596800000,0.0001
1727625600001,0.0001
1727654400000,0.0001
1727683200000,0.0001
1727712000000,0.0001
1727740800000,0.0001
1727769600000,0.0001
1727798400000,0.0001
1727827200000,0.0001
1727856000000,0.0001
1727884800003,0.0001
1727913600000,0.0001
1727942400004,0.0001
1727971200000,0.0001
1728000000000,0.00010863
1728028800003,0.00013296
1728057600000,0.0001
1728086400000,0.0001
1728115200000,0.0001
1728144000000,0.0001
1728172800000,0.0001
1728201600000,0.0001
1728230400003,0.0001
1728259200000,0.0001
1728288000000,0.0001
1728316800005,0.0001
1728345600000,0.0001
1728374400000,0.0001
1728403200000,0.0001
1728432000000,0.0001
1728460800000,0.0001
1728489600000,0.0001
1728518400000,0.0001
1728547200000,0.0001
1728576000000,0.0001
1728604800000,0.0001
1728633600000,0.0001
1728662400000,0.0001
1728691200000,0.0001
1728720000000,0.0001
1728748800002,0.0001
1728777600000,0.0001
1728806400000,0.0001
1728835200000,0.0001
1728892800001,0.0001
1728921600000,0.0001
1728950400000,0.0001
1728979200000,0.0001
1729008000000,0.0001
1729036800000,0.0001
1729065600000,0.0001
1729094400001,-6.21e-06
1729123200000,-0.0006923
1729152000000,-2.46e-05
1729180800000,0.0001
1729209600000,0.0001
1729238400000,3.745e-05
1729267200002,0.0001
1729296000000,0.0001
1729324800000,0.0001
1729353600000,0.0001
1729382400000,0.0001
1729411200000,0.0001
1729440000000,0.0001
1729468800001,0.0001
1729497600000,0.0001
1729526400000,0.0001
1729555200000,0.0001
1729584000000,0.0001
1729612800004,0.0001
1729641600000,0.0001
1729670400000,0.0001
1729699200000,0.0001
1729728000005,0.0001
1729756800000,0.0001
1729785600000,0.0001
1729814400000,0.0001
1729843200001,0.0001
1729872000001,0.0001
1729900800005,0.0001
1729929600000,0.0001
1729958400002,0.0001
1729987200000,0.0001
1730016000000,0.0001
1730044800000,0.0001
1730073600001,0.0001
1730102400000,0.0001
1730131200000,0.0001
1730160000000,0.0001
1730188800001,0.0001
1730217600000,0.0001
1730246400000,0.0001
1730275200000,0.0001
1730304000000,0.0001
1730332800000,0.0001
1730361600000,0.0001
1730390400001,0.0001
1730419200000,0.00020198
1730448000000,0.00025462
1730476800000,0.0001
1730505600000,0.00031603
1730534400000,0.00028733
1730563200002,0.00030623
1730592000003,0.00024393
1730620800001,0.00033148
1730649600001,0.00042642
1730678400000,0.000397
1730707200000,0.0005807
1730736000000,0.00049258
1730764800000,0.00044967
1730793600000,0.00031243
1730822400001,0.00018582
1730851200000,0.00045312
1730880000000,0.00063866
1730908800000,0.00052678
1730937600000,0.00062981
1730966400000,0.0006999
1730995200000,0.00027308
1731024000000,0.00045984
1731052800000,0.0001
1731081600002,0.00060127
1731110400000,0.0006932
1731139200000,0.0001
1731168000000,0.00017749
1731196800000,0.0004171
1731225600001,0.00102438
1731254400001,0.0005156
1731283200004,0.00085066
1731312000000,0.0002451
1731340800000,0.00038541
1731369600001,0.00040179
1731398400000,0.00051343
1731427200005,0.00040454
1731456000003,0.0001
1731484800000,0.0001
1731513600000,0.00013531
1731542400000,0.00117584
1731571200000,0.00109096
1731600000000,0.0001
1731628800002,0.0001
1731657600000,0.0001
1731686400000,0.0001
1731715200000,0.0001
1731744000000,0.0001
1731772800000,0.00055643
1731801600000,0.00066338
1731830400000,0.0001
1731859200004,0.0001
1731888000000,0.0001
1731916800000,0.0001
1731945600000,0.0001
1731974400002,0.00097671
1732003200000,0.00053447
1732032000000,0.00055487
1732060800001,0.00069508
1732089600000,0.00075869
1732118400000,0.00024232
1732147200002,0.0002007
1732176000000,0.00082895
1732204800001,0.00130079
1732233600001,0.00165883
1732262400001,0.00091001
1732291200000,0.001476
1732320000000,0.00109138
1732348800000,0.00068754
1732377600000,0.00064011
1732406400000,0.00020244
1732435200000,0.00188179
1732464000000,0.00201836
1732492800000,0.00192311
1732521600000,0.00195529
1732550400000,0.0005689
1732579200001,0.00065615
1732608000001,0.0001
1732636800000,0.0001
1732665600000,0.00059597
1732694400000,0.00069135
1732723200000,0.00047695
1732752000000,0.00038466
1732780800000,0.00115037
1732809600001,0.00114116
1732838400000,0.00096322
1732867200000,0.00109672
1732896000000,0.00106775
1732924800003,0.00112478
1732953600000,0.00146139
1732982400000,0.00148454
1733011200000,0.00122191
1733040000000,0.00113436
1733068800000,0.00123486
1733097600000,0.00134172
1733126400000,0.00133506
1733155200000,0.00144761
1733184000002,0.00129113
1733212800002,0.00143787
1733241600000,0.00103312
1733270400000,0.0001
1733299200000,0.0001
1733328000000,0.0001
1733356800001,0.0002896
1733385600000,0.00138725
1733414400001,0.0014879
1733443200000,0.00082554
1733472000000,0.00037474
1733500800000,0.00015975
1733529600000,0.00050855
1733558400001,0.00011952
1733587200000,0.00034633
1733616000001,0.00044821
1733644800000,0.0001
1733673600000,0.00083565
1733702400000,0.0007879
1733731200000,0.00069454
1733760000000,0.00051339
1733788800000,0.0001
1733817600000,0.0001
1733846400000,0.0001
1733875200033,0.0001
1733904000000,0.0001
1733932800000,0.0001
1733961600000,0.00034343
1733990400000,0.00035638
1734019200000,0.00029375
1734048000000,0.00030318
1734076800005,0.00023606
1734105600000,0.00036529
1734134400002,0.00045302
1734163200000,0.00036893
1734192000000,0.00045979
1734220800000,0.00038465
1734249600000,0.00043368
1734278400000,0.00043255
1734307200000,0.00063215
1734336000000,0.00062108
1734364800000,0.00058953
1734393600000,0.00061927
1734422400000,0.0001
1734451200000,0.0001
1734480000000,0.0001
1734508800000,0.00010153
1734537600000,0.00020968
1734566400000,0.0001
1734595200000,0.00021818
1734624000001,0.0001
1734652800000,0.0001
1734681600000,0.0001
1734710400000,0.0001
1734739200000,0.0001
1734768000000,0.0001
1734796800000,0.0001
1734825600000,0.0001
1734854400000,0.00017722
1734883200000,0.00011895
1734912000000,0.0001
1734940800000,0.0001
1734969600000,0.0001
1734998400000,0.00011647
1735027200000,0.0001
1735056000000,0.0001
1735084800000,0.0001
1735113600000,0.0001
1735142400000,0.00010197
1735171200000,0.00011028
1735200000000,0.00016536
1735228800000,0.0001
1735257600000,0.0001
1735286400000,0.0001
1735315200000,0.0001
1735344000000,0.0001
1735372800000,0.0001
1735401600000,0.0001
1735430400000,0.0001
1735459200000,0.0001
1735488000001,0.0001
1735516800000,0.0001
1735545600000,0.0001
1735574400000,0.0001
1735603200000,0.0001
1735632000000,0.0001
1735660800000,0.0001
1735689600000,0.0001
1735718400000,0.0001
1735747200000,0.0001
1735776000001,0.0001
1735804800000,0.0001
1735833600000,0.00019729
1735862400000,0.0001855
1735891200000,0.00014108
1735920000000,0.00012237
1735948800000,0.00025171
1735977600000,0.00040931
1736006400000,0.00044367
1736035200000,0.00032962
1736064000000,0.00033183
1736092800000,0.00056566
1736121600000,0.00045877
1736150400000,0.00035371
1736179200000,0.00027086
1736208000000,0.0001936
1736236800000,0.00031876
1736265600000,0.00031934
1736294400000,0.0001
1736323200000,0.0001
1736352000000,0.0001
1736380800000,0.0001
1736409600000,0.0001
1736438400001,0.0001
1736467200000,0.0001
1736496000001,0.0001
1736524800000,0.0001
1736553600000,0.0001
1736582400000,0.0001
1736611200000,0.0001
1736640000000,0.0001
1736668800000,0.0001
1736697600000,0.0001
1736726400000,0.0001
1736755200000,0.0001
1736784000000,0.0001
1736812800000,0.0001
1736841600000,0.0001
1736870400001,0.0001
1736899200000,0.0001
1736928000000,0.0001
1736956800000,0.0001
1736985600000,0.0001
1737014400000,0.0001
1737043200000,0.0001
1737072000000,0.0001
1737100800000,0.0001
1737129600000,0.0001
1737158400000,0.0001
1737187200000,0.0001
1737216000000,0.0001
1737244800000,0.0001
1737273600000,0.0001
1737302400000,0.0001
1737331200000,0.0001
1737360000000,0.0001
1737388800000,0.00017744
1737417600000,0.0001
1737446400001,0.00030215
1737475200000,0.00010466
1737504000000,0.0001
1737532800000,0.0001
1737561600000,0.0001
1737590400000,0.00032094
1737619200000,0.0001
1737648000000,0.0001
1737676800000,0.0001
1737705600000,0.0001
1737734400000,0.00509027
1737763200000,0.01491448
1737792000000,0.00104376
1737820800001,0.00069657
1737849600000,0.00081037
1737878400000,0.00063964
1737907200001,0.00051645
1737936000001,0.00085199
1737964800000,0.00053874
1737993600000,0.0001
1738022400000,0.0001
1738051200000,0.0001
1738080000000,0.0001
1738108800000,0.0001
1738137600000,0.0001
1738166400000,0.0001
1738195200001,0.0001
1738224000000,0.0001
1738252800000,0.00014259
1738281600000,0.0001
1738310400000,0.0001
1738339200000,0.00011466
1738368000000,0.0001
1738396800001,0.00030772
1738425600000,0.00015026
1738454400000,0.0001
1738483200000,0.0001
1738512000001,0.0001
1738540800000,0.0001
1738569600001,0.0001
1738598400000,0.0001
1738627200001,0.0001
1738656000000,0.0001
1738684800000,0.0001
1738713600000,0.0001
1738742400002,0.0001
1738771200000,0.0001
1738800000000,0.0001
1738828800000,0.0001
1738857600001,0.0001
1738886400000,0.0001
1738915200000,0.0001
1738944000000,0.0001
1738972800000,0.0001
1739001600000,0.0001
1739030400001,0.0001
1739059200000,0.0001
1739088000000,0.0001
1739116800000,0.0001
1739145600000,0.0001
1739174400001,0.0001
1739203200001,0.0001
1739232000000,0.0001
1739260800000,0.0001
1739289600000,0.0001
1739318400000,0.0001
1739347200000,0.0001
1739376000001,0.0001
1739404800000,0.0001
1739433600000,0.0001
1739462400000,0.0001
1739491200000,0.0001
1739520000000,0.0001
1739548800000,0.0001
1739577600000,0.0001
1739606400000,0.0001
1739635200000,0.0001
1739664000000,0.0001
1739692800000,0.0001
1739721600000,0.0001
1739750400000,0.0001
1739779200000,0.0001
1739808000000,0.0001
1739836800000,0.0001
1739865600000,0.0001
1739894400000,0.0001
1739923200000,0.0001
1739952000000,0.0001
1739980800000,0.0001
1740009600000,0.0001
1740038400000,0.0001
1740067200001,0.0001
1740096000000,0.0001
1740124800001,0.0001
1740153600000,0.0001
1740182400000,0.0001
1740211200000,0.0001
1740240000000,0.0001
1740268800000,0.0001
1740297600000,0.0001
1740326400000,0.0001
1740355200000,0.0001
1740384000000,0.0001
1740412800000,0.0001
1740441600000,0.0001
1740470400000,0.0001
1740499200000,0.0001
1740528000000,0.0001
1740556800000,0.0001
1740585600000,0.0001
1740614400000,0.0001
1740643200000,0.0001
1740672000000,0.0001
1740700800000,0.0001
1740729600000,0.0001
1740758400000,0.0001
1740787200001,0.0001
1740816000000,0.0001
1740844800000,0.0001
1740873600000,0.0001
1740902400000,0.0001
1740931200000,0.0001
1740960000000,0.0001
1740988800000,0.0001
1741017600000,0.0001
1741046400000,0.0001
1741075200000,0.0001
1741104000000,0.0001
1741132800000,0.0001
1741161600000,0.0001
1741190400000,0.0001
1741219200001,0.0001
1741248000000,0.0001
1741276800000,0.0001
1741305600000,0.0001
1741334400000,0.0001
1741363200000,0.0001
1741392000000,0.0001
1741420800000,0.0001
1741449600000,0.0001
1741478400000,0.0001
1741507200000,0.0001
1741536000000,0.0001
1741564800001,0.0001
1741593600000,0.0001
1741622400000,0.0001
1741651200000,0.0001
1741680000000,0.0001
1741708800000,0.0001
1741737600000,0.0001
1741766400000,0.0001
1741795200001,0.0001
1741824000000,0.0001
1741852800000,0.0001
1741881600000,0.0001
1741910400000,0.0001
1741939200000,0.0001
1741968000000,0.0001
1741996800000,0.0001
1742025600000,0.0001
1742054400000,0.0001
1742083200000,0.0001
1742112000000,0.0001
1742140800000,0.0001
1742169600000,0.0001
1742198400000,0.0001
1742227200000,0.0001
1742256000000,0.0001
1742284800001,0.0001
1742313600000,0.0001
1742342400000,0.0001
1742371200000,0.0001
1742400000000,0.0001
1742428800000,0.0001
1742457600000,0.0001
1742486400000,0.0001
1742515200000,0.0001
1742544000001,0.0001
1742572800000,0.0001
1742601600000,0.0001
1742630400000,0.0001
1742659200000,0.0001
1742688000000,0.0001
1742716800000,0.0001
1742745600000,0.0001
1742774400000,0.0001
1742803200001,0.0001
1742832000000,0.0001
1742860800000,0.0001
1742889600000,0.0001
1742918400000,0.0001
1742947200000,0.0001
1742976000000,0.0001
1743004800000,0.0001
1743033600000,0.0001
1743062400000,0.0001
1743091200000,0.0001
1743120000000,0.0001
1743148800000,0.0001
1743177600000,0.0001
1743206400000,0.0001
1743235200000,0.0001
1743264000000,0.0001
1743292800000,2.52e-05
1743321600000,-0.00012066
1743350400001,8.232e-05
1743379200000,3.773e-05
1743408000000,0.0001
1743436800000,0.0001
1743465600000,0.0001
1743494400000,0.0001
1743523200000,0.0001
1743552000000,0.0001
1743580800000,0.0001
1743609600000,0.0001
1743638400000,0.0001
1743667200000,0.0001
1743696000000,0.0001
1743724800000,-0.00016087
1743753600000,2.737e-05
1743782400000,7.777e-05
1743811200001,5.439e-05
1743840000000,0.0001
1743868800001,3.031e-05
1743897600000,-3.726e-05
1743926400000,0.0001
1743955200000,-4.299e-05
1743984000000,3.796e-05
1744012800000,9.963e-05
1744041600000,0.0001
1744070400000,-9.745e-05
1744099200000,-2.845e-05
1744128000000,-0.00018811
1744156800000,-6.3e-05
1744185600000,-5.664e-05
1744214400000,7.912e-05
1744243200000,0.0001
1744272000000,0.0001
1744300800000,4.927e-05
1744329600000,-5.899e-05
1744358400000,3.267e-05
1744387200000,0.0001
1744416000000,0.0001
1744444800000,2.318e-05
1744473600000,7.499e-05
1744502400000,4.974e-05
1744531200000,0.0001
1744560000000,0.0001
1744588800000,0.0001
1744617600000,5.599e-05
1744646400000,-1.345e-05
1744675200000,-4.731e-05
1744704000001,-0.0001105
1744732800000,0.0001
1744761600000,-6.33e-06
1744790400000,5.299e-05
1744819200000,3.897e-05
1744848000000,0.0001
1744876800000,0.0001
1744905600000,8.992e-05
1744934400000,7.418e-05
1744963200000,5.116e-05
1744992000000,2.412e-05
1745020800000,-2.27e-05
1745049600000,7e-07
1745078400000,-6.649e-05
1745107200001,-3.351e-05
1745136000000,-0.00011017
1745164800000,-7.261e-05
1745193600000,-0.00015974
1745222400000,-8.047e-05
1745251200000,0.0001
1745280000000,-0.00018239
1745308800000,0.0001
1745337600000,0.0001
1745366400000,0.0001
1745395200000,-2.97e-06
1745424000000,0.0001
1745452800001,0.0001
1745481600000,0.0001
1745510400000,0.0001
1745539200000,0.0001
1745568000000,0.0001
1745596800000,6.99e-05
1745625600000,4.436e-05
1745654400000,1.655e-05
1745683200000,-3.948e-05
1745712000000,5.533e-05
1745740800000,-6.359e-05
1745769600000,0.0001
1745798400000,3.452e-05
1745827200000,6.071e-05
1745856000000,-5.139e-05
1745884800000,-9.594e-05
1745913600000,-2.711e-05
1745942400000,7.492e-05
1745971200001,-6.85e-06
1746000000000,3.249e-05
1746028800000,-5.597e-05
1746057600000,9.311e-05
1746086400000,8.622e-05
1746115200000,-1.8e-06
1746144000000,3.929e-05
1746172800000,-3.811e-05
1746201600000,-3.563e-05
1746230400000,-0.000102
1746259200000,-5.71e-06
1746288000000,-8.371e-05
1746316800001,2.313e-05
1746345600000,-1.296e-05
1746374400000,-0.00012319
1746403200000,-5.262e-05
1746432000000,3.038e-05
1746460800000,-6.81e-05
1746489600001,7.054e-05
1746518400000,-3.052e-05
1746547200000,5.68e-06
1746576000000,0.0001
1746604800000,4.314e-05
1746633600000,0.0001
1746662400000,4.268e-05
1746691200000,7.226e-05
1746720000000,0.0001
1746748800000,0.0001
1746777600000,0.0001
1746806400000,0.0001
1746835200000,0.0001
1746864000000,0.0001
1746892800001,0.0001
1746921600000,0.0001
1746950400001,0.0001
1746979200000,0.0001
1747008000000,0.0001
1747036800000,0.0001
1747065600000,0.0001
1747094400000,0.0001
1747123200000,0.0001
1747152000000,0.0001
1747180800000,0.0001
1747209600000,0.0001
1747238400001,0.0001
1747267200000,4.371e-05
1747296000001,0.0001
1747324800001,0.0001
1747353600000,8.732e-05
1747382400000,0.0001
1747411200000,0.0001
1747440000000,0.0001
1747468800000,0.0001
1747497600000,0.0001
1747526400000,0.0001
1747555200001,0.0001
1747584000000,0.0001
1747612800002,0.0001
1747641600000,0.0001
1747670400000,3.151e-05
1747699200000,0.0001
1747728000002,0.0001
1747756800000,0.0001
1747785600001,0.0001
1747814400000,0.0001
1747843200000,0.0001
1747872000000,8.25e-05
1747900800001,0.0001
1747929600000,0.0001
1747958400000,7.984e-05
1747987200000,0.0001
1748016000001,0.0001
1748044800000,0.0001
1748073600000,0.0001
1748102400000,0.0001
1748131200000,0.0001
1748160000000,0.0001
1748188800000,9.781e-05
1748217600000,-1.97e-06
1748246400000,1.131e-05
1748275200000,0.0001
1748304000000,4.682e-05
1748332800000,8.572e-05
1748361600000,0.0001
1748390400000,0.0001
1748419200000,9.54e-05
1748448000000,4.004e-05
1748476800000,3.527e-05
1748505600000,0.0001
1748534400000,8.507e-05
1748563200000,0.0001
1748592000000,0.0001
1748620800001,0.0001
1748649600000,0.0001
1748678400000,0.0001
1748707200001,2.048e-05
1748736000000,2.391e-05
1748764800000,1.116e-05
1748793600000,5.804e-05
1748822400000,0.0001
1748851200000,0.0001
1748880000000,0.0001
1748908800000,0.0001
1748937600000,0.0001
1748966400000,7.789e-05
1748995200000,-1.786e-05
1749024000000,6.629e-05
1749052800000,2.685e-05
1749081600000,5.304e-05
1749110400000,5.317e-05
1749139200000,3.562e-05
1749168000002,6.93e-05
1749196800000,-5.469e-05
1749225600001,7.256e-05
1749254400000,0.0001
1749283200000,6.744e-05
1749312000000,6.52e-06
1749340800000,3.992e-05
1749369600000,0.0001
1749398400000,5.764e-05
1749427200000,0.0001
1749456000001,0.0001
1749484800000,0.0001
1749513600001,7.624e-05
1749542400000,0.0001
1749571200000,3.137e-05
1749600000000,0.0001
1749628800004,0.0001
1749657600000,0.0001
1749686400001,0.0001
1749715200001,0.0001
1749744000000,6.19e-05
1749772800000,5.845e-05
1749801600001,9.86e-06
1749830400000,5.797e-05
1749859200000,0.0001
1749888000000,0.0001
1749916800002,9.789e-05
1749945600001,-5.15e-06
1749974400000,0.0001
1750003200000,0.0001
1750032000000,0.0001
1750060800000,0.0001
1750089600000,2.562e-05
1750118400000,8.89e-05
1750147200000,0.0001
1750176000000,0.0001
1750204800000,0.0001
1750233600000,5.625e-05
1750262400000,1.642e-05
1750291200001,3.74e-05
1750320000001,3.126e-05
1750348800000,0.0001
1750377600000,9.259e-05
1750406400001,5.642e-05
1750435200000,6.216e-05
1750464000000,5.62e-06
1750492800000,-2.867e-05
1750521600000,3.285e-05
1750550400001,7.229e-05
1750579200001,7.624e-05
1750608000000,0.0001
1750636800001,0.0001
1750665600000,0.0001
1750694400000,0.0001
1750723200000,0.0001
1750752000001,5.909e-05
1750780800000,0.0001
1750809600001,5.776e-05
1750838400000,0.0001
1750867200000,0.0001
1750896000000,0.0001
1750924800001,0.0001
1750953600000,2.923e-05
1750982400000,2.131e-05
1751011200000,0.0001
1751040000000,7.49e-05
1751068800000,0.0001
1751097600001,0.0001
1751126400000,0.0001
1751155200000,0.0001
1751184000000,0.0001
1751212800000,0.0001
1751241600000,0.0001
1751270400000,9.576e-05
1751299200001,8.234e-05
1751328000002,0.0001
1751356800000,0.0001
1751385600000,0.0001
1751414400000,4.679e-05
1751443200000,5.242e-05
1751472000000,9.826e-05
1751500800000,0.0001
1751529600001,0.0001
1751558400000,9.639e-05
1751587200000,7.545e-05
1751616000001,0.0001
1751644800001,3.67e-06
1751673600001,-5.425e-05
1751702400000,4.06e-06
1751731200001,1.938e-05
1751760000000,3.563e-05
1751788800000,-1.681e-05
1751817600000,8.675e-05
1751846400001,0.0001
1751875200000,0.0001
1751904000001,9.178e-05
1751932800000,0.0001
1751961600003,5.65e-06
1751990400000,6.071e-05
1752019200000,5.126e-05
1752048000001,4.008e-05
1752076800000,5.317e-05
1752105600001,0.0001
1752134400000,0.0001
1752163200000,0.0001
1752192000000,0.0001
1752220800000,7.786e-05
1752249600000,0.0001
1752278400000,0.0001
1752307200000,0.0001
1752336000000,0.0001
1752364800001,0.0001
1752393600000,0.0001
1752422400000,0.0001
1752451200000,0.0001
1752480000000,0.0001
1752508800000,0.0001
1752537600000,0.0001
1752566400000,3.582e-05
1752595200000,0.0001
1752624000001,0.0001
1752652800001,0.0001
1752681600000,0.0001
1752710400001,0.0001
1752739200001,0.0001
1752768000000,0.0001
1752796800001,0.0001
1752825600000,0.0001
1752854400001,0.0001
1752883200000,0.0001
1752912000000,0.0001
1752940800001,0.0001
1752969600000,0.0001
1752998400000,0.0001
1753027200000,0.0001
1753056000000,0.0001
1753084800000,0.0001
1753113600000,0.0001
1753142400000,0.0001
1753171200001,0.0001
1753200000000,0.0001
1753228800000,0.0001
1753257600001,0.0001
1753286400000,0.0001
1753315200000,0.0001
1753344000001,0.0001
1753372800000,0.0001
1753401600000,0.0001
1753430400000,0.0001
1753459200001,0.0001
1753488000000,0.0001
1753516800003,0.0001
1753545600001,0.0001
1753574400000,0.0001
1753603200000,0.0001
1753632000001,0.0001
1753660800002,0.0001
1753689600000,0.0001
1753718400000,0.0001
1753747200000,3.138e-05
1753776000002,7.179e-05
1753804800000,0.0001
1753833600001,7.41e-05
1753862400001,0.0001
1753891200000,1.74e-06
1753920000001,1.809e-05
1753948800000,3.892e-05
1753977600001,2.584e-05
1754006400002,7.598e-05
1754035200000,-1.36e-06
1754064000000,5.335e-05
1754092800000,-2.469e-05
1754121600000,4.754e-05
1754150400000,6.399e-05
1754179200000,-8.254e-05
1754208000000,-4.103e-05
1754236800000,-6.478e-05
1754265600000,-0.00014073
1754294400000,-3.157e-05
1754323200000,-5.907e-05
1754352000000,-2.791e-05
1754380800001,-7.42e-06
1754409600000,-3.876e-05
1754438400001,-5.997e-05
1754467200000,-2.262e-05
1754496000001,2.373e-05
1754524800000,0.0001
1754553600000,3.022e-05
1754582400001,4.562e-05
1754611200000,6.596e-05
1754640000000,1.345e-05
1754668800000,3.462e-05
1754697600001,0.0001
1754726400000,8.991e-05
1754755200000,9.306e-05
1754784000000,0.0001
1754812800000,0.0001
1754841600000,0.0001
1754870400000,9.558e-05
1754899200000,0.0001
1754928000000,3.786e-05
1754956800000,5.62e-06
1754985600000,1.442e-05
1755014400001,-1.815e-05
1755043200001,0.0001
1755072000000,0.0001
1755100800000,0.0001
1755129600000,0.0001
1755158400000,0.00025695
1755187200001,0.0001
1755216000001,0.0001
1755244800001,0.0001
1755273600000,0.0001
1755302400000,0.0001
1755331200001,0.0001
1755360000002,0.0001
1755388800000,0.0001
1755417600000,0.0001
1755446400002,0.0001
1755475200000,0.0001
1755504000000,2.101e-05
1755532800000,-3.446e-05
1755561600000,5.51e-06
1755590400001,7.946e-05
1755619200000,9.41e-05
1755648000000,4.276e-05
1755676800000,9.537e-05
1755705600001,0.0001
1755734400000,0.0001
1755763200000,0.0001
1755792000000,7.669e-05
1755820800000,7.223e-05
1755849600000,0.0001
1755878400000,0.0001
1755907200000,0.0001
1755936000000,0.0001
1755964800000,0.0001
1755993600000,0.0001
1756022400001,0.0001
1756051200000,0.0001
1756080000000,0.0001
1756108800000,0.0001
1756137600000,0.0001
1756166400002,7.114e-05
1756195200002,1.708e-05
1756224000000,5.239e-05
1756252800000,0.0001
1756281600000,0.0001
1756310400000,0.0001
1756339200001,0.0001
1756368000000,0.0001
1756396800000,0.0001
1756425600000,0.0001
1756454400001,0.0001
1756483200000,0.0001
1756512000000,3.211e-05
1756540800000,5.01e-05
1756569600000,2.944e-05
1756598400000,2.631e-05
1756627200000,0.0001
1756656000000,0.0001
1756684800000,0.0001
1756713600000,4.176e-05
1756742400000,4.904e-05
1756771200003,6.076e-05
1756800000000,0.0001
1756828800002,0.0001
1756857600000,0.0001
1756886400001,0.0001
1756915200000,8.469e-05
1756944000000,0.0001
1756972800000,0.0001
1757001600000,0.0001
1757030400000,3.556e-05
1757059200003,5.343e-05
1757088000000,5.534e-05
1757116800002,0.0001
1757145600000,0.0001
1757174400000,9.992e-05
1757203200000,3.53e-05
1757232000005,6.645e-05
1757260800001,1.998e-05
1757289600000,0.0001
1757318400000,0.0001
1757347200008,0.0001
1757376000000,7.641e-05
1757404800008,0.0001
1757433600000,0.0001
1757462400004,7.253e-05
1757491200001,0.0001
1757520000000,9.898e-05
1757548800000,2.468e-05
1757577600000,-3.515e-05
1757606400001,8.52e-05
1757635200001,0.0
1757664000000,-7.22e-06
1757692800000,6.992e-05
1757721600001,3.2e-06
1757750400001,9.693e-05
1757779200001,8.822e-05
1757808000001,1.362e-05
1757836800001,0.0001
1757865600002,6.409e-05
1757894400001,0.0001
1757923200000,0.0001
1757952000001,9.254e-05
1757980800000,0.0001
1758009600000,6.147e-05
1758038400000,0.0001
1758067200000,5.62e-05
1758096000000,0.0001
1758124800000,0.0001
1758153600000,9.957e-05
1758182400000,0.0001
1758211200000,0.0001
1758240000001,0.0001
1758268800000,0.0001
1758297600001,0.0001
1758326400000,0.0001
1758355200000,0.0001
1758384000002,0.0001
1758412800001,0.0001
1758441600000,0.0001
1758470400000,4.623e-05
1758499200001,4.197e-05
1758528000001,0.0001
1758556800001,0.0001
1758585600001,0.0001
1758614400000,0.0001
1758643200008,0.0001
1758672000000,0.0001
1758700800000,0.0001
1758729600000,0.0001
1758758400000,-8.012e-05
1758787200001,6.645e-05
1758816000000,0.0001
1758844800001,0.0001
1758873600000,0.0001
1758902400000,0.0001
1758931200001,0.0001
1758960000002,0.0001
1758988800000,0.0001
1759017600000,0.0001
1759046400000,1.996e-05
1759075200000,6.038e-05
1759104000000,-0.00015302
1759132800000,0.0001
1759161600000,1.709e-05
1759190400000,-1.804e-05
1759219200004,-5.954e-05
1759248000000,-6.34e-06
1759276800000,9.25e-05
1759305600000,0.0001
1759334400002,4.69e-06
1759363200000,6.717e-05
1759392000000,-5.314e-05
1759420800000,6.946e-05
1759449600000,-9.651e-05
1759478400000,6.642e-05
1759507200000,0.0001
1759536000003,0.0001
1759564800001,9.674e-05
1759593600000,4.799e-05
1759622400000,0.0001
1759651200001,8.093e-05
1759680000001,4.9e-07
1759708800000,-9.52e-06
1759737600001,7.757e-05
1759766400000,8.894e-05
1759795200001,0.0001
1759824000000,0.0001
1759852800000,0.0001
1759881600000,0.00051344
1759910400000,0.0001
1759939200001,0.0001
1759968000000,0.00030756
1759996800002,0.0001
1760025600000,0.0001
1760054400001,0.00029982
1760083200000,0.00025258
1760112000000,0.0001
1760140800000,-0.00288246
1760169600000,-0.00118755
1760198400000,-0.00095539
1760227200000,-0.00113497
1760256000000,-0.00103784
1760284800000,-0.00036244
1760313600000,-0.00010049
1760342400000,2.082e-05
1760371200000,6.775e-05
1760400000001,0.0001
1760428800000,1.167e-05
1760457600000,-1.045e-05
1760486400001,0.0001
1760515200000,7.841e-05
1760544000000,6.934e-05
1760572800000,-9.161e-05
1760601600000,0.0001
1760630400000,-9.639e-05
1760659200000,-3.28e-05
1760688000000,3.299e-05
1760716800000,9.449e-05
1760745600000,-5.403e-05
1760774400000,3.221e-05
1760803200000,-6.085e-05
1760832000000,9.898e-05
1760860800006,1.51e-06
1760889600000,6.319e-05
1760918400000,7.945e-05
1760947200016,8.65e-06
1760976000001,-6.097e-05
1761004800008,4.573e-05
1761033600000,-0.00011184
1761062400000,8.377e-05
1761091200000,7.85e-05
1761120000000,-4.124e-05
1761148800000,-1.33e-06
1761177600000,-2.386e-05
1761206400000,2.817e-05
1761235200000,0.0001
1761264000000,7.36e-05
1761292800004,8.573e-05
1761321600001,-1.65e-06
1761350400005,6.688e-05
1761379200000,0.0001
1761408000000,4.295e-05
1761436800004,0.0001
1761465600000,5.785e-05
1761494400001,0.0001
1761523200011,0.0001
1761552000000,0.0001
1761580800000,0.0001
1761609600000,8.403e-05
1761638400000,0.0001
1761667200000,8.12e-06
1761696000001,-9.181e-05
1761724800000,1.101e-05
1761753600001,6.478e-05
1761782400000,4.631e-05
1761811200000,3.078e-05
1761840000006,-0.00015821
1761868800000,-0.00012888
1761897600002,2.9e-05
1761926400000,-4.5e-06
1761955200000,5.53e-06
1761984000000,1.909e-05
1762012800001,-4.075e-05
1762041600001,5.431e-05
1762070400000,3.158e-05
1762099200000,-5.893e-05
1762128000001,3.567e-05
1762156800002,-0.0001396
1762185600000,-0.00012372
1762214400001,-4.658e-05
1762243200002,-0.00012877
1762272000001,-9.56e-06
1762300800000,8.443e-05
1762329600002,-0.00037786
1762358400000,1.556e-05
1762387200000,-5.145e-05
1762416000000,0.0001
1762444800001,0.0001
1762473600000,-1.279e-05
1762502400000,-7.2e-06
1762531200000,3.537e-05
1762560000002,8.984e-05
1762588800007,7.53e-06
1762617600000,8.5e-06
1762646400011,-9.628e-05
1762675200000,-2.403e-05
1762704000000,9.206e-05
1762732800000,0.0001
1762761600001,-0.00010194
1762790400000,-0.00011684
1762819200000,-4.634e-05
1762848000004,-0.00010651
1762876800000,-4.822e-05
1762905600000,4.129e-05
1762934400000,-6.265e-05
1762963200000,-2.229e-05
1762992000003,-6.926e-05
1763020800000,3.706e-05
1763049600001,-2.97e-06
1763078400000,-0.00012533
1763107200000,-1.37e-06
1763136000000,0.0001
1763164800000,0.0001
1763193600000,6.412e-05
1763222400000,-5.79e-06
1763251200000,4.457e-05
1763280000000,7.452e-05
1763308800000,2.48e-06
1763337600003,0.0001
1763366400000,0.0001
1763395200000,0.0001
1763424000000,4.285e-05
1763452800000,0.0001
1763481600000,8.615e-05
1763510400000,2.788e-05
1763539200002,8.434e-05
1763568000000,-2.25e-06
1763596800000,-9.441e-05
1763625600000,0.0001
1763654400000,0.0001
1763683200002,-8.66e-05
1763712000001,4.899e-05
1763740800000,-0.00011647
1763769600002,-3.797e-05
1763798400000,-2.46e-05
1763827200005,-4.296e-05
1763856000003,6.95e-05
1763884800000,-3.828e-05
1763913600000,3.682e-05
1763942400004,1.53e-05
1763971200000,3.977e-05
1764000000001,5.61e-06
1764028800000,-6.492e-05
1764057600000,7.989e-05
1764086400000,-0.00017795
1764115200002,6.02e-06
1764144000000,0.0001
1764172800000,-6.373e-05
1764201600010,4.502e-05
1764230400000,0.0001
1764259200000,3.918e-05
1764288000000,-4.587e-05
1764316800001,-0.00013978
1764345600000,4.204e-05
1764374400004,-7.957e-05
1764403200001,6.547e-05
1764432000004,2.552e-05
1764460800000,7.564e-05
1764489600000,7.125e-05
1764518400007,7.183e-05
1764547200011,0.0001
1764576000000,-7.386e-05
1764604800000,1.341e-05
1764633600000,-3.705e-05
1764662400002,2.424e-05
1764691200000,1.752e-05
1764720000000,-0.00013763
1764748800000,2.238e-05
1764777600000,-7.331e-05
1764806400000,-1.6e-06
1764835200000,5.698e-05
1764864000000,0.0001
1764892800000,1.21e-05
1764921600000,7.902e-05
1764950400004,5.979e-05
1764979200000,-1.213e-05
1765008000006,4.45e-06
1765036800000,-1.608e-05
1765065600000,4.732e-05
1765094400000,4.783e-05
1765123200000,-3.113e-05
1765152000003,-3.732e-05
1765180800000,7.482e-05
1765209600000,8.268e-05
1765238400000,-3.278e-05
1765267200002,3.427e-05
1765296000000,4.5e-06
1765324800001,0.0001
1765353600000,2.087e-05
1765382400000,4.073e-05
1765411200005,1.937e-05
1765440000000,-0.00013838
1765468800000,-6.385e-05
1765497600000,9.906e-05
1765526400001,0.0001
1765555200000,0.0001
1765584000004,9.811e-05
1765612800001,0.0001
1765641600000,-1.94e-06
1765670400000,-1.281e-05
1765699200000,-1.898e-05
1765728000000,-6.853e-05
1765756800001,-9.295e-05
1765785600000,2.286e-05
1765814400000,5.453e-05
1765843200003,-5.838e-05
1765872000005,-6.821e-05
1765900800000,4.487e-05
1765929600000,6.526e-05
1765958400002,3.377e-05
1765987200003,3.694e-05
1766016000000,-0.00015066
1766044800000,-3.001e-05
1766073600000,2.269e-05
1766102400000,3.94e-06
1766131200000,6.474e-05
1766160000003,0.0001
1766188800000,0.0001
1766217600001,7.79e-05
1766246400000,4.93e-06
1766275200000,9.244e-05
1766304000006,0.0001
1766332800001,-1.326e-05
1766361600000,1.585e-05
1766390400000,9.295e-05
1766419200000,1.376e-05
1766448000000,-4.932e-05
1766476800000,1.056e-05
1766505600000,-7.539e-05
1766534400000,0.0001
1766563200000,3.089e-05
1766592000000,6.815e-05
1766620800002,0.0001
1766649600001,9.768e-05
1766678400000,4.727e-05
1766707200000,7.787e-05
1766736000003,3.509e-05
1766764800001,0.0001
1766793600003,3.245e-05
1766822400000,0.0001
1766851200002,0.0001
1766880000000,9.685e-05
1766908800008,0.0001
1766937600002,0.0001
1766966400000,5.508e-05
1766995200000,-1.152e-05
1767024000000,4.977e-05
1767052800000,6.064e-05
1767081600001,3.781e-05
1767110400000,0.0001
1767139200000,0.0001
1767168000000,3.005e-05
1767196800000,0.0001
1767225600000,2.19e-06
1767254400000,-5.273e-05
1767283200000,5.87e-06
1767312000001,0.0001
1767340800002,0.0001
1767369600000,0.0001
1767398400000,0.0001
1767427200000,7.065e-05
1767456000000,6.21e-06
1767484800000,-0.00010544
1767513600000,-0.00017335
1767542400001,5.165e-05
1767571200003,0.0001
1767600000000,1.687e-05
1767628800001,1.755e-05
1767657600000,0.0001
1767686400000,0.0001
1767715200003,0.0001
1767744000000,0.0001
1767772800002,-7.124e-05
1767801600000,-3.944e-05
1767830400000,5.53e-05
1767859200002,0.0001
1767888000000,1.954e-05
1767916800000,0.0001
1767945600000,8.602e-05
1767974400000,9.883e-05
1768003200000,-2.238e-05
1768032000000,-4.962e-05
1768060800012,4.049e-05
1768089600000,5.269e-05
1768118400000,0.0001
1768147200001,3.544e-05
1768176000000,0.0001
1768204800000,0.0001
1768233600002,4.274e-05
1768262400000,5.646e-05
1768291200000,2.533e-05
1768320000000,0.0001
1768348800000,0.0001
1768377600000,0.0001
1768406400000,0.0001
1768435200000,-0.00011917
1768464000005,-1.544e-05
1768492800006,5.12e-06
1768521600001,-6.07e-06
1768550400002,-1.294e-05
1768579200000,4.631e-05
1768608000000,0.0001
1768636800005,0.0001
1768665600000,-9.9e-06
1768694400000,2.288e-05
1768723200000,-6.704e-05
1768752000007,3.236e-05
1768780800005,5.884e-05
1768809600000,9.402e-05
1768838400001,0.0001
1768867200000,3.709e-05
1768896000000,0.0001
1768924800000,-2.232e-05
1768953600000,3.411e-05
1768982400000,-4.521e-05
1769011200000,4.4e-06
1769040000002,8.904e-05
1769068800001,-5.824e-05
1769097600000,-7.209e-05
1769126400000,-3.97e-05
1769155200001,-4.83e-06
1769184000001,-6.699e-05
1769212800001,-5.521e-05
1769241600000,-1.447e-05
1769270400000,2.66e-06
1769299200000,-0.0001667
1769328000000,-0.00022854
1769356800000,5.451e-05
1769385600000,-0.00017145
1769414400000,2.13e-06
1769443200002,-1.525e-05
1769472000000,7.924e-05
1769500800005,5.78e-05
1769529600000,-0.00015762
1769558400000,-0.00028392
1769587200000,-0.00017998
1769616000000,-0.00010756
1769644800000,-1.898e-05
1769673600001,-7.327e-05
1769702400000,-6.683e-05
1769731200000,-0.0001616
1769760000003,-4.632e-05
1769788800000,-6.821e-05
1769817600000,1.15e-06
1769846400002,-0.00020724
1769875200000,-0.00018381
1769904000000,-0.00067409
1769932800000,-0.00021601
1769961600008,-0.00017242
1769990400001,-0.00021166
1770019200002,-0.00026557
1770048000000,-0.00021805
1770076800000,-0.00025557
1770105600003,-0.00012025
1770134400000,-8.844e-05
1770163200000,-0.00017758
1770192000005,-0.00044751
1770220800000,-0.00030917
1770249600001,-5.144e-05
1770278400000,3.26e-06
1770307200000,-5.187e-05
1770336000000,-0.00018819
1770364800017,-0.00040596
1770393600000,-0.00055446
1770422400001,-0.00059462
1770451200000,-0.00022676
1770480000001,-0.00014583
1770508800000,-0.00028033
1770537600005,-0.00035248
1770566400000,-0.00027339
1770595200000,-0.00018466
1770624000007,-0.00017238
1770652800001,-2.414e-05
1770681600003,-0.00012805
1770710400001,-9.72e-05
1770739200000,-0.00013365
1770768000003,6.238e-05
1770796800000,-0.00011099
1770825600000,-7.451e-05
1770854400002,-0.00020329
1770883200001,-4.676e-05
1770912000000,-0.00014026
1770940800000,-6.252e-05
1770969600000,-2.164e-05
1770998400000,1.609e-05
1771027200002,2.425e-05
1771056000000,-6.581e-05
1771084800000,-2.158e-05
1771113600004,-0.00018394
1771142400000,-2.6e-07
1771171200006,4.515e-05
1771200000001,-7.854e-05
1771228800002,-3.212e-05
1771257600000,-0.00013145
1771286400000,-1.201e-05
1771315200000,-3.66e-05
1771344000016,-0.00012391
1771372800000,-0.00011252
1771401600000,-1.035e-05
1771430400000,-0.00019872
1771459200000,-0.00012361
1771488000000,-0.00013262
1771516800000,4.722e-05
1771545600000,4.544e-05
1771574400000,-7.304e-05
1771603200009,1.251e-05
1771632000010,-6.489e-05
1771660800000,-9.881e-05
1771689600000,-2.954e-05
1771718400004,-2.594e-05
1771747200000,-9.225e-05
1771776000000,-4.472e-05
1771804800000,-0.00012067
1771833600000,-0.00049029
1771862400000,-0.00015607
1771891200001,-3.94e-05
1771920000000,-3.485e-05
1771948800000,-2.939e-05
1771977600000,-0.00013465
1772006400000,7.477e-05
1772035200000,4.173e-05
1772064000000,0.0001
1772092800000,-3.03e-06
1772121600007,-4.802e-05
1772150400000,-3.733e-05
1772179200006,-6.16e-05
1772208000006,-0.00017543
1772236800001,8.7e-06
1772265600006,-0.00017773
1772294400000,-0.00017918
1772323200000,-4.671e-05
1772352000003,0.0001
1772380800000,6.496e-05
1772409600000,3.619e-05
1772438400000,-7.377e-05
1772467200000,-1.259e-05
1772496000000,-1.552e-05
1772524800000,-4.242e-05
1772553600000,-0.00012776
1772582400000,2.23e-06
1772611200005,2.722e-05
1772640000000,3.031e-05
1772668800000,3.591e-05
1772697600000,-0.00010069
1772726400000,-0.00010625
1772755200000,5.922e-05
1772784000002,-0.00010627
1772812800000,-0.00013458
1772841600000,-5.024e-05
1772870400000,2.843e-05
1772899200000,-9.882e-05
1772928000000,-9.176e-05
1772956800000,-0.00022108
1772985600000,-0.00024784
1773014400000,-9.391e-05
1773043200000,-9.263e-05
1773072000004,-1.331e-05
1773100800000,2.948e-05
1773129600007,5.852e-05
1773158400002,-1.37e-05
1773187200001,-2.44e-06
1773216000000,-0.00011122
1773244800006,-0.00010161
1773273600000,1.411e-05
1773302400000,-0.00017362
1773331200000,1.555e-05
1773360000000,6.154e-05
1773388800000,4.19e-06
1773417600000,0.0001
1773446400000,7.16e-06
1773475200000,-4.824e-05
1773504000005,-5.377e-05
1773532800000,2.139e-05
1773561600000,4.157e-05
1773590400000,-2.57e-06
1773619200004,9.054e-05
1773648000006,0.0001
1773676800000,4.925e-05
1773705600000,8.337e-05
1773734400002,3.004e-05
1773763200001,4.109e-05
1773792000000,4.143e-05
1773820800000,-4.095e-05
1773849600001,-6.042e-05
1773878400001,-7.645e-05
1773907200000,6.056e-05
1773936000000,-1.034e-05
1773964800000,1.574e-05
1773993600000,1.424e-05
1774022400000,-1.443e-05
1774051200000,3.25e-06
1774080000004,1.029e-05
1774108800003,-0.00012133
1774137600001,-0.00010354
1774166400002,-0.00014047
1774195200002,-0.00011582
1774224000000,-5.189e-05
1774252800001,-1.198e-05
1774281600000,7.762e-05
1774310400001,0.0001
1774339200000,8.69e-06
1774368000000,4.61e-06
1774396800000,5.078e-05
1774425600001,0.0001
1774454400000,5.252e-05
1774483200002,1.121e-05
1774512000001,-0.00029365
1774540800000,-9.321e-05
1774569600000,-0.00014334
1774598400000,-0.00015892
1774627200001,-0.0003729
1774656000000,-0.00022889
1774684800001,-0.00017268
1774713600001,-0.00011232
1774742400001,-0.0002233
1774771200000,-0.00029109
1774800000000,-9.356e-05
1774828800000,-0.00028334
1774857600000,1.102e-05
1774886400000,2.48e-06
1774915200000,-0.000128
1774944000000,6.1e-05
1774972800000,-6.399e-05
1775001600000,-5.234e-05
1775030400000,-7.538e-05
1775059200000,2.589e-05
1775088000000,-1.127e-05
1775116800001,-1.066e-05
1775145600002,8.389e-05
1775174400000,3.962e-05
1775203200000,-6.957e-05
1775232000000,0.0001
1775260800001,2.73e-06
1775289600000,-0.00015303
1775318400001,-0.00018655
1775347200000,3.833e-05
1775376000000,-4.798e-05
1775404800000,-7.395e-05
1775433600000,5.259e-05
1775462400000,1.328e-05
1775491200002,-4.261e-05
1775520000001,-0.00018213
1775548800000,-0.00029263
1775577600000,-8.136e-05
1775606400000,0.0001
1775635200000,0.0001
1775664000001,0.0001
1775692800000,8.159e-05
1775721600000,-0.00017237
1775750400000,5.004e-05
1775779200000,0.0001
1775808000000,-3.75e-06
1775836800001,0.0001
1775865600000,3.042e-05
1775894400003,-8.661e-05
1775923200000,0.0001
1775952000002,0.0001
1775980800002,-3.91e-06
1776009600001,3.134e-05
1776038400000,0.0001
1776067200001,-1.933e-05
1776096000006,0.0001
1776124800000,0.0001
1776153600007,0.0001
1776182400001,0.0001
1776211200000,3.679e-05
1776240000000,-0.00011536
1776268800000,-4.249e-05
1776297600000,0.0001
1776326400001,4.79e-06
1776355200000,0.0001
1776384000001,0.0001
1776412800000,-7.09e-05
1776441600000,8.76e-06
1776470400003,1.423e-05
1776499200001,-6.556e-05
1776528000000,-7.99e-06
1776556800001,-3.812e-05
1776585600000,-5.796e-05
1776614400000,-8.396e-05
1776643200000,-4.238e-05
1776672000000,-4.938e-05
1776700800000,0.0001
1776729600000,0.0001
1776758400000,-1.298e-05
1776787200000,5.464e-05
1776816000001,9.253e-05
1776844800000,0.0001
1776873600000,0.0001
1776902400001,9.778e-05
1776931200000,-9.902e-05
1776960000000,6.877e-05
1776988800001,7.983e-05
1777017600000,-2.564e-05
1777046400000,2.674e-05
1777075200000,0.0001
1777104000000,3.857e-05
1777132800000,-1.835e-05
1777161600001,3.222e-05
1777190400001,0.0001
1777219200000,8.656e-05
1777248000000,7.172e-05
1777276800000,-5.93e-06
1777305600000,-2.878e-05
1777334400000,-0.00013553
1777363200000,5.379e-05
1777392000000,-5.273e-05
1777420800000,-3.02e-06
1777449600000,0.0001
1777478400000,-6.231e-05
1777507200002,4.895e-05
1777536000001,0.0001
1777564800001,0.0001
1777593600000,0.0001
1777622400000,0.0001
1777651200000,4.159e-05
1777680000000,8.75e-05
1777708800000,-0.00012612
1777737600000,1.838e-05
1777766400000,0.0001
1777795200000,-0.00013797
1777824000001,2.408e-05
1777852800000,0.0001
1777881600000,0.0001
1777910400000,8.131e-05
1777939200000,5.551e-05
1777968000000,8.691e-05
1777996800000,0.0001
1778025600002,0.0001
1778054400002,-2.216e-05
1778083200000,0.0001
1778112000001,9.821e-05
1778140800000,5.863e-05
1778169600001,-7.549e-05
1778198400000,0.0001
1778227200000,0.0001
1778256000013,7.633e-05
1778284800000,7.63e-05
1778313600000,1.156e-05
1778342400000,1.48e-05
1778371200000,-0.00010161
1778400000000,-3.878e-05
1778428800000,-9.116e-05
1778457600000,8.675e-05
1778486400001,-6.59e-06
1778515200000,-2.025e-05
1778544000001,-9.286e-05
1778572800000,-0.000143
1778601600000,4.728e-05
1778630400000,0.0001
1778659200000,-4.597e-05
1778688000000,-6.803e-05
1778716800001,-0.00011867
1778745600000,-6.78e-06
1778774400001,-4.985e-05
1778803200001,9.035e-05
1778832000000,-5.73e-06
1778860800000,-2.922e-05
1778889600000,0.0001
1778918400000,7.722e-05
1778947200000,-0.0001479
1778976000000,-0.00012631
1779004800000,2.69e-06
1779033600001,3.145e-05
1779062400000,7.741e-05
1779091200000,7.405e-05
1779120000000,4.194e-05
1779148800002,8.671e-05
1779177600000,2.297e-05
1779206400003,-1.324e-05
1779235200000,0.0001
1779264000004,5.866e-05
1779292800000,1.866e-05
1779321600000,0.0001
1779350400000,7.694e-05
1779379200000,5.181e-05
1779408000000,9.285e-05
1779436800000,-3.204e-05
1779465600000,1.12e-06
1779494400000,5.583e-05
1779523200001,-0.00021208
1779552000000,-0.00031764
1779580800000,-9.81e-05
1779609600000,-1.9e-05
1779638400000,1.963e-05
1779667200001,-2.154e-05
1779696000000,-5.245e-05
1779724800000,4.203e-05
1779753600000,3.348e-05
1779782400000,-0.00011854
1779811200000,8.967e-05
1779840000000,-8.479e-05
1779868800000,-3.509e-05
1779897600001,3.824e-05
1779926400000,-7.6e-07
1779955200002,-0.00016467
1779984000000,-7.919e-05
1780012800001,1.202e-05
1780041600000,2.394e-05
1780070400001,4.228e-05
1780099200000,0.0001
1780128000000,5.185e-05
1780156800000,7.815e-05
1780185600001,7.383e-05
1780214400000,4.895e-05
1780243200001,7.601e-05
1780272000000,8.218e-05
1780300800000,1.55e-06
1780329600000,7.816e-05
1780358400000,0.0001
1780387200000,7.888e-05
1780416000000,3.258e-05
1780444800000,-0.00013793
1780473600001,-3.733e-05
1780502400004,-4.94e-05
1780531200000,-6.768e-05
1780560000000,-0.00016901
1780588800001,-8.063e-05
