time,ret_gross,cost,ret_funding,ret_net,equity
2023-06-01 00:00:00+00:00,0.0,0.0,0.0,0.0,1.0
2023-06-02 00:00:00+00:00,0.0,0.0,0.0,0.0,1.0
2023-06-03 00:00:00+00:00,0.0,0.0,0.0,0.0,1.0
2023-06-04 00:00:00+00:00,0.0,0.0,0.0,0.0,1.0
2023-06-05 00:00:00+00:00,0.0,0.0,0.0,0.0,1.0
2023-06-06 00:00:00+00:00,0.0,0.0,0.0,0.0,1.0
2023-06-07 00:00:00+00:00,0.0,0.0,0.0,0.0,1.0
2023-06-08 00:00:00+00:00,0.0,0.0,0.0,0.0,1.0
2023-06-09 00:00:00+00:00,0.0,0.0,0.0,0.0,1.0
2023-06-10 00:00:00+00:00,0.0,0.0,0.0,0.0,1.0
2023-06-11 00:00:00+00:00,0.0,0.0,0.0,0.0,1.0
2023-06-12 00:00:00+00:00,0.0,0.0,0.0,0.0,1.0
2023-06-13 00:00:00+00:00,0.0,0.0,0.0,0.0,1.0
2023-06-14 00:00:00+00:00,0.0,0.0,0.0,0.0,1.0
2023-06-15 00:00:00+00:00,0.0,0.0,0.0,0.0,1.0
2023-06-16 00:00:00+00:00,0.0,0.0,0.0,0.0,1.0
2023-06-17 00:00:00+00:00,0.0,0.0,0.0,0.0,1.0
2023-06-18 00:00:00+00:00,0.0,0.0,0.0,0.0,1.0
2023-06-19 00:00:00+00:00,0.0,0.0,0.0,0.0,1.0
2023-06-20 00:00:00+00:00,0.0,0.0,0.0,0.0,1.0
2023-06-21 00:00:00+00:00,0.0,0.0,0.0,0.0,1.0
2023-06-22 00:00:00+00:00,0.0,0.0,0.0,0.0,1.0
2023-06-23 00:00:00+00:00,0.0,0.0,0.0,0.0,1.0
2023-06-24 00:00:00+00:00,0.0,0.0,0.0,0.0,1.0
2023-06-25 00:00:00+00:00,0.0,0.0,0.0,0.0,1.0
2023-06-26 00:00:00+00:00,0.0,0.0,0.0,0.0,1.0
2023-06-27 00:00:00+00:00,0.0,0.0,0.0,0.0,1.0
2023-06-28 00:00:00+00:00,0.0,0.0,0.0,0.0,1.0
2023-06-29 00:00:00+00:00,0.0,0.0,0.0,0.0,1.0
2023-06-30 00:00:00+00:00,0.0,0.0,0.0,0.0,1.0
2023-07-01 00:00:00+00:00,0.0,0.0,0.0,0.0,1.0
2023-07-02 00:00:00+00:00,0.0,0.0,0.0,0.0,1.0
2023-07-03 00:00:00+00:00,0.0,0.0,0.0,0.0,1.0
2023-07-04 00:00:00+00:00,0.0,0.0,0.0,0.0,1.0
2023-07-05 00:00:00+00:00,0.0,0.0,0.0,0.0,1.0
2023-07-06 00:00:00+00:00,0.0,0.0,0.0,0.0,1.0
2023-07-07 00:00:00+00:00,0.0,0.0,0.0,0.0,1.0
2023-07-08 00:00:00+00:00,0.0,0.0,0.0,0.0,1.0
2023-07-09 00:00:00+00:00,0.0,0.0,0.0,0.0,1.0
2023-07-10 00:00:00+00:00,0.0,0.0,0.0,0.0,1.0
2023-07-11 00:00:00+00:00,0.0,0.0,0.0,0.0,1.0
2023-07-12 00:00:00+00:00,0.0,0.0,0.0,0.0,1.0
2023-07-13 00:00:00+00:00,0.0,0.0,0.0,0.0,1.0
2023-07-14 00:00:00+00:00,0.0,0.0,0.0,0.0,1.0
2023-07-15 00:00:00+00:00,0.0,0.0,0.0,0.0,1.0
2023-07-16 00:00:00+00:00,0.0,0.0,0.0,0.0,1.0
2023-07-17 00:00:00+00:00,0.0,0.0,0.0,0.0,1.0
2023-07-18 00:00:00+00:00,0.0,0.0,0.0,0.0,1.0
2023-07-19 00:00:00+00:00,0.0,0.0,0.0,0.0,1.0
2023-07-20 00:00:00+00:00,0.0,0.0,0.0,0.0,1.0
2023-07-21 00:00:00+00:00,0.0,0.0,0.0,0.0,1.0
2023-07-22 00:00:00+00:00,0.0,0.0,0.0,0.0,1.0
2023-07-23 00:00:00+00:00,0.0,0.0,0.0,0.0,1.0
2023-07-24 00:00:00+00:00,0.0,0.0,0.0,0.0,1.0
2023-07-25 00:00:00+00:00,0.0,0.0,0.0,0.0,1.0
2023-07-26 00:00:00+00:00,0.0,0.0,0.0,0.0,1.0
2023-07-27 00:00:00+00:00,0.0,0.0,0.0,0.0,1.0
2023-07-28 00:00:00+00:00,0.0,0.0,0.0,0.0,1.0
2023-07-29 00:00:00+00:00,0.0,0.0,0.0,0.0,1.0
2023-07-30 00:00:00+00:00,0.0,0.0,0.0,0.0,1.0
2023-07-31 00:00:00+00:00,0.0,0.0,0.0,0.0,1.0
2023-08-01 00:00:00+00:00,0.0,0.0,0.0,0.0,1.0
2023-08-02 00:00:00+00:00,0.0,0.0,0.0,0.0,1.0
2023-08-03 00:00:00+00:00,0.0,0.0,0.0,0.0,1.0
2023-08-04 00:00:00+00:00,0.0,0.0,0.0,0.0,1.0
2023-08-05 00:00:00+00:00,0.0,0.0,0.0,0.0,1.0
2023-08-06 00:00:00+00:00,0.0,0.0,0.0,0.0,1.0
2023-08-07 00:00:00+00:00,0.0,0.0,0.0,0.0,1.0
2023-08-08 00:00:00+00:00,0.0,0.0,0.0,0.0,1.0
2023-08-09 00:00:00+00:00,0.0,0.0,0.0,0.0,1.0
2023-08-10 00:00:00+00:00,0.0,0.0,0.0,0.0,1.0
2023-08-11 00:00:00+00:00,0.0,0.0,0.0,0.0,1.0
2023-08-12 00:00:00+00:00,0.0,0.0,0.0,0.0,1.0
2023-08-13 00:00:00+00:00,0.0,0.0,0.0,0.0,1.0
2023-08-14 00:00:00+00:00,0.0,0.0,0.0,0.0,1.0
2023-08-15 00:00:00+00:00,0.0,0.0,0.0,0.0,1.0
2023-08-16 00:00:00+00:00,0.0,0.0,0.0,0.0,1.0
2023-08-17 00:00:00+00:00,0.0,0.0,0.0,0.0,1.0
2023-08-18 00:00:00+00:00,0.0,0.0,0.0,0.0,1.0
2023-08-19 00:00:00+00:00,0.0,0.0,0.0,0.0,1.0
2023-08-20 00:00:00+00:00,0.0,0.0,0.0,0.0,1.0
2023-08-21 00:00:00+00:00,0.0,0.0,0.0,0.0,1.0
2023-08-22 00:00:00+00:00,0.0,0.0,0.0,0.0,1.0
2023-08-23 00:00:00+00:00,0.0,0.0,0.0,0.0,1.0
2023-08-24 00:00:00+00:00,0.0,0.0,0.0,0.0,1.0
2023-08-25 00:00:00+00:00,0.0,0.0,0.0,0.0,1.0
2023-08-26 00:00:00+00:00,0.0,0.0,0.0,0.0,1.0
2023-08-27 00:00:00+00:00,0.0,0.0,0.0,0.0,1.0
2023-08-28 00:00:00+00:00,0.0,0.0,0.0,0.0,1.0
2023-08-29 00:00:00+00:00,0.0,0.0,0.0,0.0,1.0
2023-08-30 00:00:00+00:00,0.0,0.0,0.0,0.0,1.0
2023-08-31 00:00:00+00:00,0.0,0.0,0.0,0.0,1.0
2023-09-01 00:00:00+00:00,0.0,0.0,0.0,0.0,1.0
2023-09-02 00:00:00+00:00,0.0,0.0,0.0,0.0,1.0
2023-09-03 00:00:00+00:00,0.0,0.0,0.0,0.0,1.0
2023-09-04 00:00:00+00:00,0.0,0.0,0.0,0.0,1.0
2023-09-05 00:00:00+00:00,0.0,0.0,0.0,0.0,1.0
2023-09-06 00:00:00+00:00,0.0,0.0,0.0,0.0,1.0
2023-09-07 00:00:00+00:00,0.0,0.0,0.0,0.0,1.0
2023-09-08 00:00:00+00:00,0.0,0.0,0.0,0.0,1.0
2023-09-09 00:00:00+00:00,0.0,0.0,0.0,0.0,1.0
2023-09-10 00:00:00+00:00,0.0,0.0,0.0,0.0,1.0
2023-09-11 00:00:00+00:00,0.0,0.0,0.0,0.0,1.0
2023-09-12 00:00:00+00:00,0.0,0.0,0.0,0.0,1.0
2023-09-13 00:00:00+00:00,0.0,0.0,0.0,0.0,1.0
2023-09-14 00:00:00+00:00,0.0,0.0,0.0,0.0,1.0
2023-09-15 00:00:00+00:00,0.0,0.0,0.0,0.0,1.0
2023-09-16 00:00:00+00:00,0.0,0.0,0.0,0.0,1.0
2023-09-17 00:00:00+00:00,0.0,0.0,0.0,0.0,1.0
2023-09-18 00:00:00+00:00,0.0,0.0,0.0,0.0,1.0
2023-09-19 00:00:00+00:00,0.0,0.0,0.0,0.0,1.0
2023-09-20 00:00:00+00:00,0.0,0.0,0.0,0.0,1.0
2023-09-21 00:00:00+00:00,0.0,0.0,0.0,0.0,1.0
2023-09-22 00:00:00+00:00,0.0,0.0,0.0,0.0,1.0
2023-09-23 00:00:00+00:00,0.0,0.0,0.0,0.0,1.0
2023-09-24 00:00:00+00:00,0.0,0.0,0.0,0.0,1.0
2023-09-25 00:00:00+00:00,0.0,0.0,0.0,0.0,1.0
2023-09-26 00:00:00+00:00,0.0,0.0,0.0,0.0,1.0
2023-09-27 00:00:00+00:00,0.0,0.0,0.0,0.0,1.0
2023-09-28 00:00:00+00:00,0.0,0.0,0.0,0.0,1.0
2023-09-29 00:00:00+00:00,0.0,0.0,0.0,0.0,1.0
2023-09-30 00:00:00+00:00,0.0,0.0,0.0,0.0,1.0
2023-10-01 00:00:00+00:00,0.0,0.0,0.0,0.0,1.0
2023-10-02 00:00:00+00:00,0.0,0.0,0.0,0.0,1.0
2023-10-03 00:00:00+00:00,0.0,0.0,0.0,0.0,1.0
2023-10-04 00:00:00+00:00,0.0,0.0,0.0,0.0,1.0
2023-10-05 00:00:00+00:00,0.0,0.0,0.0,0.0,1.0
2023-10-06 00:00:00+00:00,0.0,0.0,0.0,0.0,1.0
2023-10-07 00:00:00+00:00,0.0,0.0,0.0,0.0,1.0
2023-10-08 00:00:00+00:00,0.0,0.0,0.0,0.0,1.0
2023-10-09 00:00:00+00:00,0.0,0.0,0.0,0.0,1.0
2023-10-10 00:00:00+00:00,0.0,0.0,0.0,0.0,1.0
2023-10-11 00:00:00+00:00,0.0,0.0,0.0,0.0,1.0
2023-10-12 00:00:00+00:00,0.0,0.0,0.0,0.0,1.0
2023-10-13 00:00:00+00:00,0.0,0.0,0.0,0.0,1.0
2023-10-14 00:00:00+00:00,0.0,0.0,0.0,0.0,1.0
2023-10-15 00:00:00+00:00,0.0,0.0,0.0,0.0,1.0
2023-10-16 00:00:00+00:00,0.0,0.0,0.0,0.0,1.0
2023-10-17 00:00:00+00:00,0.0,0.0,0.0,0.0,1.0
2023-10-18 00:00:00+00:00,0.0,0.0,0.0,0.0,1.0
2023-10-19 00:00:00+00:00,0.0,0.0,0.0,0.0,1.0
2023-10-20 00:00:00+00:00,0.02807862013638192,0.00016666666666666666,0.0,0.027911953469715256,1.0279119534697152
2023-10-21 00:00:00+00:00,0.02824022690837339,0.0,0.0,0.02824022690837339,1.0569404202775294
2023-10-22 00:00:00+00:00,-0.003069577080491122,0.0,0.0,-0.003069577080491122,1.0536960601880008
2023-10-23 00:00:00+00:00,0.03247274813539872,0.0,0.0,0.03247274813539872,1.0879124669617477
2023-10-24 00:00:00+00:00,-0.005598706655510323,0.0003333333333333333,0.0,-0.005932039988843656,1.0814589267033692
2023-10-25 00:00:00+00:00,0.031118922414545166,0.0,0.0,0.031118922414545166,1.1151127631379687
2023-10-26 00:00:00+00:00,0.003090220995927299,0.0,0.0,0.003090220995927299,1.1185587080114443
2023-10-27 00:00:00+00:00,-0.01754538528591539,0.0,0.0,-0.01754538528591539,1.0989331645144678
2023-10-28 00:00:00+00:00,0.0002086644281990755,0.0,0.0,0.0002086644281990755,1.0991624727748701
2023-10-29 00:00:00+00:00,0.020551926808738186,0.0,0.0,0.020551926808738186,1.121752379466251
2023-10-30 00:00:00+00:00,0.023510608805404603,0.0,0.0,0.023510608805404603,1.1481254608364138
2023-10-31 00:00:00+00:00,0.035642108587808176,0.0,0.0,0.035642108587808176,1.1890470731839726
2023-11-01 00:00:00+00:00,0.03733012548154509,0.0,0.0,0.03733012548154509,1.2334343496293942
2023-11-02 00:00:00+00:00,-0.02030402930529814,0.0,0.0,-0.02030402930529814,1.2083906624483576
2023-11-03 00:00:00+00:00,-0.0027008312836761528,0.0,0.0,-0.0027008312836761528,1.2051270031443149
2023-11-04 00:00:00+00:00,0.03247818640012874,0.0,0.0,0.03247818640012874,1.2442673425882644
2023-11-05 00:00:00+00:00,-0.003882819227574422,0.0,0.0,-0.003882819227574422,1.2394360774262199
2023-11-06 00:00:00+00:00,0.010135305487642741,0.0,0.0,0.010135305487642741,1.2519981407033403
2023-11-07 00:00:00+00:00,0.006696185371217522,0.0,0.0,0.006696185371217522,1.2603817523379095
2023-11-08 00:00:00+00:00,0.00418116879520114,0.0,0.0,0.00418116879520114,1.2656516211908257
2023-11-09 00:00:00+00:00,0.06793479373961922,0.0,0.0,0.06793479373961922,1.3516334030226393
2023-11-10 00:00:00+00:00,0.08235978575163368,0.0,0.0,0.08235978575163368,1.4629536405103354
2023-11-11 00:00:00+00:00,-0.007413387625161193,0.0,0.0,-0.007413387625161193,1.4521081980955914
2023-11-12 00:00:00+00:00,-0.002324689692904817,0.0,0.0,-0.002324689692904817,1.4487324971344961
2023-11-13 00:00:00+00:00,-0.03166306343156389,0.0,0.0,-0.03166306343156389,1.4028611881823587
2023-11-14 00:00:00+00:00,0.013268137106450473,0.0,0.0,0.013268137106450473,1.4214745427684803
2023-11-15 00:00:00+00:00,0.08552774262514624,0.0,0.0,0.08552774262514624,1.5430500516105803
2023-11-16 00:00:00+00:00,-0.06945286277503873,0.0,0.0,-0.06945286277503873,1.4358808081210543
2023-11-17 00:00:00+00:00,0.008084766749778722,0.0,0.0,0.008084766749778722,1.4474895695351968
2023-11-18 00:00:00+00:00,0.0001703005477384778,0.0,0.0,0.0001703005477384778,1.4477360778017343
2023-11-19 00:00:00+00:00,0.029975539028197197,0.0,0.0,0.029975539028197197,1.4911327471044094
2023-11-20 00:00:00+00:00,-0.022274656732762004,0.0,0.0,-0.022274656732762004,1.4579182770196784
2023-11-21 00:00:00+00:00,-0.05876158124809198,0.0,0.0,-0.05876158124809198,1.3722486937315084
2023-11-22 00:00:00+00:00,0.07613723031049842,0.0,0.0,0.07613723031049842,1.4767279085694247
2023-11-23 00:00:00+00:00,-0.007260138586158704,0.0,0.0,-0.007260138586158704,1.4660066592991623
2023-11-24 00:00:00+00:00,0.008825075804790675,0.0,0.0,0.008825075804790675,1.4789442791978054
2023-11-25 00:00:00+00:00,0.012443708046803614,0.0,0.0,0.012443708046803614,1.4973478300256333
2023-11-26 00:00:00+00:00,-0.013345874215481612,0.0,0.0,-0.013345874215481612,1.4773644142292868
2023-11-27 00:00:00+00:00,-0.0219849641232089,0.0,0.0,-0.0219849641232089,1.4448846105855504
2023-11-28 00:00:00+00:00,0.027438721124156313,0.0,0.0,0.027438721124156313,1.4845303964719925
2023-11-29 00:00:00+00:00,0.0036434915630664997,0.0,0.0,0.0036434915630664997,1.489939270446654
2023-11-30 00:00:00+00:00,0.0025966238280017056,0.0,0.0,0.0025966238280017056,1.4938080822585713
2023-12-01 00:00:00+00:00,0.01673056537271182,0.0,0.0,0.01673056537271182,1.5188003360330837
2023-12-02 00:00:00+00:00,0.040806412591020136,0.0,0.0,0.040806412591020136,1.5807771291886297
2023-12-03 00:00:00+00:00,0.005193127243887208,0.0,0.0,0.005193127243887208,1.588986305964733
2023-12-04 00:00:00+00:00,0.017407096821277685,0.0,0.0,0.017407096821277685,1.6166459444403452
2023-12-05 00:00:00+00:00,0.020653690005332532,0.0,0.0,0.020653690005332532,1.650035648625194
2023-12-06 00:00:00+00:00,-0.006683183833852505,0.0,0.0,-0.006683183833852505,1.6390081570530217
2023-12-07 00:00:00+00:00,0.04638253755642552,0.0,0.0,0.04638253755642552,1.7150295144528214
2023-12-08 00:00:00+00:00,0.04276881109760832,0.0,0.0,0.04276881109760832,1.788379287783277
2023-12-09 00:00:00+00:00,-0.017770645691689547,0.0,0.0,-0.017770645691689547,1.7565986330977243
2023-12-10 00:00:00+00:00,0.014122423542138364,0.0,0.0,0.014122423542138364,1.7814060629878719
2023-12-11 00:00:00+00:00,-0.05790843591587395,0.0,0.0,-0.05790843591587395,1.6782476241491895
2023-12-12 00:00:00+00:00,-0.009142877160128368,0.0,0.0,-0.009142877160128368,1.6629036122773162
2023-12-13 00:00:00+00:00,0.029452151257460736,0.0,0.0,0.029452151257460736,1.7118797009926856
2023-12-14 00:00:00+00:00,0.03321027247676496,0.0,0.0,0.03321027247676496,1.7687316923100955
2023-12-15 00:00:00+00:00,-0.035996345360690477,0.0,0.0,-0.035996345360690477,1.7050638154633027
2023-12-16 00:00:00+00:00,0.009516647635315085,0.0,0.0,0.009516647635315085,1.7212903069907928
2023-12-17 00:00:00+00:00,-0.024860421890800583,0.0,0.0,-0.024860421890800583,1.678498303762456
2023-12-18 00:00:00+00:00,0.030511601112137132,0.0,0.0,0.030511601112137132,1.7297119744742548
2023-12-19 00:00:00+00:00,-0.015579643373982766,0.0,0.0,-0.015579643373982766,1.7027636787722384
2023-12-20 00:00:00+00:00,0.05675074297291904,0.0,0.0,0.05675074297291904,1.7993967826498638
2023-12-21 00:00:00+00:00,0.05429500945644849,0.0,0.0,0.05429500945644849,1.897095047979741
2023-12-22 00:00:00+00:00,0.027877288421245407,0.0,0.0,0.027877288421245407,1.9499809137947888
2023-12-23 00:00:00+00:00,0.029613894235480144,0.0,0.0,0.029613894235480144,2.0077274423371128
2023-12-24 00:00:00+00:00,0.0023243287182337004,0.0,0.0,0.0023243287182337004,2.012394060889723
2023-12-25 00:00:00+00:00,0.03068549404463705,0.0,0.0,0.03068549404463705,2.0741453668606176
2023-12-26 00:00:00+00:00,-0.037315547934040905,0.0,0.0,-0.037315547934040905,1.9967474960013614
2023-12-27 00:00:00+00:00,0.012713393029154824,0.0,0.0,0.012713393029154824,2.0221329316980072
2023-12-28 00:00:00+00:00,-0.027365545797108443,0.0,0.0,-0.027365545797108443,1.9667961603477842
2023-12-29 00:00:00+00:00,0.004026592757860473,0.0,0.0,0.004026592757860473,1.9747156475232281
2023-12-30 00:00:00+00:00,-0.013915348882015214,0.0,0.0,-0.013915348882015214,1.947236790345168
2023-12-31 00:00:00+00:00,-0.000882197705228349,0.0,0.0,-0.000882197705228349,1.9455189425171893
2024-01-01 00:00:00+00:00,0.0520352085505776,0.0,0.0,0.0520352085505776,2.0467544264301702
2024-01-02 00:00:00+00:00,-0.0033868678891555417,0.0,0.0,-0.0033868678891555417,2.039822339586307
2024-01-03 00:00:00+00:00,-0.061835903760591185,0.0,0.0,-0.061835903760591185,1.9136880817069442
2024-01-04 00:00:00+00:00,0.04043677177148375,0.0,0.0,0.04043677177148375,1.9910714499087363
2024-01-05 00:00:00+00:00,-0.0155909964648806,0.0,0.0,-0.0155909964648806,1.9600286619718845
2024-01-06 00:00:00+00:00,-0.026027741300200358,0.0,0.0,-0.026027741300200358,1.9090135430171025
2024-01-07 00:00:00+00:00,-0.018570163203086427,0.0,0.0,-0.018570163203086427,1.8735628499663726
2024-01-08 00:00:00+00:00,0.07074496760942746,0.0,0.0,0.07074496760942746,2.00610799310147
2024-01-09 00:00:00+00:00,0.001050170421069807,0.0,0.0,0.001050170421069807,2.008214748377297
2024-01-10 00:00:00+00:00,0.04692750323776954,0.0,0.0,0.04692750323776954,2.1024552524839093
2024-01-11 00:00:00+00:00,-0.004774544432738763,0.0,0.0,-0.004774544432738763,2.09241698646308
2024-01-12 00:00:00+00:00,-0.06369744589070703,0.0,0.0,-0.06369744589070703,1.9591353686870518
2024-01-13 00:00:00+00:00,0.021359047784268448,0.0,0.0,0.021359047784268448,2.000980634642689
2024-01-14 00:00:00+00:00,-0.029390259923583496,0.0,0.0,-0.029390259923583496,1.9421712936884832
2024-01-15 00:00:00+00:00,0.01341941713438836,0.0,0.0,0.01341941713438836,1.9682341004249237
2024-01-16 00:00:00+00:00,0.026431420282376175,0.0,0.0,0.026431420282376175,2.0202573231473595
2024-01-17 00:00:00+00:00,0.005166726701790747,0.0,0.0,0.005166726701790747,2.030695440603353
2024-01-18 00:00:00+00:00,-0.044249852220405485,0.0,0.0,-0.044249852220405485,1.9408374674520035
2024-01-19 00:00:00+00:00,0.002778480774625021,0.0,0.0,0.002778480774625021,1.9462300470419907
2024-01-20 00:00:00+00:00,-0.005012520156569056,0.0,0.0,-0.005012520156569056,1.9364745297018724
2024-01-21 00:00:00+00:00,-0.009366339428991566,0.0,0.0,-0.009366339428991566,1.918336851961088
2024-01-22 00:00:00+00:00,-0.06204205250252374,0.0,0.0,-0.06204205250252374,1.7993192962741922
2024-01-23 00:00:00+00:00,-0.01031313916976347,0.0003333333333333333,0.0,-0.010646472503096803,1.7801628928621176
2024-01-24 00:00:00+00:00,-0.0011266684503106563,0.0,0.0,-0.0011266684503106563,1.7781572394943161
2024-01-25 00:00:00+00:00,-0.0024429311594527103,0.0,0.0,-0.0024429311594527103,1.773813323767549
2024-01-26 00:00:00+00:00,0.007367877017752618,0.0,0.0,0.007367877017752618,1.7868825621895192
2024-01-27 00:00:00+00:00,3.8218208330424254e-05,0.0,0.0,3.8218208330424254e-05,1.786950853639543
2024-01-28 00:00:00+00:00,-0.001622617882307294,0.0,0.0,-0.001622617882307294,1.7840513152296231
2024-01-29 00:00:00+00:00,0.008965099620423281,0.0,0.0,0.008965099620423281,1.800045512998604
2024-01-30 00:00:00+00:00,0.003654642733862697,0.0,0.0,0.003654642733862697,1.8066240362533064
2024-01-31 00:00:00+00:00,-0.008517533713755705,0.0,0.0,-0.008517533713755705,1.7912360551164372
2024-02-01 00:00:00+00:00,0.003086392716463641,0.0,0.0,0.003086392716463641,1.7967645130304157
2024-02-02 00:00:00+00:00,0.0006914668934909033,0.0,0.0,0.0006914668934909033,1.7980069162065757
2024-02-03 00:00:00+00:00,-0.0018145912189376037,0.0,0.0,-0.0018145912189376037,1.7947442686448383
2024-02-04 00:00:00+00:00,-0.0009724986101978435,0.0,0.0,-0.0009724986101978435,1.7929988823379206
2024-02-05 00:00:00+00:00,0.001752708035816989,0.0,0.0,0.001752708035816989,1.7961414858872053
2024-02-06 00:00:00+00:00,0.010254160095807855,0.0,0.0,0.010254160095807855,1.814559408238215
2024-02-07 00:00:00+00:00,0.007370130599950582,0.0,0.0,0.007370130599950582,1.8279329480582995
2024-02-08 00:00:00+00:00,-0.0007628551399941896,0.0,0.0,-0.0007628551399941896,1.8265385000133085
2024-02-09 00:00:00+00:00,0.009231744194857134,0.0,0.0,0.009231744194857134,1.8434006362074893
2024-02-10 00:00:00+00:00,0.0018338588250434253,0.0,0.0,0.0018338588250434253,1.8467811727322891
2024-02-11 00:00:00+00:00,0.0009292441258973068,0.0,0.0,0.0009292441258973068,1.8484972832888682
2024-02-12 00:00:00+00:00,0.020312086608886615,0.0,0.0,0.020312086608886615,1.8860441202033233
2024-02-13 00:00:00+00:00,-0.003959880221303669,0.00016666666666666666,0.0,-0.004126546887970335,1.8782612707085236
2024-02-14 00:00:00+00:00,0.03107777020788512,0.0,0.0,0.03107777020788512,1.9366334428699732
2024-02-15 00:00:00+00:00,0.006285664830419997,0.0,0.0,0.006285664830419997,1.948806471591236
2024-02-16 00:00:00+00:00,-0.0008867647232398226,0.0,0.0,-0.0008867647232398226,1.9470783387598076
2024-02-17 00:00:00+00:00,-0.004967069369719135,0.0,0.0,-0.004967069369719135,1.93740706558291
2024-02-18 00:00:00+00:00,0.014594174191678706,0.0,0.0,0.014594174191678706,1.965681921778216
2024-02-19 00:00:00+00:00,0.005037650043713741,0.0,0.0,0.005037650043713741,1.9755843393973893
2024-02-20 00:00:00+00:00,0.011041346113387585,0.0,0.0,0.011041346113387585,1.9973974498648641
2024-02-21 00:00:00+00:00,-0.00779817040021428,0.0,0.0,-0.00779817040021428,1.9818214041938644
2024-02-22 00:00:00+00:00,-0.0032133119358881412,0.0,0.0,-0.0032133119358881412,1.9754531938209696
2024-02-23 00:00:00+00:00,-0.009052112317397257,0.0,0.0,-0.009052112317397257,1.9575711696327411
2024-02-24 00:00:00+00:00,0.013441322868133376,0.0,0.0,0.013441322868133376,1.9838835157611243
2024-02-25 00:00:00+00:00,0.01440117364618776,0.0,0.0,0.01440117364618776,2.0124537667654097
2024-02-26 00:00:00+00:00,0.0244895465406089,0.0,0.0,0.0244895465406089,2.061737846947435
2024-02-27 00:00:00+00:00,0.022640743131091174,0.0,0.0,0.022640743131091174,2.1084171239438203
2024-02-28 00:00:00+00:00,0.04599653552083715,0.0,0.0,0.04599653552083715,2.2053970070780435
2024-02-29 00:00:00+00:00,0.0074381717584219124,0.00016666666666666666,0.0,0.007271505091755246,2.2214335626443535
2024-03-01 00:00:00+00:00,0.02611471153839521,0.0,0.0,0.02611471153839521,2.2794456593345207
2024-03-02 00:00:00+00:00,-0.0017889245843100141,0.0,0.0,-0.0017889245843100141,2.2753679029559386
2024-03-03 00:00:00+00:00,0.012887696261623116,0.0,0.0,0.012887696261623116,2.304692153372681
2024-03-04 00:00:00+00:00,0.04844274444177077,0.0,0.0,0.04844274444177077,2.416337766375468
2024-03-05 00:00:00+00:00,-0.04880437811072406,0.0,0.0,-0.04880437811072406,2.298409904382057
2024-03-06 00:00:00+00:00,0.05172137589044157,0.0,0.0,0.05172137589044157,2.417286826996915
2024-03-07 00:00:00+00:00,0.04136714887984897,0.0,0.0,0.04136714887984897,2.5172830910545945
2024-03-08 00:00:00+00:00,0.009995984981342316,0.0,0.0,0.009995984981342316,2.542445815026563
2024-03-09 00:00:00+00:00,0.0016496042946133975,0.0,0.0,0.0016496042946133975,2.5466398445618528
2024-03-10 00:00:00+00:00,0.0010841988059687726,0.0,0.0,0.0010841988059687726,2.5494009084405596
2024-03-11 00:00:00+00:00,0.04135690316372782,0.0,0.0,0.04135690316372782,2.654836234936455
2024-03-12 00:00:00+00:00,-0.004880600118786215,0.0,0.0,-0.004880600118786215,2.6418790408928663
2024-03-13 00:00:00+00:00,0.037996027681588565,0.0,0.0,0.037996027681588565,2.74225995006204
2024-03-14 00:00:00+00:00,0.008005753825847929,0.0,0.0,0.008005753825847929,2.764213808148719
2024-03-15 00:00:00+00:00,-0.00702590911416149,0.0,0.0,-0.00702590911416149,2.744792693160556
2024-03-16 00:00:00+00:00,-0.04309935322408668,0.0,0.0,-0.04309935322408668,2.626493903351137
2024-03-17 00:00:00+00:00,0.0635667802854265,0.0,0.0,0.0635667802854265,2.793451664226471
2024-03-18 00:00:00+00:00,-0.02499082099584441,0.0,0.0,-0.02499082099584441,2.7236410137252434
2024-03-19 00:00:00+00:00,-0.10663187858656385,0.0,0.0,-0.10663187858656385,2.4332140558363076
2024-03-20 00:00:00+00:00,0.07485406213222978,0.00016666666666666666,0.0,0.07468739546556312,2.6149444762769205
2024-03-21 00:00:00+00:00,-0.032890980617849785,0.0,0.0,-0.032890980617849785,2.528936388190943
2024-03-22 00:00:00+00:00,-0.016568846161726526,0.0,0.0,-0.016568846161726526,2.487034830222215
2024-03-23 00:00:00+00:00,-0.0038600002705016325,0.0,0.0,-0.0038600002705016325,2.47743487510481
2024-03-24 00:00:00+00:00,0.03845497688227654,0.0,0.0,0.03845497688227654,2.5727045759543112
2024-03-25 00:00:00+00:00,0.022505465885088727,0.0,0.0,0.022505465885088727,2.6306044910208626
2024-03-26 00:00:00+00:00,0.0031078508604310455,0.0,0.0,0.0031078508604310455,2.6387800174517353
2024-03-27 00:00:00+00:00,-0.009695251613247136,0.0,0.0,-0.009695251613247136,2.613196381230532
2024-03-28 00:00:00+00:00,0.01219211923031745,0.0,0.0,0.01219211923031745,2.6450567830827283
2024-03-29 00:00:00+00:00,-0.00019642815364206978,0.0,0.0,-0.00019642815364206978,2.6445372194625487
2024-03-30 00:00:00+00:00,0.0025212462091213084,0.0,0.0,0.0025212462091213084,2.651204748901999
2024-03-31 00:00:00+00:00,0.022294111290336833,0.0,0.0,0.022294111290336833,2.7103110026274893
2024-04-01 00:00:00+00:00,-0.024434237645489205,0.0,0.0,-0.024434237645489205,2.644086619496105
2024-04-02 00:00:00+00:00,-0.03860318588179671,0.0,0.0,-0.03860318588179671,2.5420164522361253
2024-04-03 00:00:00+00:00,0.009005891825500784,0.0,0.0,0.009005891825500784,2.564909577423607
2024-04-04 00:00:00+00:00,0.010865767410450458,0.0,0.0,0.010865767410450458,2.5927792883207283
2024-04-05 00:00:00+00:00,-0.020692800315209443,0.0,0.0,-0.020692800315209443,2.5391274242460966
2024-04-06 00:00:00+00:00,0.01352459807241731,0.0,0.0,0.01352459807241731,2.573468102113677
2024-04-07 00:00:00+00:00,0.0038138636929369394,0.0,0.0,0.0038138636929369394,2.58328295867326
2024-04-08 00:00:00+00:00,0.013013163748720226,0.0,0.0,0.013013163748720226,2.616899642823754
2024-04-09 00:00:00+00:00,-0.026753202310730306,0.0,0.0,-0.026753202310730306,2.546889197252412
2024-04-10 00:00:00+00:00,0.008879755892956457,0.0,0.0,0.008879755892956457,2.5695049516104214
2024-04-11 00:00:00+00:00,-0.004756826360860574,0.0,0.0,-0.004756826360860574,2.557282262722239
2024-04-12 00:00:00+00:00,-0.05090806835258214,0.0,0.0,-0.05090806835258214,2.4270959624947293
2024-04-13 00:00:00+00:00,-0.015853076609653405,0.00016666666666666666,0.0,-0.01601974327632007,2.388214508268571
2024-04-14 00:00:00+00:00,0.009059279453217531,0.0,0.0,0.009059279453217531,2.4098500108932046
2024-04-15 00:00:00+00:00,-0.01138078575521691,0.0,0.0,-0.01138078575521691,2.3824240242170216
2024-04-16 00:00:00+00:00,0.0019625778349486494,0.0,0.0,0.0019625778349486494,2.387099716800399
2024-04-17 00:00:00+00:00,-0.013146712117561576,0.0,0.0,-0.013146712117561576,2.3557172040277115
2024-04-18 00:00:00+00:00,0.011927785630051257,0.0,0.0,0.011927785630051257,2.3838156938423776
2024-04-19 00:00:00+00:00,0.0018272651722932576,0.0,0.0,0.0018272651722932576,2.3881715572369018
2024-04-20 00:00:00+00:00,0.005863444086290581,0.0,0.0,0.005863444086290581,2.4021744676312298
2024-04-21 00:00:00+00:00,2.87442209360537e-06,0.0,0.0,2.87442209360537e-06,2.402181372494592
2024-04-22 00:00:00+00:00,0.009640369267662614,0.0,0.0,0.009640369267662614,2.4253392879733404
2024-04-23 00:00:00+00:00,-0.0020219700928813715,0.0,0.0,-0.0020219700928813715,2.420435324467968
2024-04-24 00:00:00+00:00,-0.01066246072615214,0.0,0.0,-0.01066246072615214,2.394627527880637
2024-04-25 00:00:00+00:00,0.0010823421542015172,0.0,0.0,0.0010823421542015172,2.3972193341976733
2024-04-26 00:00:00+00:00,-0.0037640762020644996,0.0,0.0,-0.0037640762020644996,2.388196017950691
2024-04-27 00:00:00+00:00,-0.0016101089942853382,0.0,0.0,-0.0016101089942853382,2.384350762062072
2024-04-28 00:00:00+00:00,-0.0018034945227572985,0.0,0.0,-0.0018034945227572985,2.380050598522361
2024-04-29 00:00:00+00:00,0.003946959972614517,0.0,0.0,0.003946959972614517,2.3894445629675256
2024-04-30 00:00:00+00:00,-0.01667032014947963,0.0,0.0,-0.01667032014947963,2.3496117571234234
2024-05-01 00:00:00+00:00,-0.012674874736286923,0.0,0.0,-0.012674874736286923,2.319830722422977
2024-05-02 00:00:00+00:00,0.0,0.00016666666666666666,0.0,-0.00016666666666666666,2.31944408396924
2024-05-03 00:00:00+00:00,0.0,0.0,0.0,0.0,2.31944408396924
2024-05-04 00:00:00+00:00,0.0,0.0,0.0,0.0,2.31944408396924
2024-05-05 00:00:00+00:00,0.0,0.0,0.0,0.0,2.31944408396924
2024-05-06 00:00:00+00:00,0.0,0.0,0.0,0.0,2.31944408396924
2024-05-07 00:00:00+00:00,0.0,0.0,0.0,0.0,2.31944408396924
2024-05-08 00:00:00+00:00,0.0,0.0,0.0,0.0,2.31944408396924
2024-05-09 00:00:00+00:00,0.0,0.0,0.0,0.0,2.31944408396924
2024-05-10 00:00:00+00:00,0.0,0.0,0.0,0.0,2.31944408396924
2024-05-11 00:00:00+00:00,0.0,0.0,0.0,0.0,2.31944408396924
2024-05-12 00:00:00+00:00,0.0,0.0,0.0,0.0,2.31944408396924
2024-05-13 00:00:00+00:00,0.0,0.0,0.0,0.0,2.31944408396924
2024-05-14 00:00:00+00:00,0.0,0.0,0.0,0.0,2.31944408396924
2024-05-15 00:00:00+00:00,0.0,0.0,0.0,0.0,2.31944408396924
2024-05-16 00:00:00+00:00,0.0,0.0,0.0,0.0,2.31944408396924
2024-05-17 00:00:00+00:00,0.0,0.0,0.0,0.0,2.31944408396924
2024-05-18 00:00:00+00:00,0.0,0.0,0.0,0.0,2.31944408396924
2024-05-19 00:00:00+00:00,0.0,0.0,0.0,0.0,2.31944408396924
2024-05-20 00:00:00+00:00,0.0,0.0,0.0,0.0,2.31944408396924
2024-05-21 00:00:00+00:00,0.0,0.0,0.0,0.0,2.31944408396924
2024-05-22 00:00:00+00:00,-0.004562486805995358,0.00016666666666666666,0.0,-0.004729153472662025,2.3084750769248914
2024-05-23 00:00:00+00:00,0.004091609970044244,0.0,0.0,0.004091609970044244,2.3179204565652363
2024-05-24 00:00:00+00:00,-0.004874533404165141,0.0,0.0,-0.004874533404165141,2.3066216758715115
2024-05-25 00:00:00+00:00,0.0018757532517228448,0.0,0.0,0.0018757532517228448,2.3109483289805217
2024-05-26 00:00:00+00:00,0.00686446569900904,0.0,0.0,0.00686446569900904,2.326811754516991
2024-05-27 00:00:00+00:00,0.005901871263418604,0.0,0.0,0.005901871263418604,2.3405442979463595
2024-05-28 00:00:00+00:00,-0.004239616662643571,0.0,0.0,-0.004239616662643571,2.3306212873411307
2024-05-29 00:00:00+00:00,-0.006698416083828188,0.0,0.0,-0.006698416083828188,2.3150098162246926
2024-05-30 00:00:00+00:00,-0.00172708362641553,0.0,0.0,-0.00172708362641553,2.3110116006760997
2024-05-31 00:00:00+00:00,0.001278935015337416,0.0,0.0,0.001278935015337416,2.3139672343330555
2024-06-01 00:00:00+00:00,0.004742678882630876,0.0,0.0,0.004742678882630876,2.3249416378704266
2024-06-02 00:00:00+00:00,-0.0030495847987239326,0.0,0.0,-0.0030495847987239326,2.3178515311936567
2024-06-03 00:00:00+00:00,-0.0012210464323844463,0.0,0.0,-0.0012210464323844463,2.315021326850696
2024-06-04 00:00:00+00:00,0.0038199550843363017,0.0,0.0,0.0038199550843363017,2.3238646043385462
2024-06-05 00:00:00+00:00,0.004878095723005312,0.0,0.0,0.004878095723005312,2.3352006383258135
2024-06-06 00:00:00+00:00,-0.004529240893018316,0.0,0.0,-0.004529240893018316,2.3246239521013057
2024-06-07 00:00:00+00:00,-0.011812544688200921,0.0,0.0,-0.011812544688200921,2.297164227783847
2024-06-08 00:00:00+00:00,0.0002945185120743302,0.0,0.0,0.0002945185120743302,2.297840785174204
2024-06-09 00:00:00+00:00,0.002248135080051912,0.0,0.0,0.002248135080051912,2.303006641651728
2024-06-10 00:00:00+00:00,-0.0034669760414418604,0.0,0.0,-0.0034669760414418604,2.29502217280184
2024-06-11 00:00:00+00:00,-0.01549681693635237,0.0,0.0,-0.01549681693635237,2.25945663432506
2024-06-12 00:00:00+00:00,0.0,0.00016666666666666666,0.0,-0.00016666666666666666,2.2590800582193395
2024-06-13 00:00:00+00:00,0.0,0.0,0.0,0.0,2.2590800582193395
2024-06-14 00:00:00+00:00,0.0,0.0,0.0,0.0,2.2590800582193395
2024-06-15 00:00:00+00:00,0.0,0.0,0.0,0.0,2.2590800582193395
2024-06-16 00:00:00+00:00,0.0,0.0,0.0,0.0,2.2590800582193395
2024-06-17 00:00:00+00:00,0.0,0.0,0.0,0.0,2.2590800582193395
2024-06-18 00:00:00+00:00,0.0,0.0,0.0,0.0,2.2590800582193395
2024-06-19 00:00:00+00:00,0.0,0.0,0.0,0.0,2.2590800582193395
2024-06-20 00:00:00+00:00,0.0,0.0,0.0,0.0,2.2590800582193395
2024-06-21 00:00:00+00:00,0.0,0.0,0.0,0.0,2.2590800582193395
2024-06-22 00:00:00+00:00,0.0,0.0,0.0,0.0,2.2590800582193395
2024-06-23 00:00:00+00:00,0.0,0.0,0.0,0.0,2.2590800582193395
2024-06-24 00:00:00+00:00,0.0,0.0,0.0,0.0,2.2590800582193395
2024-06-25 00:00:00+00:00,0.0,0.0,0.0,0.0,2.2590800582193395
2024-06-26 00:00:00+00:00,0.0,0.0,0.0,0.0,2.2590800582193395
2024-06-27 00:00:00+00:00,0.0,0.0,0.0,0.0,2.2590800582193395
2024-06-28 00:00:00+00:00,0.0,0.0,0.0,0.0,2.2590800582193395
2024-06-29 00:00:00+00:00,0.0,0.0,0.0,0.0,2.2590800582193395
2024-06-30 00:00:00+00:00,0.0,0.0,0.0,0.0,2.2590800582193395
2024-07-01 00:00:00+00:00,0.0,0.0,0.0,0.0,2.2590800582193395
2024-07-02 00:00:00+00:00,0.0,0.0,0.0,0.0,2.2590800582193395
2024-07-03 00:00:00+00:00,0.0,0.0,0.0,0.0,2.2590800582193395
2024-07-04 00:00:00+00:00,0.0,0.0,0.0,0.0,2.2590800582193395
2024-07-05 00:00:00+00:00,0.0,0.0,0.0,0.0,2.2590800582193395
2024-07-06 00:00:00+00:00,0.0,0.0,0.0,0.0,2.2590800582193395
2024-07-07 00:00:00+00:00,0.0,0.0,0.0,0.0,2.2590800582193395
2024-07-08 00:00:00+00:00,0.0,0.0,0.0,0.0,2.2590800582193395
2024-07-09 00:00:00+00:00,0.0,0.0,0.0,0.0,2.2590800582193395
2024-07-10 00:00:00+00:00,0.0,0.0,0.0,0.0,2.2590800582193395
2024-07-11 00:00:00+00:00,0.0,0.0,0.0,0.0,2.2590800582193395
2024-07-12 00:00:00+00:00,0.0,0.0,0.0,0.0,2.2590800582193395
2024-07-13 00:00:00+00:00,0.0,0.0,0.0,0.0,2.2590800582193395
2024-07-14 00:00:00+00:00,0.0,0.0,0.0,0.0,2.2590800582193395
2024-07-15 00:00:00+00:00,0.0,0.0,0.0,0.0,2.2590800582193395
2024-07-16 00:00:00+00:00,0.0,0.0,0.0,0.0,2.2590800582193395
2024-07-17 00:00:00+00:00,0.0,0.0,0.0,0.0,2.2590800582193395
2024-07-18 00:00:00+00:00,0.0,0.0,0.0,0.0,2.2590800582193395
2024-07-19 00:00:00+00:00,0.0,0.0,0.0,0.0,2.2590800582193395
2024-07-20 00:00:00+00:00,0.0,0.0,0.0,0.0,2.2590800582193395
2024-07-21 00:00:00+00:00,0.0,0.0,0.0,0.0,2.2590800582193395
2024-07-22 00:00:00+00:00,-0.010099915081214883,0.00016666666666666666,0.0,-0.01026658174788155,2.235887028126622
2024-07-23 00:00:00+00:00,-0.010937208869014354,0.0,0.0,-0.010937208869014354,2.2114326646924813
2024-07-24 00:00:00+00:00,0.009690034483422908,0.0,0.0,0.009690034483422908,2.2328615234711195
2024-07-25 00:00:00+00:00,-0.011625294844434492,0.0,0.0,-0.011625294844434492,2.2069038499139744
2024-07-26 00:00:00+00:00,0.02174376879061198,0.0,0.0,0.02174376879061198,2.254890256969615
2024-07-27 00:00:00+00:00,0.001565971084161788,0.0,0.0,0.001565971084161788,2.2584213499099874
2024-07-28 00:00:00+00:00,0.0017761345512542122,0.0,0.0,0.0017761345512542122,2.2624326101008525
2024-07-29 00:00:00+00:00,-0.0042004687218316255,0.0,0.0,-0.0042004687218316255,2.252929332686872
2024-07-30 00:00:00+00:00,-0.006225922477223348,0.0,0.0,-0.006225922477223348,2.238902769314901
2024-07-31 00:00:00+00:00,-0.013860980873706907,0.0,0.0,-0.013860980873706907,2.2078693808513377
2024-08-01 00:00:00+00:00,-0.008425057752412016,0.0,0.0,-0.008425057752412016,2.189267953807883
2024-08-02 00:00:00+00:00,-0.029077293820079248,0.0,0.0,-0.029077293820079248,2.1256099662641272
2024-08-03 00:00:00+00:00,-0.02236477493399665,0.0,0.0,-0.02236477493399665,2.07807117777117
2024-08-04 00:00:00+00:00,-0.009799794180933647,0.0,0.0,-0.009799794180933647,2.057706507935682
2024-08-05 00:00:00+00:00,0.0,0.00016666666666666666,0.0,-0.00016666666666666666,2.0573635568510262
2024-08-06 00:00:00+00:00,0.0,0.0,0.0,0.0,2.0573635568510262
2024-08-07 00:00:00+00:00,0.0,0.0,0.0,0.0,2.0573635568510262
2024-08-08 00:00:00+00:00,0.0,0.0,0.0,0.0,2.0573635568510262
2024-08-09 00:00:00+00:00,0.0,0.0,0.0,0.0,2.0573635568510262
2024-08-10 00:00:00+00:00,0.0,0.0,0.0,0.0,2.0573635568510262
2024-08-11 00:00:00+00:00,0.0,0.0,0.0,0.0,2.0573635568510262
2024-08-12 00:00:00+00:00,0.0,0.0,0.0,0.0,2.0573635568510262
2024-08-13 00:00:00+00:00,0.0,0.0,0.0,0.0,2.0573635568510262
2024-08-14 00:00:00+00:00,0.0,0.0,0.0,0.0,2.0573635568510262
2024-08-15 00:00:00+00:00,0.0,0.0,0.0,0.0,2.0573635568510262
2024-08-16 00:00:00+00:00,0.0,0.0,0.0,0.0,2.0573635568510262
2024-08-17 00:00:00+00:00,0.0,0.0,0.0,0.0,2.0573635568510262
2024-08-18 00:00:00+00:00,0.0,0.0,0.0,0.0,2.0573635568510262
2024-08-19 00:00:00+00:00,0.0,0.0,0.0,0.0,2.0573635568510262
2024-08-20 00:00:00+00:00,0.0,0.0,0.0,0.0,2.0573635568510262
2024-08-21 00:00:00+00:00,0.0,0.0,0.0,0.0,2.0573635568510262
2024-08-22 00:00:00+00:00,0.0,0.0,0.0,0.0,2.0573635568510262
2024-08-23 00:00:00+00:00,0.0,0.0,0.0,0.0,2.0573635568510262
2024-08-24 00:00:00+00:00,0.0,0.0,0.0,0.0,2.0573635568510262
2024-08-25 00:00:00+00:00,0.0,0.0,0.0,0.0,2.0573635568510262
2024-08-26 00:00:00+00:00,0.0,0.0,0.0,0.0,2.0573635568510262
2024-08-27 00:00:00+00:00,0.0,0.0,0.0,0.0,2.0573635568510262
2024-08-28 00:00:00+00:00,0.0,0.0,0.0,0.0,2.0573635568510262
2024-08-29 00:00:00+00:00,0.0,0.0,0.0,0.0,2.0573635568510262
2024-08-30 00:00:00+00:00,0.0,0.0,0.0,0.0,2.0573635568510262
2024-08-31 00:00:00+00:00,0.0,0.0,0.0,0.0,2.0573635568510262
2024-09-01 00:00:00+00:00,0.0,0.0,0.0,0.0,2.0573635568510262
2024-09-02 00:00:00+00:00,0.0,0.0,0.0,0.0,2.0573635568510262
2024-09-03 00:00:00+00:00,0.0,0.0,0.0,0.0,2.0573635568510262
2024-09-04 00:00:00+00:00,0.0,0.0,0.0,0.0,2.0573635568510262
2024-09-05 00:00:00+00:00,0.0,0.0,0.0,0.0,2.0573635568510262
2024-09-06 00:00:00+00:00,0.0,0.0,0.0,0.0,2.0573635568510262
2024-09-07 00:00:00+00:00,0.0,0.0,0.0,0.0,2.0573635568510262
2024-09-08 00:00:00+00:00,0.0,0.0,0.0,0.0,2.0573635568510262
2024-09-09 00:00:00+00:00,0.0,0.0,0.0,0.0,2.0573635568510262
2024-09-10 00:00:00+00:00,0.0,0.0,0.0,0.0,2.0573635568510262
2024-09-11 00:00:00+00:00,0.0,0.0,0.0,0.0,2.0573635568510262
2024-09-12 00:00:00+00:00,0.0,0.0,0.0,0.0,2.0573635568510262
2024-09-13 00:00:00+00:00,0.0,0.0,0.0,0.0,2.0573635568510262
2024-09-14 00:00:00+00:00,0.0,0.0,0.0,0.0,2.0573635568510262
2024-09-15 00:00:00+00:00,0.0,0.0,0.0,0.0,2.0573635568510262
2024-09-16 00:00:00+00:00,0.0,0.0,0.0,0.0,2.0573635568510262
2024-09-17 00:00:00+00:00,0.0,0.0,0.0,0.0,2.0573635568510262
2024-09-18 00:00:00+00:00,0.0,0.0,0.0,0.0,2.0573635568510262
2024-09-19 00:00:00+00:00,0.0,0.0,0.0,0.0,2.0573635568510262
2024-09-20 00:00:00+00:00,0.0,0.0,0.0,0.0,2.0573635568510262
2024-09-21 00:00:00+00:00,0.0,0.0,0.0,0.0,2.0573635568510262
2024-09-22 00:00:00+00:00,0.0,0.0,0.0,0.0,2.0573635568510262
2024-09-23 00:00:00+00:00,0.0,0.0,0.0,0.0,2.0573635568510262
2024-09-24 00:00:00+00:00,0.0,0.0,0.0,0.0,2.0573635568510262
2024-09-25 00:00:00+00:00,0.0,0.0,0.0,0.0,2.0573635568510262
2024-09-26 00:00:00+00:00,0.0,0.0,0.0,0.0,2.0573635568510262
2024-09-27 00:00:00+00:00,0.0,0.0,0.0,0.0,2.0573635568510262
2024-09-28 00:00:00+00:00,0.0,0.0,0.0,0.0,2.0573635568510262
2024-09-29 00:00:00+00:00,0.0,0.0,0.0,0.0,2.0573635568510262
2024-09-30 00:00:00+00:00,0.0,0.0,0.0,0.0,2.0573635568510262
2024-10-01 00:00:00+00:00,0.0,0.0,0.0,0.0,2.0573635568510262
2024-10-02 00:00:00+00:00,0.0,0.0,0.0,0.0,2.0573635568510262
2024-10-03 00:00:00+00:00,0.0,0.0,0.0,0.0,2.0573635568510262
2024-10-04 00:00:00+00:00,0.0,0.0,0.0,0.0,2.0573635568510262
2024-10-05 00:00:00+00:00,0.0,0.0,0.0,0.0,2.0573635568510262
2024-10-06 00:00:00+00:00,0.0,0.0,0.0,0.0,2.0573635568510262
2024-10-07 00:00:00+00:00,0.0,0.0,0.0,0.0,2.0573635568510262
2024-10-08 00:00:00+00:00,0.0,0.0,0.0,0.0,2.0573635568510262
2024-10-09 00:00:00+00:00,0.0,0.0,0.0,0.0,2.0573635568510262
2024-10-10 00:00:00+00:00,0.0,0.0,0.0,0.0,2.0573635568510262
2024-10-11 00:00:00+00:00,0.0,0.0,0.0,0.0,2.0573635568510262
2024-10-12 00:00:00+00:00,0.0,0.0,0.0,0.0,2.0573635568510262
2024-10-13 00:00:00+00:00,0.0,0.0,0.0,0.0,2.0573635568510262
2024-10-14 00:00:00+00:00,0.0,0.0,0.0,0.0,2.0573635568510262
2024-10-15 00:00:00+00:00,0.0,0.0,0.0,0.0,2.0573635568510262
2024-10-16 00:00:00+00:00,0.002712769282866197,0.00016666666666666666,0.0,0.0025461026161995304,2.062601815585598
2024-10-17 00:00:00+00:00,-0.0009771762332875245,0.0,0.0,-0.0009771762332875245,2.060586290112672
2024-10-18 00:00:00+00:00,0.0049747524711846545,0.0,0.0,0.0049747524711846545,2.070837196851499
2024-10-19 00:00:00+00:00,-0.00024356501237310368,0.0,0.0,-0.00024356501237310368,2.0703328133640255
2024-10-20 00:00:00+00:00,0.0031881111858590066,0.0,0.0,0.0031881111858590066,2.076933264564762
2024-10-21 00:00:00+00:00,-0.010438224844661021,0.00016666666666666666,0.0,-0.010604891511327688,2.054907612617785
2024-10-22 00:00:00+00:00,0.0030884301181678766,0.0,0.0,0.0030884301181678766,2.0612540511786466
2024-10-23 00:00:00+00:00,0.0027399735586760192,0.0,0.0,0.0027399735586760192,2.0669018327765896
2024-10-24 00:00:00+00:00,0.020017447398704036,0.0,0.0,0.020017447398704036,2.10827593149248
2024-10-25 00:00:00+00:00,-0.03045150994720406,0.0,0.0,-0.03045150994720406,2.0440757459931858
2024-10-26 00:00:00+00:00,0.014059347994780147,0.0,0.0,0.014059347994780147,2.0728141182337936
2024-10-27 00:00:00+00:00,0.015831650585172847,0.0,0.0,0.015831650585172847,2.105630187081684
2024-10-28 00:00:00+00:00,0.012641995005952422,0.0,0.0,0.012641995005952422,2.132249553391153
2024-10-29 00:00:00+00:00,0.015330322347441692,0.0,0.0,0.015330322347441692,2.164937626369828
2024-10-30 00:00:00+00:00,-0.010248138135602953,0.0,0.0,-0.010248138135602953,2.142751046519826
2024-10-31 00:00:00+00:00,-0.021238273313259115,0.0,0.0,-0.021238273313259115,2.097242714151566
2024-11-01 00:00:00+00:00,-0.008892598705671679,0.0,0.0,-0.008892598705671679,2.0785927763062224
2024-11-02 00:00:00+00:00,-0.0004411864648994346,0.0,0.0,-0.0004411864648994346,2.0776757293072783
2024-11-03 00:00:00+00:00,-0.010178646901268868,0.0,0.0,-0.010178646901268868,2.0565278016833233
2024-11-04 00:00:00+00:00,-0.013881041086461671,0.0,0.0,-0.013881041086461671,2.0279810547727064
2024-11-05 00:00:00+00:00,0.025774206616007524,0.0,0.0,0.025774206616007524,2.080250657491767
2024-11-06 00:00:00+00:00,0.06974216399016511,0.0,0.0,0.06974216399016511,2.225331839987207
2024-11-07 00:00:00+00:00,0.018696781765663435,0.0,0.0,0.018696781765663435,2.26693838375563
2024-11-08 00:00:00+00:00,0.016436603470171358,0.00016666666666666666,0.0,0.016269936803504692,2.303821327996773
2024-11-09 00:00:00+00:00,0.01930658237399633,0.0,0.0,0.01930658237399633,2.3483002442407126
2024-11-10 00:00:00+00:00,0.0391059555357296,0.0,0.0,0.0391059555357296,2.440132769176533
2024-11-11 00:00:00+00:00,0.07319568692513947,0.0,0.0,0.07319568692513947,2.6187399634049524
2024-11-12 00:00:00+00:00,-0.030992549734428332,0.0,0.0,-0.030992549734428332,2.537578534847589
2024-11-13 00:00:00+00:00,0.008860179599877838,0.0,0.0,0.008860179599877838,2.560061936415134
2024-11-14 00:00:00+00:00,-0.0332855145720126,0.0,0.0,-0.0332855145720126,2.4748489575253334
2024-11-15 00:00:00+00:00,0.03167119783051701,0.0,0.0,0.03167119783051701,2.553230388459767
2024-11-16 00:00:00+00:00,-0.0011874818777057134,0.0,0.0,-0.0011874818777057134,2.5501984736438637
2024-11-17 00:00:00+00:00,0.02488488904020355,0.0,0.0,0.02488488904020355,2.613659879690988
2024-11-18 00:00:00+00:00,0.01979496453090649,0.0,0.0,0.01979496453090649,2.6653971843053244
2024-11-19 00:00:00+00:00,-0.006626794663833831,0.0,0.0,-0.006626794663833831,2.647734144467372
2024-11-20 00:00:00+00:00,9.92067912182577e-05,0.0,0.0,9.92067912182577e-05,2.6479968176758435
2024-11-21 00:00:00+00:00,0.07485626636704024,0.0,0.0,0.07485626636704024,2.8462159727988614
2024-11-22 00:00:00+00:00,-0.0001460506467940712,0.0,0.0,-0.0001460506467940712,2.8458002811151184
2024-11-23 00:00:00+00:00,-9.486494577008254e-05,0.0,0.0,-9.486494577008254e-05,2.845530314425778
2024-11-24 00:00:00+00:00,-0.005260482317510121,0.0,0.0,-0.005260482317510121,2.8305614525228022
2024-11-25 00:00:00+00:00,-0.03583108175592538,0.0,0.0,-0.03583108175592538,2.729139373702287
2024-11-26 00:00:00+00:00,-0.017474923329368248,0.0,0.0,-0.017474923329368248,2.6814478723916793
2024-11-27 00:00:00+00:00,0.0633528556745629,0.0,0.0,0.0633528556745629,2.851325252450173
2024-11-28 00:00:00+00:00,-0.013578865456717529,0.0,0.0,-0.013578865456717529,2.8126074904738108
2024-11-29 00:00:00+00:00,0.015632142295143904,0.0,0.0,0.015632142295143904,2.856574570985285
2024-11-30 00:00:00+00:00,-0.0011112587224627957,0.0,0.0,-0.0011112587224627957,2.8534001775769124
2024-12-01 00:00:00+00:00,0.001925731904533601,0.0,0.0,0.001925731904533601,2.858895061335274
2024-12-02 00:00:00+00:00,-0.02597953723442455,0.0,0.0,-0.02597953723442455,2.784622290640002
2024-12-03 00:00:00+00:00,0.009495992695553864,0.0,0.0,0.009495992695553864,2.8110650435717957
2024-12-04 00:00:00+00:00,0.0233153735169654,0.0,0.0,0.0233153735169654,2.8766060750431564
2024-12-05 00:00:00+00:00,-0.0003876866225602793,0.0,0.0,-0.0003876866225602793,2.8754908533494863
2024-12-06 00:00:00+00:00,0.029882975814737048,0.0,0.0,0.029882975814737048,2.9614190769756266
2024-12-07 00:00:00+00:00,0.0018709239727130456,0.0,0.0,0.0018709239727130456,2.96695966691999
2024-12-08 00:00:00+00:00,0.0033595868339790043,0.0,0.0,0.0033595868339790043,2.9769274255539213
2024-12-09 00:00:00+00:00,-0.06563294871042198,0.0,0.0,-0.06563294871042198,2.781542900517892
2024-12-10 00:00:00+00:00,-0.014525000127694457,0.0,0.0,-0.014525000127694457,2.741140989532682
2024-12-11 00:00:00+00:00,0.05570481884022337,0.0,0.0,0.05570481884022337,2.8938357517701108
2024-12-12 00:00:00+00:00,0.00015405221036390832,0.0,0.0,0.00015405221036390832,2.8942815535641007
2024-12-13 00:00:00+00:00,0.003709136638156936,0.0,0.0,0.003709136638156936,2.905016839315567
2024-12-14 00:00:00+00:00,-0.010335775405652965,0.0,0.0,-0.010335775405652965,2.8749912377147613
2024-12-15 00:00:00+00:00,0.02423042469438178,0.0,0.0,0.02423042469438178,2.9446534963972164
2024-12-16 00:00:00+00:00,-0.004635035059468496,0.0,0.0,-0.004635035059468496,2.9310049242034286
2024-12-17 00:00:00+00:00,0.0031712863596995424,0.0,0.0,0.0031712863596995424,2.940299980139767
2024-12-18 00:00:00+00:00,-0.06624364753622547,0.0,0.0,-0.06624364753622547,2.7455237846046177
2024-12-19 00:00:00+00:00,-0.04893305579934773,0.0,0.0,-0.04893305579934773,2.6111769160541236
2024-12-20 00:00:00+00:00,0.001175092150577317,0.0003333333333333333,0.0,0.0008417588172439838,2.613374897246596
2024-12-21 00:00:00+00:00,-0.0017499026639008855,0.0,0.0,-0.0017499026639008855,2.6088017455521326
2024-12-22 00:00:00+00:00,-0.0072144342680899864,0.0,0.0,-0.0072144342680899864,2.589980716840368
2024-12-23 00:00:00+00:00,-0.001067380831290062,0.0,0.0,-0.001067380831290062,2.5872162210698018
2024-12-24 00:00:00+00:00,0.013287139557738007,0.0,0.0,0.013287139557738007,2.6215929240652
2024-12-25 00:00:00+00:00,0.002587986367411347,0.0,0.0,0.002587986367411347,2.628377570813583
2024-12-26 00:00:00+00:00,-0.01219623398531892,0.0,0.0,-0.01219623398531892,2.5963212629581767
2024-12-27 00:00:00+00:00,-0.005193809617266379,0.0,0.0,-0.005193809617266379,2.5828364646131114
2024-12-28 00:00:00+00:00,0.0035382831262068164,0.0,0.0,0.0035382831262068164,2.5919752712936033
2024-12-29 00:00:00+00:00,-0.00546274921301156,0.0,0.0,-0.00546274921301156,2.5778159604201987
2024-12-30 00:00:00+00:00,-0.0033645123688456806,0.0,0.0,-0.0033645123688456806,2.569142866736757
2024-12-31 00:00:00+00:00,0.0028161536108607015,0.0,0.0,0.0028161536108607015,2.5763779676977343
2025-01-01 00:00:00+00:00,0.003618413553332737,0.0,0.0,0.003618413553332737,2.58570036865456
2025-01-02 00:00:00+00:00,0.008432726208761565,0.0,0.0,0.008432726208761565,2.6075048719213174
2025-01-03 00:00:00+00:00,0.004087891857407063,0.0,0.0,0.004087891857407063,2.6181640698553936
2025-01-04 00:00:00+00:00,0.0001572714943990731,0.0,0.0,0.0001572714943990731,2.618575832431242
2025-01-05 00:00:00+00:00,0.0004856759366255551,0.0,0.0,0.0004856759366255551,2.6198476117012834
2025-01-06 00:00:00+00:00,0.013121349789147954,0.0,0.0,0.013121349789147954,2.6542235486086803
2025-01-07 00:00:00+00:00,-0.017218366205118407,0.0,0.0,-0.017218366205118407,2.608522155558487
2025-01-08 00:00:00+00:00,-0.006511638109145419,0.0,0.0,-0.006511638109145419,2.5915364032818022
2025-01-09 00:00:00+00:00,-0.008794809963874606,0.0,0.0,-0.008794809963874606,2.568744333100476
2025-01-10 00:00:00+00:00,0.007828422552434839,0.0,0.0,0.007828422552434839,2.5888535491691584
2025-01-11 00:00:00+00:00,-0.00044380583135946355,0.0,0.0,-0.00044380583135946355,2.5877046008675015
2025-01-12 00:00:00+00:00,-0.00019355181750021117,0.0,0.0,-0.00019355181750021117,2.58720374593885
2025-01-13 00:00:00+00:00,-3.158987541670062e-05,0.0,0.0,-3.158987541670062e-05,2.587122016494838
2025-01-14 00:00:00+00:00,0.007139283300241864,0.0,0.0,0.007139283300241864,2.6055922135028875
2025-01-15 00:00:00+00:00,0.013588977286794385,0.0,0.0,0.013588977286794385,2.6409995469108263
2025-01-16 00:00:00+00:00,-0.0016917527344419239,0.0,0.0,-0.0016917527344419239,2.63653162870568
2025-01-17 00:00:00+00:00,0.013635665062796305,0.0,0.0,0.013635665062796305,2.6724824909221794
2025-01-18 00:00:00+00:00,0.0015333128101615578,0.0,0.0,0.0015333128101615578,2.676580242560443
2025-01-19 00:00:00+00:00,-0.022431983656344946,0.00016666666666666666,0.0,-0.022598650323011612,2.616093141597338
2025-01-20 00:00:00+00:00,-0.010455098554048397,0.0,0.0,-0.010455098554048397,2.588741629975368
2025-01-21 00:00:00+00:00,0.023863243135284685,0.0,0.0,0.023863243135284685,2.650517400905904
2025-01-22 00:00:00+00:00,0.0017073360886800115,0.0,0.0,0.0017073360886800115,2.655042724918145
2025-01-23 00:00:00+00:00,-0.004849943869549511,0.0,0.0,-0.004849943869549511,2.6421659167310363
2025-01-24 00:00:00+00:00,0.003422498413592508,0.0,0.0,0.003422498413592508,2.6512087253894965
2025-01-25 00:00:00+00:00,0.003606396723765911,0.0,0.0,0.003606396723765911,2.6607700358507604
2025-01-26 00:00:00+00:00,-0.027451243307376506,0.0,0.0,-0.027451243307376506,2.5877285902116443
2025-01-27 00:00:00+00:00,-0.0095203193313698,0.0,0.0,-0.0095203193313698,2.563092587689914
2025-01-28 00:00:00+00:00,-0.013551792095856885,0.0,0.0,-0.013551792095856885,2.5283580898191085
2025-01-29 00:00:00+00:00,0.009501911475601643,0.0,0.0,0.009501911475601643,2.552382324567191
2025-01-30 00:00:00+00:00,0.018009047912871834,0.0,0.0,0.018009047912871834,2.598348300142289
2025-01-31 00:00:00+00:00,-0.01644758198589924,0.0,0.0,-0.01644758198589924,2.5556117534477765
2025-02-01 00:00:00+00:00,-0.03278987257210686,0.0,0.0,-0.03278987257210686,2.4718135697084453
2025-02-02 00:00:00+00:00,-0.024617917618042735,0.0,0.0,-0.024617917618042735,2.4109626668822024
2025-02-03 00:00:00+00:00,0.03329396749432445,0.0,0.0,0.03329396749432445,2.4912331795434084
2025-02-04 00:00:00+00:00,-0.026586097465553144,0.0,0.0,-0.026586097465553144,2.4250010114226472
2025-02-05 00:00:00+00:00,-0.020893360269533624,0.0,0.0,-0.020893360269533624,2.3743345916370107
2025-02-06 00:00:00+00:00,-0.01138401736435864,0.0,0.0,-0.01138401736435864,2.3473051254170176
2025-02-07 00:00:00+00:00,0.00414452089836137,0.0,0.0,0.00414452089836137,2.3570335805641394
2025-02-08 00:00:00+00:00,0.012512002777562037,0.0,0.0,0.012512002777562037,2.386524791270965
2025-02-09 00:00:00+00:00,0.0019854519186135455,0.0,0.0,0.0019854519186135455,2.3912631214966127
2025-02-10 00:00:00+00:00,0.003345229116938982,0.0,0.0,0.003345229116938982,2.3992624445169053
2025-02-11 00:00:00+00:00,-0.009827520180930952,0.0,0.0,-0.009827520180930952,2.3756836444240657
2025-02-12 00:00:00+00:00,0.0052930461209947195,0.0,0.0,0.0052930461209947195,2.388258247522895
2025-02-13 00:00:00+00:00,-0.008583374170317144,0.0,0.0,-0.008583374170317144,2.36775893336906
2025-02-14 00:00:00+00:00,0.011899147416854309,0.0,0.0,0.011899147416854309,2.3959332459647924
2025-02-15 00:00:00+00:00,-0.007971857202203503,0.0,0.0,-0.007971857202203503,2.376833208261949
2025-02-16 00:00:00+00:00,-0.015602754905822781,0.0,0.0,-0.015602754905822781,2.3397480622614175
2025-02-17 00:00:00+00:00,-0.02018782907401447,0.0,0.0,-0.02018782907401447,2.2925136283042273
2025-02-18 00:00:00+00:00,-0.01579200118407879,0.0,0.0,-0.01579200118407879,2.25631025037153
2025-02-19 00:00:00+00:00,0.003388774992489907,0.00016666666666666666,0.0,0.0032221083258232404,2.2635803264148926
2025-02-20 00:00:00+00:00,0.005727631452647837,0.0,0.0,0.005727631452647837,2.2765452802880612
2025-02-21 00:00:00+00:00,-0.0071987521828323535,0.0,0.0,-0.0071987521828323535,2.2601569949822706
2025-02-22 00:00:00+00:00,0.0012789297953733254,0.0,0.0,0.0012789297953733254,2.263047577105375
2025-02-23 00:00:00+00:00,-0.0010115896250075436,0.0,0.0,-0.0010115896250075436,2.2607583016554766
2025-02-24 00:00:00+00:00,-0.016293433619370152,0.0,0.0,-0.016293433619370152,2.223922786338013
2025-02-25 00:00:00+00:00,0.0,0.00016666666666666666,0.0,-0.00016666666666666666,2.22355213254029
2025-02-26 00:00:00+00:00,0.0,0.0,0.0,0.0,2.22355213254029
2025-02-27 00:00:00+00:00,0.0,0.0,0.0,0.0,2.22355213254029
2025-02-28 00:00:00+00:00,0.0,0.0,0.0,0.0,2.22355213254029
2025-03-01 00:00:00+00:00,0.0,0.0,0.0,0.0,2.22355213254029
2025-03-02 00:00:00+00:00,0.0,0.0,0.0,0.0,2.22355213254029
2025-03-03 00:00:00+00:00,0.0,0.0,0.0,0.0,2.22355213254029
2025-03-04 00:00:00+00:00,0.0,0.0,0.0,0.0,2.22355213254029
2025-03-05 00:00:00+00:00,0.0,0.0,0.0,0.0,2.22355213254029
2025-03-06 00:00:00+00:00,0.0,0.0,0.0,0.0,2.22355213254029
2025-03-07 00:00:00+00:00,0.0,0.0,0.0,0.0,2.22355213254029
2025-03-08 00:00:00+00:00,0.0,0.0,0.0,0.0,2.22355213254029
2025-03-09 00:00:00+00:00,0.0,0.0,0.0,0.0,2.22355213254029
2025-03-10 00:00:00+00:00,0.0,0.0,0.0,0.0,2.22355213254029
2025-03-11 00:00:00+00:00,0.0,0.0,0.0,0.0,2.22355213254029
2025-03-12 00:00:00+00:00,0.0,0.0,0.0,0.0,2.22355213254029
2025-03-13 00:00:00+00:00,0.0,0.0,0.0,0.0,2.22355213254029
2025-03-14 00:00:00+00:00,0.0,0.0,0.0,0.0,2.22355213254029
2025-03-15 00:00:00+00:00,0.0,0.0,0.0,0.0,2.22355213254029
2025-03-16 00:00:00+00:00,0.0,0.0,0.0,0.0,2.22355213254029
2025-03-17 00:00:00+00:00,0.0,0.0,0.0,0.0,2.22355213254029
2025-03-18 00:00:00+00:00,0.0,0.0,0.0,0.0,2.22355213254029
2025-03-19 00:00:00+00:00,0.0,0.0,0.0,0.0,2.22355213254029
2025-03-20 00:00:00+00:00,0.0,0.0,0.0,0.0,2.22355213254029
2025-03-21 00:00:00+00:00,0.0,0.0,0.0,0.0,2.22355213254029
2025-03-22 00:00:00+00:00,0.0,0.0,0.0,0.0,2.22355213254029
2025-03-23 00:00:00+00:00,0.0,0.0,0.0,0.0,2.22355213254029
2025-03-24 00:00:00+00:00,0.0,0.0,0.0,0.0,2.22355213254029
2025-03-25 00:00:00+00:00,0.0,0.0,0.0,0.0,2.22355213254029
2025-03-26 00:00:00+00:00,0.0,0.0,0.0,0.0,2.22355213254029
2025-03-27 00:00:00+00:00,0.0,0.0,0.0,0.0,2.22355213254029
2025-03-28 00:00:00+00:00,0.0,0.0,0.0,0.0,2.22355213254029
2025-03-29 00:00:00+00:00,0.0,0.0,0.0,0.0,2.22355213254029
2025-03-30 00:00:00+00:00,0.0,0.0,0.0,0.0,2.22355213254029
2025-03-31 00:00:00+00:00,0.0,0.0,0.0,0.0,2.22355213254029
2025-04-01 00:00:00+00:00,0.0,0.0,0.0,0.0,2.22355213254029
2025-04-02 00:00:00+00:00,0.0,0.0,0.0,0.0,2.22355213254029
2025-04-03 00:00:00+00:00,0.0,0.0,0.0,0.0,2.22355213254029
2025-04-04 00:00:00+00:00,0.0,0.0,0.0,0.0,2.22355213254029
2025-04-05 00:00:00+00:00,0.0,0.0,0.0,0.0,2.22355213254029
2025-04-06 00:00:00+00:00,0.0,0.0,0.0,0.0,2.22355213254029
2025-04-07 00:00:00+00:00,0.0,0.0,0.0,0.0,2.22355213254029
2025-04-08 00:00:00+00:00,0.0,0.0,0.0,0.0,2.22355213254029
2025-04-09 00:00:00+00:00,0.0,0.0,0.0,0.0,2.22355213254029
2025-04-10 00:00:00+00:00,0.0,0.0,0.0,0.0,2.22355213254029
2025-04-11 00:00:00+00:00,0.0,0.0,0.0,0.0,2.22355213254029
2025-04-12 00:00:00+00:00,0.0,0.0,0.0,0.0,2.22355213254029
2025-04-13 00:00:00+00:00,0.0,0.0,0.0,0.0,2.22355213254029
2025-04-14 00:00:00+00:00,0.0,0.0,0.0,0.0,2.22355213254029
2025-04-15 00:00:00+00:00,0.0,0.0,0.0,0.0,2.22355213254029
2025-04-16 00:00:00+00:00,0.0,0.0,0.0,0.0,2.22355213254029
2025-04-17 00:00:00+00:00,0.0,0.0,0.0,0.0,2.22355213254029
2025-04-18 00:00:00+00:00,0.0,0.0,0.0,0.0,2.22355213254029
2025-04-19 00:00:00+00:00,0.0,0.0,0.0,0.0,2.22355213254029
2025-04-20 00:00:00+00:00,0.0,0.0,0.0,0.0,2.22355213254029
2025-04-21 00:00:00+00:00,0.0,0.0,0.0,0.0,2.22355213254029
2025-04-22 00:00:00+00:00,0.0,0.0,0.0,0.0,2.22355213254029
2025-04-23 00:00:00+00:00,0.0,0.0,0.0,0.0,2.22355213254029
2025-04-24 00:00:00+00:00,0.0,0.0,0.0,0.0,2.22355213254029
2025-04-25 00:00:00+00:00,0.0,0.0,0.0,0.0,2.22355213254029
2025-04-26 00:00:00+00:00,0.0,0.0,0.0,0.0,2.22355213254029
2025-04-27 00:00:00+00:00,0.0,0.0,0.0,0.0,2.22355213254029
2025-04-28 00:00:00+00:00,0.0,0.0,0.0,0.0,2.22355213254029
2025-04-29 00:00:00+00:00,0.0,0.0,0.0,0.0,2.22355213254029
2025-04-30 00:00:00+00:00,0.0,0.0,0.0,0.0,2.22355213254029
2025-05-01 00:00:00+00:00,0.0,0.0,0.0,0.0,2.22355213254029
2025-05-02 00:00:00+00:00,0.0013722678360876817,0.00016666666666666666,0.0,0.001205601169421015,2.226232849591549
2025-05-03 00:00:00+00:00,-0.003546119054947172,0.0,0.0,-0.003546119054947172,2.218338362862863
2025-05-04 00:00:00+00:00,-0.005490155658501195,0.0,0.0,-0.005490155658501195,2.2061593399475212
2025-05-05 00:00:00+00:00,0.001612471761590924,0.0,0.0,0.001612471761590924,2.2097167095847565
2025-05-06 00:00:00+00:00,0.007390331858039723,0.0,0.0,0.007390331858039723,2.2260472493808434
2025-05-07 00:00:00+00:00,0.0006763463226388359,0.0,0.0,0.0006763463226388359,2.2275528282519828
2025-05-08 00:00:00+00:00,0.021405984029076786,0.0,0.0,0.021405984029076786,2.2752357885174694
2025-05-09 00:00:00+00:00,0.036714632644026336,0.0003333333333333333,0.0,0.036381299310693005,2.3580118227419242
2025-05-10 00:00:00+00:00,0.04966401916662695,0.0,0.0,0.04966401916662695,2.475120167101712
2025-05-11 00:00:00+00:00,-0.019865972750896296,0.0,0.0,-0.019865972750896296,2.4259494973068754
2025-05-12 00:00:00+00:00,-0.004796862527791287,0.0,0.0,-0.004796862527791287,2.41431255106893
2025-05-13 00:00:00+00:00,0.047099449129192575,0.0,0.0,0.047099449129192575,2.528025342249972
2025-05-14 00:00:00+00:00,-0.023509670319445397,0.0,0.0,-0.023509670319445397,2.468592299894472
2025-05-15 00:00:00+00:00,-0.021088989692754967,0.0,0.0,-0.021088989692754967,2.4165321823263834
2025-05-16 00:00:00+00:00,-0.0059444303471029025,0.0,0.0,-0.0059444303471029025,2.4021672750870118
2025-05-17 00:00:00+00:00,-0.012144712958799597,0.0,0.0,-0.012144712958799597,2.3729936430520584
2025-05-18 00:00:00+00:00,0.028597339506547227,0.0,0.0,0.028597339506547227,2.4408549479092967
2025-05-19 00:00:00+00:00,-0.011092514958773243,0.0,0.0,-0.011092514958773243,2.413779727887417
2025-05-20 00:00:00+00:00,0.00696475552827173,0.0,0.0,0.00696475552827173,2.430591113591251
2025-05-21 00:00:00+00:00,0.022022644360728018,0.0,0.0,0.022022644360728018,2.4841191572722168
2025-05-22 00:00:00+00:00,0.032926524097512434,0.0,0.0,0.032926524097512434,2.565912566565233
2025-05-23 00:00:00+00:00,-0.040885613041048575,0.0,0.0,-0.040885613041048575,2.461003658271483
2025-05-24 00:00:00+00:00,0.005455423228240811,0.0,0.0,0.005455423228240811,2.474429474793603
2025-05-25 00:00:00+00:00,0.0063389241032656045,0.0,0.0,0.0063389241032656045,2.490114695433203
2025-05-26 00:00:00+00:00,0.0013730660166619093,0.0,0.0,0.0013730660166619093,2.4935337872990933
2025-05-27 00:00:00+00:00,0.014543936265654384,0.0,0.0,0.014543936265654384,2.529799583777827
2025-05-28 00:00:00+00:00,-0.009422381876774244,0.0,0.0,-0.009422381876774244,2.505962846027768
2025-05-29 00:00:00+00:00,-0.0236664380211438,0.0,0.0,-0.0236664380211438,2.4466556316489627
2025-05-30 00:00:00+00:00,-0.038752921373390925,0.0,0.0,-0.038752921373390925,2.351840578327906
2025-05-31 00:00:00+00:00,0.0015119423372442022,0.00016666666666666666,0.0,0.0013452756705775355,2.355004452239008
2025-06-01 00:00:00+00:00,0.004819851948023368,0.0,0.0,0.004819851948023368,2.366355225035736
2025-06-02 00:00:00+00:00,0.009631490948067256,0.0,0.0,0.009631490948067256,2.389146753965579
2025-06-03 00:00:00+00:00,-0.0033110856361292145,0.0,0.0,-0.0033110856361292145,2.3812360844659186
2025-06-04 00:00:00+00:00,-0.00031050612196292793,0.0,0.0,-0.00031050612196292793,2.3804966960838527
2025-06-05 00:00:00+00:00,-0.03490687205751123,0.0,0.0,-0.03490687205751123,2.2974010024803255
2025-06-06 00:00:00+00:00,0.008573562937463622,0.00016666666666666666,0.0,0.008406896270796955,2.316715014400603
2025-06-07 00:00:00+00:00,0.0065331233256600285,0.0,0.0,0.0065331233256600285,2.33185039930009
2025-06-08 00:00:00+00:00,-0.001954081720225709,0.0,0.0,-0.001954081720225709,2.3272937730605165
2025-06-09 00:00:00+00:00,0.022617733737610408,0.0,0.0,0.022617733737610408,2.3799318839487977
2025-06-10 00:00:00+00:00,0.016948182861776573,0.0,0.0,0.016948182861776573,2.4202674047165345
2025-06-11 00:00:00+00:00,-0.005301093594659837,0.0,0.0,-0.005301093594659837,2.4074373406800276
2025-06-12 00:00:00+00:00,-0.015509637599325554,0.0,0.0,-0.015509637599325554,2.3700988599829964
2025-06-13 00:00:00+00:00,-0.00800459135085363,0.0,0.0,-0.00800459135085363,2.3511271871477084
2025-06-14 00:00:00+00:00,-0.006259071000326966,0.0,0.0,-0.006259071000326966,2.336411315152552
2025-06-15 00:00:00+00:00,0.002219359665344293,0.0,0.0,0.002219359665344293,2.341596652187056
2025-06-16 00:00:00+00:00,-0.0004500950564123585,0.0,0.0,-0.0004500950564123585,2.3405427111097947
2025-06-17 00:00:00+00:00,-0.0044834530187317645,0.0,0.0,-0.0044834530187317645,2.3300489978261987
2025-06-18 00:00:00+00:00,0.001998711793727681,0.0,0.0,0.001998711793727681,2.3347060942381175
2025-06-19 00:00:00+00:00,-0.0005122112211221422,0.0,0.0,-0.0005122112211221422,2.3335102315786265
2025-06-20 00:00:00+00:00,-0.015155962429396467,0.0,0.0,-0.015155962429396467,2.2981436381802087
2025-06-21 00:00:00+00:00,-0.015341846423629419,0.0,0.0,-0.015341846423629419,2.2628858714238067
2025-06-22 00:00:00+00:00,0.0,0.00016666666666666666,0.0,-0.00016666666666666666,2.2625087237785695
2025-06-23 00:00:00+00:00,0.0,0.0,0.0,0.0,2.2625087237785695
2025-06-24 00:00:00+00:00,0.0,0.0,0.0,0.0,2.2625087237785695
2025-06-25 00:00:00+00:00,0.0,0.0,0.0,0.0,2.2625087237785695
2025-06-26 00:00:00+00:00,0.0,0.0,0.0,0.0,2.2625087237785695
2025-06-27 00:00:00+00:00,0.0,0.0,0.0,0.0,2.2625087237785695
2025-06-28 00:00:00+00:00,0.0,0.0,0.0,0.0,2.2625087237785695
2025-06-29 00:00:00+00:00,0.0,0.0,0.0,0.0,2.2625087237785695
2025-06-30 00:00:00+00:00,0.0,0.0,0.0,0.0,2.2625087237785695
2025-07-01 00:00:00+00:00,0.0,0.0,0.0,0.0,2.2625087237785695
2025-07-02 00:00:00+00:00,0.0,0.0,0.0,0.0,2.2625087237785695
2025-07-03 00:00:00+00:00,0.0,0.0,0.0,0.0,2.2625087237785695
2025-07-04 00:00:00+00:00,0.0,0.0,0.0,0.0,2.2625087237785695
2025-07-05 00:00:00+00:00,0.0,0.0,0.0,0.0,2.2625087237785695
2025-07-06 00:00:00+00:00,0.0,0.0,0.0,0.0,2.2625087237785695
2025-07-07 00:00:00+00:00,0.0,0.0,0.0,0.0,2.2625087237785695
2025-07-08 00:00:00+00:00,0.0,0.0,0.0,0.0,2.2625087237785695
2025-07-09 00:00:00+00:00,0.0,0.0,0.0,0.0,2.2625087237785695
2025-07-10 00:00:00+00:00,0.0,0.0,0.0,0.0,2.2625087237785695
2025-07-11 00:00:00+00:00,0.005143424608510028,0.0003333333333333333,0.0,0.004810091275176695,2.273391597250828
2025-07-12 00:00:00+00:00,-0.001988791334059085,0.0,0.0,-0.001988791334059085,2.268870295743293
2025-07-13 00:00:00+00:00,0.007987282672086518,0.0,0.0,0.007987282672086518,2.2869924041416954
2025-07-14 00:00:00+00:00,0.006776620469285325,0.0,0.0,0.006776620469285325,2.3024904836807023
2025-07-15 00:00:00+00:00,0.007951344271646382,0.0,0.0,0.007951344271646382,2.320798378198637
2025-07-16 00:00:00+00:00,0.027269404090338806,0.0,0.0,0.027269404090338806,2.3840851669859386
2025-07-17 00:00:00+00:00,0.011970362979863683,0.0,0.0,0.011970362979863683,2.4126235318096696
2025-07-18 00:00:00+00:00,0.0032120188872613773,0.0,0.0,0.0032120188872613773,2.4203729241616934
2025-07-19 00:00:00+00:00,0.003997665511671689,0.0,0.0,0.003997665511671689,2.4300487655259984
2025-07-20 00:00:00+00:00,0.013655906079633257,0.0,0.0,0.013655906079633257,2.46323328323695
2025-07-21 00:00:00+00:00,0.0008280173522755933,0.0,0.0,0.0008280173522755933,2.4652728831381734
2025-07-22 00:00:00+00:00,0.022878618398484075,0.00016666666666666666,0.0,0.02271195173181741,2.5212640418657664
2025-07-23 00:00:00+00:00,-0.04023649056955839,0.0,0.0,-0.04023649056955839,2.419817225021868
2025-07-24 00:00:00+00:00,-0.0054316597356806415,0.0,0.0,-0.0054316597356806415,2.40667360123301
2025-07-25 00:00:00+00:00,0.0066641779051386605,0.0,0.0,0.0066641779051386605,2.4227121022712277
2025-07-26 00:00:00+00:00,-0.0010448198226555108,0.0,0.0,-0.0010448198226555108,2.4201808046421873
2025-07-27 00:00:00+00:00,0.02267893071281531,0.0,0.0,0.02267893071281531,2.475067917423153
2025-07-28 00:00:00+00:00,-0.019841950320473756,0.0,0.0,-0.019841950320473756,2.4259577427658443
2025-07-29 00:00:00+00:00,-0.003739363751650478,0.0,0.0,-0.003739363751650478,2.4168862043195096
2025-07-30 00:00:00+00:00,-0.005702248141334798,0.0,0.0,-0.005702248141334798,2.403104519453111
2025-07-31 00:00:00+00:00,-0.026044336387049317,0.0,0.0,-0.026044336387049317,2.340517256975236
2025-08-01 00:00:00+00:00,-0.04445204853484848,0.0,0.0,-0.04445204853484848,2.2364764702715223
2025-08-02 00:00:00+00:00,-0.01767323533196874,0.00016666666666666666,0.0,-0.017839901998635405,2.1965779492196242
2025-08-03 00:00:00+00:00,0.017436995504823617,0.0,0.0,0.017436995504823617,2.234879669046162
2025-08-04 00:00:00+00:00,0.0369766506891851,0.0,0.0,0.0369766506891851,2.317518033900843
2025-08-05 00:00:00+00:00,-0.020497827340938225,0.0,0.0,-0.020497827340938225,2.270013949382433
2025-08-06 00:00:00+00:00,0.014706463756924599,0.0,0.0,0.014706463756924599,2.303397827256739
2025-08-07 00:00:00+00:00,0.03495999640884354,0.0,0.0,0.03495999640884354,2.3839246070257727
2025-08-08 00:00:00+00:00,0.011154634348440698,0.0,0.0,0.011154634348440698,2.4105164143313957
2025-08-09 00:00:00+00:00,0.026854381175815734,0.0,0.0,0.026854381175815734,2.4752493409524114
2025-08-10 00:00:00+00:00,0.004233642395994404,0.0,0.0,0.004233642395994404,2.485728661502925
2025-08-11 00:00:00+00:00,-0.016415404199586387,0.0,0.0,-0.016415404199586387,2.4449244207938574
2025-08-12 00:00:00+00:00,0.061286712120051316,0.0,0.0,0.061286712120051316,2.594765799926334
2025-08-13 00:00:00+00:00,0.028441297162214847,0.0,0.0,0.028441297162214847,2.6685643051083905
2025-08-14 00:00:00+00:00,-0.04271069637578824,0.00016666666666666666,0.0,-0.04287736304245491,2.5541433045961215
2025-08-15 00:00:00+00:00,-0.022247021946860936,0.0,0.0,-0.022247021946860936,2.4973212224433436
2025-08-16 00:00:00+00:00,0.005761098661655639,0.0,0.0,0.005761098661655639,2.511708536395686
2025-08-17 00:00:00+00:00,0.006307561084567093,0.0,0.0,0.006307561084567093,2.5275512914156306
2025-08-18 00:00:00+00:00,-0.029270022511243145,0.0,0.0,-0.029270022511243145,2.4535698082175736
2025-08-19 00:00:00+00:00,-0.04021154423843513,0.0,0.0,-0.04021154423843513,2.354907977332344
2025-08-20 00:00:00+00:00,0.04761011395534871,0.0,0.0,0.04761011395534871,2.4670254144874963
2025-08-21 00:00:00+00:00,-0.027257064343914245,0.0,0.0,-0.027257064343914245,2.3997815440267387
2025-08-22 00:00:00+00:00,0.09872868703870548,0.0,0.0,0.09872868703870548,2.636708825048216
2025-08-23 00:00:00+00:00,-0.0022420877266298156,0.0,0.0,-0.0022420877266298156,2.630797092552879
2025-08-24 00:00:00+00:00,-0.002488177529430683,0.0,0.0,-0.002488177529430683,2.6242512023426974
2025-08-25 00:00:00+00:00,-0.06849313471004433,0.0,0.0,-0.06849313471004433,2.444508011227643
2025-08-26 00:00:00+00:00,0.03251656917371082,0.00016666666666666666,0.0,0.03234990250704415,2.5235876070685457
2025-08-27 00:00:00+00:00,0.005261576885616126,0.0,0.0,0.005261576885616126,2.5368656572907247
2025-08-28 00:00:00+00:00,0.01918805589154915,0.0,0.0,0.01918805589154915,2.5855431773121706
2025-08-29 00:00:00+00:00,-0.02569426535983288,0.0,0.0,-0.02569426535983288,2.5191095448150063
2025-08-30 00:00:00+00:00,-0.002834812603816054,0.0,0.0,-0.002834812603816054,2.5119683413269716
2025-08-31 00:00:00+00:00,-0.0020387461423122164,0.0,0.0,-0.0020387461423122164,2.5068470755614807
2025-09-01 00:00:00+00:00,-0.011352234120619809,0.0,0.0,-0.011352234120619809,2.4783887606551156
2025-09-02 00:00:00+00:00,0.021756216344561263,0.0,0.0,0.021756216344561263,2.5323091227178574
2025-09-03 00:00:00+00:00,0.01133119061964997,0.0,0.0,0.01133119061964997,2.5610032000952523
2025-09-04 00:00:00+00:00,-0.02481644689064466,0.0,0.0,-0.02481644689064466,2.4974482001933174
2025-09-05 00:00:00+00:00,0.002481336602602635,0.0,0.0,0.002481336602602635,2.503645209825561
2025-09-06 00:00:00+00:00,-0.007900303567453155,0.0,0.0,-0.007900303567453155,2.483865652642739
2025-09-07 00:00:00+00:00,0.012886539689650329,0.0,0.0,0.012886539689650329,2.515874085959279
2025-09-08 00:00:00+00:00,0.012549269833264837,0.0,0.0,0.012549269833264837,2.5474464687305005
2025-09-09 00:00:00+00:00,0.00511412522141937,0.0,0.0,0.00511412522141937,2.5604744289664505
2025-09-10 00:00:00+00:00,0.013561412591833891,0.0,0.0,0.013561412591833891,2.595198079128505
2025-09-11 00:00:00+00:00,0.015324473916602667,0.0,0.0,0.015324473916602667,2.6349681244005274
2025-09-12 00:00:00+00:00,0.038540226174790616,0.0,0.0,0.038540226174790616,2.7365203918782877
2025-09-13 00:00:00+00:00,-0.0029525417474128473,0.0,0.0,-0.0029525417474128473,2.7284407011786205
2025-09-14 00:00:00+00:00,-0.008034715929038,0.0,0.0,-0.008034715929038,2.706518455215425
2025-09-15 00:00:00+00:00,-0.013422764787465291,0.0,0.0,-0.013422764787465291,2.670189494598134
2025-09-16 00:00:00+00:00,0.0021156984680569626,0.0,0.0,0.0021156984680569626,2.6758388104212774
2025-09-17 00:00:00+00:00,0.01769332851768827,0.0,0.0,0.01769332851768827,2.7231833055544414
2025-09-18 00:00:00+00:00,0.0034130125764467723,0.0,0.0,0.0034130125764467723,2.7324775644242685
2025-09-19 00:00:00+00:00,-0.020732277457352954,0.0,0.0,-0.020732277457352954,2.6758270814126326
2025-09-20 00:00:00+00:00,0.00221003168455014,0.0,0.0,0.00221003168455014,2.681740744044932
2025-09-21 00:00:00+00:00,-0.007258525098587783,0.0,0.0,-0.007258525098587783,2.6622752615463763
2025-09-22 00:00:00+00:00,-0.040712604751256445,0.0,0.0,-0.040712604751256445,2.5538871010839905
2025-09-23 00:00:00+00:00,-0.01070877575097558,0.00016666666666666666,0.0,-0.010875442417642248,2.526112448974992
2025-09-24 00:00:00+00:00,-0.002656665103922521,0.0,0.0,-0.002656665103922521,2.5194014141832164
2025-09-25 00:00:00+00:00,-0.02971014492753621,0.0,0.0,-0.02971014492753621,2.444549633037193
2025-09-26 00:00:00+00:00,0.0,0.00016666666666666666,0.0,-0.00016666666666666666,2.444142208098354
2025-09-27 00:00:00+00:00,0.0,0.0,0.0,0.0,2.444142208098354
2025-09-28 00:00:00+00:00,0.0,0.0,0.0,0.0,2.444142208098354
2025-09-29 00:00:00+00:00,0.0,0.0,0.0,0.0,2.444142208098354
2025-09-30 00:00:00+00:00,0.0,0.0,0.0,0.0,2.444142208098354
2025-10-01 00:00:00+00:00,0.0,0.0,0.0,0.0,2.444142208098354
2025-10-02 00:00:00+00:00,0.0,0.0,0.0,0.0,2.444142208098354
2025-10-03 00:00:00+00:00,0.0,0.0,0.0,0.0,2.444142208098354
2025-10-04 00:00:00+00:00,0.0,0.0,0.0,0.0,2.444142208098354
2025-10-05 00:00:00+00:00,0.0,0.0,0.0,0.0,2.444142208098354
2025-10-06 00:00:00+00:00,0.0,0.0,0.0,0.0,2.444142208098354
2025-10-07 00:00:00+00:00,0.0,0.0,0.0,0.0,2.444142208098354
2025-10-08 00:00:00+00:00,0.0,0.0,0.0,0.0,2.444142208098354
2025-10-09 00:00:00+00:00,0.0,0.0,0.0,0.0,2.444142208098354
2025-10-10 00:00:00+00:00,0.0,0.0,0.0,0.0,2.444142208098354
2025-10-11 00:00:00+00:00,0.0,0.0,0.0,0.0,2.444142208098354
2025-10-12 00:00:00+00:00,0.0,0.0,0.0,0.0,2.444142208098354
2025-10-13 00:00:00+00:00,0.0,0.0,0.0,0.0,2.444142208098354
2025-10-14 00:00:00+00:00,0.0,0.0,0.0,0.0,2.444142208098354
2025-10-15 00:00:00+00:00,0.0,0.0,0.0,0.0,2.444142208098354
2025-10-16 00:00:00+00:00,0.0,0.0,0.0,0.0,2.444142208098354
2025-10-17 00:00:00+00:00,0.0,0.0,0.0,0.0,2.444142208098354
2025-10-18 00:00:00+00:00,0.0,0.0,0.0,0.0,2.444142208098354
2025-10-19 00:00:00+00:00,0.0,0.0,0.0,0.0,2.444142208098354
2025-10-20 00:00:00+00:00,0.0,0.0,0.0,0.0,2.444142208098354
2025-10-21 00:00:00+00:00,0.0,0.0,0.0,0.0,2.444142208098354
2025-10-22 00:00:00+00:00,0.0,0.0,0.0,0.0,2.444142208098354
2025-10-23 00:00:00+00:00,0.0,0.0,0.0,0.0,2.444142208098354
2025-10-24 00:00:00+00:00,0.0,0.0,0.0,0.0,2.444142208098354
2025-10-25 00:00:00+00:00,0.0,0.0,0.0,0.0,2.444142208098354
2025-10-26 00:00:00+00:00,0.0,0.0,0.0,0.0,2.444142208098354
2025-10-27 00:00:00+00:00,0.0,0.0,0.0,0.0,2.444142208098354
2025-10-28 00:00:00+00:00,0.0,0.0,0.0,0.0,2.444142208098354
2025-10-29 00:00:00+00:00,0.0,0.0,0.0,0.0,2.444142208098354
2025-10-30 00:00:00+00:00,0.0,0.0,0.0,0.0,2.444142208098354
2025-10-31 00:00:00+00:00,0.0,0.0,0.0,0.0,2.444142208098354
2025-11-01 00:00:00+00:00,0.0,0.0,0.0,0.0,2.444142208098354
2025-11-02 00:00:00+00:00,0.0,0.0,0.0,0.0,2.444142208098354
2025-11-03 00:00:00+00:00,0.0,0.0,0.0,0.0,2.444142208098354
2025-11-04 00:00:00+00:00,0.0,0.0,0.0,0.0,2.444142208098354
2025-11-05 00:00:00+00:00,0.0,0.0,0.0,0.0,2.444142208098354
2025-11-06 00:00:00+00:00,0.0,0.0,0.0,0.0,2.444142208098354
2025-11-07 00:00:00+00:00,0.0,0.0,0.0,0.0,2.444142208098354
2025-11-08 00:00:00+00:00,0.0,0.0,0.0,0.0,2.444142208098354
2025-11-09 00:00:00+00:00,0.0,0.0,0.0,0.0,2.444142208098354
2025-11-10 00:00:00+00:00,0.0,0.0,0.0,0.0,2.444142208098354
2025-11-11 00:00:00+00:00,0.0,0.0,0.0,0.0,2.444142208098354
2025-11-12 00:00:00+00:00,0.0,0.0,0.0,0.0,2.444142208098354
2025-11-13 00:00:00+00:00,0.0,0.0,0.0,0.0,2.444142208098354
2025-11-14 00:00:00+00:00,0.0,0.0,0.0,0.0,2.444142208098354
2025-11-15 00:00:00+00:00,0.0,0.0,0.0,0.0,2.444142208098354
2025-11-16 00:00:00+00:00,0.0,0.0,0.0,0.0,2.444142208098354
2025-11-17 00:00:00+00:00,0.0,0.0,0.0,0.0,2.444142208098354
2025-11-18 00:00:00+00:00,0.0,0.0,0.0,0.0,2.444142208098354
2025-11-19 00:00:00+00:00,0.0,0.0,0.0,0.0,2.444142208098354
2025-11-20 00:00:00+00:00,0.0,0.0,0.0,0.0,2.444142208098354
2025-11-21 00:00:00+00:00,0.0,0.0,0.0,0.0,2.444142208098354
2025-11-22 00:00:00+00:00,0.0,0.0,0.0,0.0,2.444142208098354
2025-11-23 00:00:00+00:00,0.0,0.0,0.0,0.0,2.444142208098354
2025-11-24 00:00:00+00:00,0.0,0.0,0.0,0.0,2.444142208098354
2025-11-25 00:00:00+00:00,0.0,0.0,0.0,0.0,2.444142208098354
2025-11-26 00:00:00+00:00,0.0,0.0,0.0,0.0,2.444142208098354
2025-11-27 00:00:00+00:00,0.0,0.0,0.0,0.0,2.444142208098354
2025-11-28 00:00:00+00:00,0.0,0.0,0.0,0.0,2.444142208098354
2025-11-29 00:00:00+00:00,0.0,0.0,0.0,0.0,2.444142208098354
2025-11-30 00:00:00+00:00,0.0,0.0,0.0,0.0,2.444142208098354
2025-12-01 00:00:00+00:00,0.0,0.0,0.0,0.0,2.444142208098354
2025-12-02 00:00:00+00:00,0.0,0.0,0.0,0.0,2.444142208098354
2025-12-03 00:00:00+00:00,0.0,0.0,0.0,0.0,2.444142208098354
2025-12-04 00:00:00+00:00,0.0,0.0,0.0,0.0,2.444142208098354
2025-12-05 00:00:00+00:00,0.0,0.0,0.0,0.0,2.444142208098354
2025-12-06 00:00:00+00:00,0.0,0.0,0.0,0.0,2.444142208098354
2025-12-07 00:00:00+00:00,0.0,0.0,0.0,0.0,2.444142208098354
2025-12-08 00:00:00+00:00,0.0,0.0,0.0,0.0,2.444142208098354
2025-12-09 00:00:00+00:00,0.0,0.0,0.0,0.0,2.444142208098354
2025-12-10 00:00:00+00:00,0.0,0.0,0.0,0.0,2.444142208098354
2025-12-11 00:00:00+00:00,0.0,0.0,0.0,0.0,2.444142208098354
2025-12-12 00:00:00+00:00,0.0,0.0,0.0,0.0,2.444142208098354
2025-12-13 00:00:00+00:00,0.0,0.0,0.0,0.0,2.444142208098354
2025-12-14 00:00:00+00:00,0.0,0.0,0.0,0.0,2.444142208098354
2025-12-15 00:00:00+00:00,0.0,0.0,0.0,0.0,2.444142208098354
2025-12-16 00:00:00+00:00,0.0,0.0,0.0,0.0,2.444142208098354
2025-12-17 00:00:00+00:00,0.0,0.0,0.0,0.0,2.444142208098354
2025-12-18 00:00:00+00:00,0.0,0.0,0.0,0.0,2.444142208098354
2025-12-19 00:00:00+00:00,0.0,0.0,0.0,0.0,2.444142208098354
2025-12-20 00:00:00+00:00,0.0,0.0,0.0,0.0,2.444142208098354
2025-12-21 00:00:00+00:00,0.0,0.0,0.0,0.0,2.444142208098354
2025-12-22 00:00:00+00:00,0.0,0.0,0.0,0.0,2.444142208098354
2025-12-23 00:00:00+00:00,0.0,0.0,0.0,0.0,2.444142208098354
2025-12-24 00:00:00+00:00,0.0,0.0,0.0,0.0,2.444142208098354
2025-12-25 00:00:00+00:00,0.0,0.0,0.0,0.0,2.444142208098354
2025-12-26 00:00:00+00:00,0.0,0.0,0.0,0.0,2.444142208098354
2025-12-27 00:00:00+00:00,0.0,0.0,0.0,0.0,2.444142208098354
2025-12-28 00:00:00+00:00,0.0,0.0,0.0,0.0,2.444142208098354
2025-12-29 00:00:00+00:00,0.0,0.0,0.0,0.0,2.444142208098354
2025-12-30 00:00:00+00:00,0.0,0.0,0.0,0.0,2.444142208098354
2025-12-31 00:00:00+00:00,0.0,0.0,0.0,0.0,2.444142208098354
2026-01-01 00:00:00+00:00,0.0,0.0,0.0,0.0,2.444142208098354
2026-01-02 00:00:00+00:00,0.0,0.0,0.0,0.0,2.444142208098354
2026-01-03 00:00:00+00:00,0.0,0.0,0.0,0.0,2.444142208098354
2026-01-04 00:00:00+00:00,0.0,0.0,0.0,0.0,2.444142208098354
2026-01-05 00:00:00+00:00,0.0,0.0,0.0,0.0,2.444142208098354
2026-01-06 00:00:00+00:00,0.0,0.0,0.0,0.0,2.444142208098354
2026-01-07 00:00:00+00:00,0.0,0.0,0.0,0.0,2.444142208098354
2026-01-08 00:00:00+00:00,0.0,0.0,0.0,0.0,2.444142208098354
2026-01-09 00:00:00+00:00,0.0,0.0,0.0,0.0,2.444142208098354
2026-01-10 00:00:00+00:00,0.0,0.0,0.0,0.0,2.444142208098354
2026-01-11 00:00:00+00:00,0.0,0.0,0.0,0.0,2.444142208098354
2026-01-12 00:00:00+00:00,0.0,0.0,0.0,0.0,2.444142208098354
2026-01-13 00:00:00+00:00,0.0,0.0,0.0,0.0,2.444142208098354
2026-01-14 00:00:00+00:00,0.00537230734832761,0.00016666666666666666,0.0,0.005205640681660943,2.456865534208595
2026-01-15 00:00:00+00:00,-0.004631099432453248,0.0,0.0,-0.004631099432453248,2.445487545627508
2026-01-16 00:00:00+00:00,-0.00018778694514642869,0.0,0.0,-0.00018778694514642869,2.445028314991921
2026-01-17 00:00:00+00:00,-0.0014064749127533267,0.0,0.0,-0.0014064749127533267,2.4415894440059134
2026-01-18 00:00:00+00:00,-0.005166104611104745,0.0,0.0,-0.005166104611104745,2.4289759375208098
2026-01-19 00:00:00+00:00,-0.003708426983444757,0.0,0.0,-0.003708426983444757,2.4199682576119694
2026-01-20 00:00:00+00:00,-0.015125749838966787,0.0,0.0,-0.015125749838966787,2.3833644231290907
2026-01-21 00:00:00+00:00,0.0038716015629799796,0.0,0.0,0.0038716015629799796,2.392591860554828
2026-01-22 00:00:00+00:00,0.00039103577865584604,0.0,0.0,0.00039103577865584604,2.393527449576026
2026-01-23 00:00:00+00:00,0.00015107246375515673,0.0,0.0,0.00015107246375515673,2.393889045664899
2026-01-24 00:00:00+00:00,-0.001394787619291867,0.0,0.0,-0.001394787619291867,2.3905500788620473
2026-01-25 00:00:00+00:00,-0.00954504628393682,0.0,0.0,-0.00954504628393682,2.36773216771524
2026-01-26 00:00:00+00:00,0.0,0.00016666666666666666,0.0,-0.00016666666666666666,2.3673375456872874
2026-01-27 00:00:00+00:00,0.0,0.0,0.0,0.0,2.3673375456872874
2026-01-28 00:00:00+00:00,0.0,0.0,0.0,0.0,2.3673375456872874
2026-01-29 00:00:00+00:00,0.0,0.0,0.0,0.0,2.3673375456872874
2026-01-30 00:00:00+00:00,0.0,0.0,0.0,0.0,2.3673375456872874
2026-01-31 00:00:00+00:00,0.0,0.0,0.0,0.0,2.3673375456872874
2026-02-01 00:00:00+00:00,0.0,0.0,0.0,0.0,2.3673375456872874
2026-02-02 00:00:00+00:00,0.0,0.0,0.0,0.0,2.3673375456872874
2026-02-03 00:00:00+00:00,0.0,0.0,0.0,0.0,2.3673375456872874
2026-02-04 00:00:00+00:00,0.0,0.0,0.0,0.0,2.3673375456872874
2026-02-05 00:00:00+00:00,0.0,0.0,0.0,0.0,2.3673375456872874
2026-02-06 00:00:00+00:00,0.0,0.0,0.0,0.0,2.3673375456872874
2026-02-07 00:00:00+00:00,0.0,0.0,0.0,0.0,2.3673375456872874
2026-02-08 00:00:00+00:00,0.0,0.0,0.0,0.0,2.3673375456872874
2026-02-09 00:00:00+00:00,0.0,0.0,0.0,0.0,2.3673375456872874
2026-02-10 00:00:00+00:00,0.0,0.0,0.0,0.0,2.3673375456872874
2026-02-11 00:00:00+00:00,0.0,0.0,0.0,0.0,2.3673375456872874
2026-02-12 00:00:00+00:00,0.0,0.0,0.0,0.0,2.3673375456872874
2026-02-13 00:00:00+00:00,0.0,0.0,0.0,0.0,2.3673375456872874
2026-02-14 00:00:00+00:00,0.0,0.0,0.0,0.0,2.3673375456872874
2026-02-15 00:00:00+00:00,0.0,0.0,0.0,0.0,2.3673375456872874
2026-02-16 00:00:00+00:00,0.0,0.0,0.0,0.0,2.3673375456872874
2026-02-17 00:00:00+00:00,0.0,0.0,0.0,0.0,2.3673375456872874
2026-02-18 00:00:00+00:00,0.0,0.0,0.0,0.0,2.3673375456872874
2026-02-19 00:00:00+00:00,0.0,0.0,0.0,0.0,2.3673375456872874
2026-02-20 00:00:00+00:00,0.0,0.0,0.0,0.0,2.3673375456872874
2026-02-21 00:00:00+00:00,0.0,0.0,0.0,0.0,2.3673375456872874
2026-02-22 00:00:00+00:00,0.0,0.0,0.0,0.0,2.3673375456872874
2026-02-23 00:00:00+00:00,0.0,0.0,0.0,0.0,2.3673375456872874
2026-02-24 00:00:00+00:00,0.0,0.0,0.0,0.0,2.3673375456872874
2026-02-25 00:00:00+00:00,0.0,0.0,0.0,0.0,2.3673375456872874
2026-02-26 00:00:00+00:00,0.0,0.0,0.0,0.0,2.3673375456872874
2026-02-27 00:00:00+00:00,0.0,0.0,0.0,0.0,2.3673375456872874
2026-02-28 00:00:00+00:00,0.0,0.0,0.0,0.0,2.3673375456872874
2026-03-01 00:00:00+00:00,0.0,0.0,0.0,0.0,2.3673375456872874
2026-03-02 00:00:00+00:00,0.0,0.0,0.0,0.0,2.3673375456872874
2026-03-03 00:00:00+00:00,0.0,0.0,0.0,0.0,2.3673375456872874
2026-03-04 00:00:00+00:00,0.0,0.0,0.0,0.0,2.3673375456872874
2026-03-05 00:00:00+00:00,0.0,0.0,0.0,0.0,2.3673375456872874
2026-03-06 00:00:00+00:00,0.0,0.0,0.0,0.0,2.3673375456872874
2026-03-07 00:00:00+00:00,0.0,0.0,0.0,0.0,2.3673375456872874
2026-03-08 00:00:00+00:00,0.0,0.0,0.0,0.0,2.3673375456872874
2026-03-09 00:00:00+00:00,0.0,0.0,0.0,0.0,2.3673375456872874
2026-03-10 00:00:00+00:00,0.0,0.0,0.0,0.0,2.3673375456872874
2026-03-11 00:00:00+00:00,0.0,0.0,0.0,0.0,2.3673375456872874
2026-03-12 00:00:00+00:00,0.0,0.0,0.0,0.0,2.3673375456872874
2026-03-13 00:00:00+00:00,0.0,0.0,0.0,0.0,2.3673375456872874
2026-03-14 00:00:00+00:00,0.0,0.0,0.0,0.0,2.3673375456872874
2026-03-15 00:00:00+00:00,0.0,0.0,0.0,0.0,2.3673375456872874
2026-03-16 00:00:00+00:00,0.0,0.0,0.0,0.0,2.3673375456872874
2026-03-17 00:00:00+00:00,0.0,0.0,0.0,0.0,2.3673375456872874
2026-03-18 00:00:00+00:00,0.0,0.0,0.0,0.0,2.3673375456872874
2026-03-19 00:00:00+00:00,0.0,0.0,0.0,0.0,2.3673375456872874
2026-03-20 00:00:00+00:00,0.0,0.0,0.0,0.0,2.3673375456872874
2026-03-21 00:00:00+00:00,0.0,0.0,0.0,0.0,2.3673375456872874
2026-03-22 00:00:00+00:00,0.0,0.0,0.0,0.0,2.3673375456872874
2026-03-23 00:00:00+00:00,0.0,0.0,0.0,0.0,2.3673375456872874
2026-03-24 00:00:00+00:00,0.0,0.0,0.0,0.0,2.3673375456872874
2026-03-25 00:00:00+00:00,0.0,0.0,0.0,0.0,2.3673375456872874
2026-03-26 00:00:00+00:00,0.0,0.0,0.0,0.0,2.3673375456872874
2026-03-27 00:00:00+00:00,0.0,0.0,0.0,0.0,2.3673375456872874
2026-03-28 00:00:00+00:00,0.0,0.0,0.0,0.0,2.3673375456872874
2026-03-29 00:00:00+00:00,0.0,0.0,0.0,0.0,2.3673375456872874
2026-03-30 00:00:00+00:00,0.0,0.0,0.0,0.0,2.3673375456872874
2026-03-31 00:00:00+00:00,0.0,0.0,0.0,0.0,2.3673375456872874
2026-04-01 00:00:00+00:00,0.0,0.0,0.0,0.0,2.3673375456872874
2026-04-02 00:00:00+00:00,0.0,0.0,0.0,0.0,2.3673375456872874
2026-04-03 00:00:00+00:00,0.0,0.0,0.0,0.0,2.3673375456872874
2026-04-04 00:00:00+00:00,0.0,0.0,0.0,0.0,2.3673375456872874
2026-04-05 00:00:00+00:00,0.0,0.0,0.0,0.0,2.3673375456872874
2026-04-06 00:00:00+00:00,0.0,0.0,0.0,0.0,2.3673375456872874
2026-04-07 00:00:00+00:00,0.0,0.0,0.0,0.0,2.3673375456872874
2026-04-08 00:00:00+00:00,0.0,0.0,0.0,0.0,2.3673375456872874
2026-04-09 00:00:00+00:00,0.0,0.0,0.0,0.0,2.3673375456872874
2026-04-10 00:00:00+00:00,0.0,0.0,0.0,0.0,2.3673375456872874
2026-04-11 00:00:00+00:00,0.0,0.0,0.0,0.0,2.3673375456872874
2026-04-12 00:00:00+00:00,0.0,0.0,0.0,0.0,2.3673375456872874
2026-04-13 00:00:00+00:00,0.0,0.0,0.0,0.0,2.3673375456872874
2026-04-14 00:00:00+00:00,0.0,0.0,0.0,0.0,2.3673375456872874
2026-04-15 00:00:00+00:00,0.0,0.0,0.0,0.0,2.3673375456872874
2026-04-16 00:00:00+00:00,0.0,0.0,0.0,0.0,2.3673375456872874
2026-04-17 00:00:00+00:00,0.0,0.0,0.0,0.0,2.3673375456872874
2026-04-18 00:00:00+00:00,-0.015433448906854608,0.0003333333333333333,0.0,-0.015766782240187942,2.330012250115415
2026-04-19 00:00:00+00:00,-0.020668935437235247,0.0,0.0,-0.020668935437235247,2.281853377349812
2026-04-20 00:00:00+00:00,0.016659563483810775,0.0,0.0,0.016659563483810775,2.319868058550519
2026-04-21 00:00:00+00:00,0.0040909542021109555,0.0,0.0,0.0040909542021109555,2.3293585325329897
2026-04-22 00:00:00+00:00,0.014765848820507724,0.0,0.0,0.014765848820507724,2.3637534884731317
2026-04-23 00:00:00+00:00,-0.005813277497569916,0.0,0.0,-0.005813277497569916,2.3500123335087886
2026-04-24 00:00:00+00:00,-0.005678540286485326,0.0,0.0,-0.005678540286485326,2.3366676937992215
2026-04-25 00:00:00+00:00,0.0014580899023904543,0.0,0.0,0.0014580899023904543,2.340074765368792
2026-04-26 00:00:00+00:00,0.011610757866657623,0.0,0.0,0.011610757866657623,2.3672448068593646
2026-04-27 00:00:00+00:00,-0.014703296677272657,0.0,0.0,-0.014703296677272657,2.332438504156378
2026-04-28 00:00:00+00:00,-0.006493155794972819,0.0,0.0,-0.006493155794972819,2.3172936175666976
2026-04-29 00:00:00+00:00,-0.007774419948216371,0.0,0.0,-0.007774419948216371,2.2992780038404126
2026-04-30 00:00:00+00:00,0.0031742541502757975,0.0,0.0,0.0031742541502757975,2.306576496586741
2026-05-01 00:00:00+00:00,0.013856713172624009,0.0,0.0,0.013856713172624009,2.338538065510659
2026-05-02 00:00:00+00:00,0.0050404085532383585,0.0,0.0,0.0050404085532383585,2.350325252778132
2026-05-03 00:00:00+00:00,0.000316101306745457,0.0,0.0,0.000316101306745457,2.351068193661812
2026-05-04 00:00:00+00:00,0.009000812130931807,0.0,0.0,0.009000812130931807,2.3722297167799713
2026-05-05 00:00:00+00:00,0.00629253173510221,0.0,0.0,0.00629253173510221,2.3871570475557617
2026-05-06 00:00:00+00:00,0.000828871227802545,0.0,0.0,0.000828871227802545,2.389135693348727
2026-05-07 00:00:00+00:00,-0.014373938676272716,0.0,0.0,-0.014373938676272716,2.354794403403238
2026-05-08 00:00:00+00:00,0.003107705496735816,0.0,0.0,0.003107705496735816,2.362112410914377
2026-05-09 00:00:00+00:00,0.004817022118337973,0.0,0.0,0.004817022118337973,2.373490758643752
2026-05-10 00:00:00+00:00,0.012751556261900868,0.0,0.0,0.012751556261900868,2.4037564595897
2026-05-11 00:00:00+00:00,-0.006297011863399222,0.0,0.0,-0.006297011863399222,2.388619976646941
2026-05-12 00:00:00+00:00,-0.02488630527106661,0.00016666666666666666,0.0,-0.025052971937733277,2.328777947402096
2026-05-13 00:00:00+00:00,-0.018316225013830713,0.0,0.0,-0.018316225013830713,2.2861235265102327
2026-05-14 00:00:00+00:00,0.014679174788326366,0.0,0.0,0.014679174788326366,2.3196819333435816
2026-05-15 00:00:00+00:00,-0.02720578201485509,0.0,0.0,-0.02720578201485509,2.2565731723212386
2026-05-16 00:00:00+00:00,-0.020728026921528565,0.0,0.0,-0.020728026921528565,2.209798862854965
2026-05-17 00:00:00+00:00,-0.007952070901965628,0.00016666666666666666,0.0,-0.008118737568632295,2.1918580858079837
2026-05-18 00:00:00+00:00,-0.001414027667505128,0.0,0.0,-0.001414027667505128,2.1887587378314066
2026-05-19 00:00:00+00:00,-0.004980619186243299,0.0,0.0,-0.004980619186243299,2.177857364067706
2026-05-20 00:00:00+00:00,0.010549012071341252,0.0,0.0,0.010549012071341252,2.200831607690916
2026-05-21 00:00:00+00:00,0.0048753352691848955,0.0,0.0,0.0048753352691848955,2.211561399649428
2026-05-22 00:00:00+00:00,-0.020210089812406424,0.0,0.0,-0.020210089812406424,2.1668655451368615
2026-05-23 00:00:00+00:00,0.005331753554502328,0.00016666666666666666,0.0,0.005165086887835661,2.178057593951751
2026-05-24 00:00:00+00:00,-0.0018658892128280054,0.0,0.0,-0.0018658892128280054,2.173993579782278
2026-05-25 00:00:00+00:00,-0.0008209217778819925,0.0,0.0,-0.0008209217778819925,2.172208901107659
2026-05-26 00:00:00+00:00,-0.005251195234736272,0.0,0.0,-0.005251195234736272,2.160802208077311
2026-05-27 00:00:00+00:00,-0.005096352922439891,0.0,0.0,-0.005096352922439891,2.1497899974293615
2026-05-28 00:00:00+00:00,-0.0013343037360504424,0.0,0.0,-0.0013343037360504424,2.1469215246040676
2026-05-29 00:00:00+00:00,-0.00028417163967031644,0.0,0.0,-0.00028417163967031644,2.1463114303941775
2026-05-30 00:00:00+00:00,0.0028035104826913404,0.0,0.0,0.0028035104826913404,2.1523286369884076
2026-05-31 00:00:00+00:00,-0.001168459647850469,0.0,0.0,-0.001168459647850469,2.1498137278271736
2026-06-01 00:00:00+00:00,-0.010714863334950642,0.0,0.0,-0.010714863334950642,2.1267787675379046
