time,dvol
2021-07-20 00:00:00+00:00,91.49
2021-07-21 00:00:00+00:00,87.86
2021-07-22 00:00:00+00:00,84.64
2021-07-23 00:00:00+00:00,81.75
2021-07-24 00:00:00+00:00,81.31
2021-07-25 00:00:00+00:00,83.9
2021-07-26 00:00:00+00:00,87.68
2021-07-27 00:00:00+00:00,91.84
2021-07-28 00:00:00+00:00,95.68
2021-07-29 00:00:00+00:00,93.24
2021-07-30 00:00:00+00:00,93.49
2021-07-31 00:00:00+00:00,89.55
2021-08-01 00:00:00+00:00,89.3
2021-08-02 00:00:00+00:00,88.52
2021-08-03 00:00:00+00:00,89.04
2021-08-04 00:00:00+00:00,91.94
2021-08-05 00:00:00+00:00,96.09
2021-08-06 00:00:00+00:00,93.62
2021-08-07 00:00:00+00:00,97.27
2021-08-08 00:00:00+00:00,95.99
2021-08-09 00:00:00+00:00,106.97
2021-08-10 00:00:00+00:00,103.35
2021-08-11 00:00:00+00:00,100.53
2021-08-12 00:00:00+00:00,98.06
2021-08-13 00:00:00+00:00,100.3
2021-08-14 00:00:00+00:00,97.48
2021-08-15 00:00:00+00:00,98.69
2021-08-16 00:00:00+00:00,98.3
2021-08-17 00:00:00+00:00,96.68
2021-08-18 00:00:00+00:00,95.81
2021-08-19 00:00:00+00:00,94.5
2021-08-20 00:00:00+00:00,93.06
2021-08-21 00:00:00+00:00,92.71
2021-08-22 00:00:00+00:00,94.83
2021-08-23 00:00:00+00:00,93.64
2021-08-24 00:00:00+00:00,92.85
2021-08-25 00:00:00+00:00,93.62
2021-08-26 00:00:00+00:00,93.87
2021-08-27 00:00:00+00:00,90.92
2021-08-28 00:00:00+00:00,90.11
2021-08-29 00:00:00+00:00,90.6
2021-08-30 00:00:00+00:00,92.08
2021-08-31 00:00:00+00:00,91.08
2021-09-01 00:00:00+00:00,93.65
2021-09-02 00:00:00+00:00,92.82
2021-09-03 00:00:00+00:00,90.15
2021-09-04 00:00:00+00:00,91.3
2021-09-05 00:00:00+00:00,93.37
2021-09-06 00:00:00+00:00,92.86
2021-09-07 00:00:00+00:00,95.16
2021-09-08 00:00:00+00:00,92.31
2021-09-09 00:00:00+00:00,91.95
2021-09-10 00:00:00+00:00,90.57
2021-09-11 00:00:00+00:00,89.46
2021-09-12 00:00:00+00:00,92.13
2021-09-13 00:00:00+00:00,92.14
2021-09-14 00:00:00+00:00,90.9
2021-09-15 00:00:00+00:00,90.32
2021-09-16 00:00:00+00:00,84.17
2021-09-17 00:00:00+00:00,82.35
2021-09-18 00:00:00+00:00,84.7
2021-09-19 00:00:00+00:00,85.72
2021-09-20 00:00:00+00:00,91.76
2021-09-21 00:00:00+00:00,96.26
2021-09-22 00:00:00+00:00,88.73
2021-09-23 00:00:00+00:00,83.84
2021-09-24 00:00:00+00:00,86.92
2021-09-25 00:00:00+00:00,85.88
2021-09-26 00:00:00+00:00,89.12
2021-09-27 00:00:00+00:00,89.25
2021-09-28 00:00:00+00:00,92.27
2021-09-29 00:00:00+00:00,91.77
2021-09-30 00:00:00+00:00,90.97
2021-10-01 00:00:00+00:00,85.84
2021-10-02 00:00:00+00:00,83.97
2021-10-03 00:00:00+00:00,85.56
2021-10-04 00:00:00+00:00,89.62
2021-10-05 00:00:00+00:00,92.68
2021-10-06 00:00:00+00:00,89.38
2021-10-07 00:00:00+00:00,88.13
2021-10-08 00:00:00+00:00,88.19
2021-10-09 00:00:00+00:00,87.42
2021-10-10 00:00:00+00:00,89.23
2021-10-11 00:00:00+00:00,90.49
2021-10-12 00:00:00+00:00,93.37
2021-10-13 00:00:00+00:00,95.0
2021-10-14 00:00:00+00:00,97.87
2021-10-15 00:00:00+00:00,90.71
2021-10-16 00:00:00+00:00,86.8
2021-10-17 00:00:00+00:00,89.66
2021-10-18 00:00:00+00:00,92.4
2021-10-19 00:00:00+00:00,94.15
2021-10-20 00:00:00+00:00,93.04
2021-10-21 00:00:00+00:00,92.52
2021-10-22 00:00:00+00:00,86.73
2021-10-23 00:00:00+00:00,86.31
2021-10-24 00:00:00+00:00,89.88
2021-10-25 00:00:00+00:00,84.45
2021-10-26 00:00:00+00:00,89.01
2021-10-27 00:00:00+00:00,88.45
2021-10-28 00:00:00+00:00,89.87
2021-10-29 00:00:00+00:00,87.58
2021-10-30 00:00:00+00:00,87.17
2021-10-31 00:00:00+00:00,87.64
2021-11-01 00:00:00+00:00,85.45
2021-11-02 00:00:00+00:00,87.23
2021-11-03 00:00:00+00:00,85.84
2021-11-04 00:00:00+00:00,84.73
2021-11-05 00:00:00+00:00,85.71
2021-11-06 00:00:00+00:00,87.07
2021-11-07 00:00:00+00:00,86.59
2021-11-08 00:00:00+00:00,86.69
2021-11-09 00:00:00+00:00,84.68
2021-11-10 00:00:00+00:00,86.36
2021-11-11 00:00:00+00:00,85.23
2021-11-12 00:00:00+00:00,88.44
2021-11-13 00:00:00+00:00,87.74
2021-11-14 00:00:00+00:00,87.22
2021-11-15 00:00:00+00:00,85.04
2021-11-16 00:00:00+00:00,87.28
2021-11-17 00:00:00+00:00,89.88
2021-11-18 00:00:00+00:00,90.12
2021-11-19 00:00:00+00:00,85.78
2021-11-20 00:00:00+00:00,85.44
2021-11-21 00:00:00+00:00,85.94
2021-11-22 00:00:00+00:00,88.98
2021-11-23 00:00:00+00:00,89.91
2021-11-24 00:00:00+00:00,90.42
2021-11-25 00:00:00+00:00,86.52
2021-11-26 00:00:00+00:00,86.06
2021-11-27 00:00:00+00:00,83.72
2021-11-28 00:00:00+00:00,86.32
2021-11-29 00:00:00+00:00,82.85
2021-11-30 00:00:00+00:00,84.08
2021-12-01 00:00:00+00:00,83.64
2021-12-02 00:00:00+00:00,85.26
2021-12-03 00:00:00+00:00,84.55
2021-12-04 00:00:00+00:00,87.29
2021-12-05 00:00:00+00:00,89.39
2021-12-06 00:00:00+00:00,86.84
2021-12-07 00:00:00+00:00,86.0
2021-12-08 00:00:00+00:00,87.16
2021-12-09 00:00:00+00:00,90.3
2021-12-10 00:00:00+00:00,89.98
2021-12-11 00:00:00+00:00,88.72
2021-12-12 00:00:00+00:00,92.25
2021-12-13 00:00:00+00:00,90.29
2021-12-14 00:00:00+00:00,92.34
2021-12-15 00:00:00+00:00,89.34
2021-12-16 00:00:00+00:00,86.78
2021-12-17 00:00:00+00:00,85.34
2021-12-18 00:00:00+00:00,87.43
2021-12-19 00:00:00+00:00,87.83
2021-12-20 00:00:00+00:00,87.31
2021-12-21 00:00:00+00:00,86.04
2021-12-22 00:00:00+00:00,82.99
2021-12-23 00:00:00+00:00,82.99
2021-12-24 00:00:00+00:00,82.57
2021-12-25 00:00:00+00:00,81.08
2021-12-26 00:00:00+00:00,80.26
2021-12-27 00:00:00+00:00,83.29
2021-12-28 00:00:00+00:00,76.7
2021-12-29 00:00:00+00:00,80.73
2021-12-30 00:00:00+00:00,80.68
2021-12-31 00:00:00+00:00,75.51
2022-01-01 00:00:00+00:00,70.91
2022-01-02 00:00:00+00:00,72.06
2022-01-03 00:00:00+00:00,71.94
2022-01-04 00:00:00+00:00,72.52
2022-01-05 00:00:00+00:00,75.64
2022-01-06 00:00:00+00:00,73.19
2022-01-07 00:00:00+00:00,73.86
2022-01-08 00:00:00+00:00,71.56
2022-01-09 00:00:00+00:00,73.5
2022-01-10 00:00:00+00:00,74.1
2022-01-11 00:00:00+00:00,75.37
2022-01-12 00:00:00+00:00,71.81
2022-01-13 00:00:00+00:00,67.51
2022-01-14 00:00:00+00:00,65.13
2022-01-15 00:00:00+00:00,62.95
2022-01-16 00:00:00+00:00,62.22
2022-01-17 00:00:00+00:00,65.23
2022-01-18 00:00:00+00:00,67.27
2022-01-19 00:00:00+00:00,65.96
2022-01-20 00:00:00+00:00,65.24
2022-01-21 00:00:00+00:00,77.8
2022-01-22 00:00:00+00:00,81.0
2022-01-23 00:00:00+00:00,77.29
2022-01-24 00:00:00+00:00,78.59
2022-01-25 00:00:00+00:00,81.26
2022-01-26 00:00:00+00:00,80.39
2022-01-27 00:00:00+00:00,80.14
2022-01-28 00:00:00+00:00,74.77
2022-01-29 00:00:00+00:00,75.18
2022-01-30 00:00:00+00:00,74.32
2022-01-31 00:00:00+00:00,70.99
2022-02-01 00:00:00+00:00,71.81
2022-02-02 00:00:00+00:00,75.0
2022-02-03 00:00:00+00:00,74.14
2022-02-04 00:00:00+00:00,70.14
2022-02-05 00:00:00+00:00,67.37
2022-02-06 00:00:00+00:00,70.69
2022-02-07 00:00:00+00:00,69.18
2022-02-08 00:00:00+00:00,70.27
2022-02-09 00:00:00+00:00,69.81
2022-02-10 00:00:00+00:00,70.81
2022-02-11 00:00:00+00:00,72.34
2022-02-12 00:00:00+00:00,71.32
2022-02-13 00:00:00+00:00,73.05
2022-02-14 00:00:00+00:00,72.16
2022-02-15 00:00:00+00:00,70.59
2022-02-16 00:00:00+00:00,68.07
2022-02-17 00:00:00+00:00,71.54
2022-02-18 00:00:00+00:00,68.83
2022-02-19 00:00:00+00:00,67.72
2022-02-20 00:00:00+00:00,73.92
2022-02-21 00:00:00+00:00,77.69
2022-02-22 00:00:00+00:00,75.22
2022-02-23 00:00:00+00:00,73.78
2022-02-24 00:00:00+00:00,79.88
2022-02-25 00:00:00+00:00,71.44
2022-02-26 00:00:00+00:00,72.49
2022-02-27 00:00:00+00:00,80.65
2022-02-28 00:00:00+00:00,77.47
2022-03-01 00:00:00+00:00,76.99
2022-03-02 00:00:00+00:00,73.8
2022-03-03 00:00:00+00:00,73.7
2022-03-04 00:00:00+00:00,79.28
2022-03-05 00:00:00+00:00,77.39
2022-03-06 00:00:00+00:00,79.72
2022-03-07 00:00:00+00:00,80.7
2022-03-08 00:00:00+00:00,80.93
2022-03-09 00:00:00+00:00,81.01
2022-03-10 00:00:00+00:00,80.13
2022-03-11 00:00:00+00:00,79.73
2022-03-12 00:00:00+00:00,81.13
2022-03-13 00:00:00+00:00,82.47
2022-03-14 00:00:00+00:00,82.43
2022-03-15 00:00:00+00:00,81.98
2022-03-16 00:00:00+00:00,81.79
2022-03-17 00:00:00+00:00,75.18
2022-03-18 00:00:00+00:00,70.75
2022-03-19 00:00:00+00:00,71.66
2022-03-20 00:00:00+00:00,72.67
2022-03-21 00:00:00+00:00,71.8
2022-03-22 00:00:00+00:00,71.19
2022-03-23 00:00:00+00:00,69.58
2022-03-24 00:00:00+00:00,65.47
2022-03-25 00:00:00+00:00,62.41
2022-03-26 00:00:00+00:00,66.62
2022-03-27 00:00:00+00:00,68.62
2022-03-28 00:00:00+00:00,63.04
2022-03-29 00:00:00+00:00,62.04
2022-03-30 00:00:00+00:00,62.44
2022-03-31 00:00:00+00:00,64.11
2022-04-01 00:00:00+00:00,59.54
2022-04-02 00:00:00+00:00,59.26
2022-04-03 00:00:00+00:00,59.47
2022-04-04 00:00:00+00:00,60.54
2022-04-05 00:00:00+00:00,62.88
2022-04-06 00:00:00+00:00,66.05
2022-04-07 00:00:00+00:00,61.74
2022-04-08 00:00:00+00:00,62.19
2022-04-09 00:00:00+00:00,59.72
2022-04-10 00:00:00+00:00,61.08
2022-04-11 00:00:00+00:00,68.28
2022-04-12 00:00:00+00:00,65.22
2022-04-13 00:00:00+00:00,63.61
2022-04-14 00:00:00+00:00,62.1
2022-04-15 00:00:00+00:00,60.4
2022-04-16 00:00:00+00:00,61.05
2022-04-17 00:00:00+00:00,63.59
2022-04-18 00:00:00+00:00,63.47
2022-04-19 00:00:00+00:00,62.46
2022-04-20 00:00:00+00:00,62.19
2022-04-21 00:00:00+00:00,63.51
2022-04-22 00:00:00+00:00,61.12
2022-04-23 00:00:00+00:00,61.34
2022-04-24 00:00:00+00:00,62.62
2022-04-25 00:00:00+00:00,65.57
2022-04-26 00:00:00+00:00,66.78
2022-04-27 00:00:00+00:00,65.09
2022-04-28 00:00:00+00:00,63.0
2022-04-29 00:00:00+00:00,60.54
2022-04-30 00:00:00+00:00,62.23
2022-05-01 00:00:00+00:00,62.44
2022-05-02 00:00:00+00:00,62.42
2022-05-03 00:00:00+00:00,64.92
2022-05-04 00:00:00+00:00,60.58
2022-05-05 00:00:00+00:00,63.13
2022-05-06 00:00:00+00:00,62.19
2022-05-07 00:00:00+00:00,64.87
2022-05-08 00:00:00+00:00,68.59
2022-05-09 00:00:00+00:00,84.91
2022-05-10 00:00:00+00:00,81.61
2022-05-11 00:00:00+00:00,101.25
2022-05-12 00:00:00+00:00,114.58
2022-05-13 00:00:00+00:00,99.66
2022-05-14 00:00:00+00:00,93.57
2022-05-15 00:00:00+00:00,92.34
2022-05-16 00:00:00+00:00,96.37
2022-05-17 00:00:00+00:00,91.46
2022-05-18 00:00:00+00:00,100.59
2022-05-19 00:00:00+00:00,91.11
2022-05-20 00:00:00+00:00,88.56
2022-05-21 00:00:00+00:00,84.12
2022-05-22 00:00:00+00:00,82.49
2022-05-23 00:00:00+00:00,82.54
2022-05-24 00:00:00+00:00,82.27
2022-05-25 00:00:00+00:00,82.57
2022-05-26 00:00:00+00:00,81.63
2022-05-27 00:00:00+00:00,84.72
2022-05-28 00:00:00+00:00,80.91
2022-05-29 00:00:00+00:00,81.2
2022-05-30 00:00:00+00:00,75.39
2022-05-31 00:00:00+00:00,73.06
2022-06-01 00:00:00+00:00,74.75
2022-06-02 00:00:00+00:00,73.43
2022-06-03 00:00:00+00:00,71.33
2022-06-04 00:00:00+00:00,70.96
2022-06-05 00:00:00+00:00,72.04
2022-06-06 00:00:00+00:00,68.51
2022-06-07 00:00:00+00:00,71.51
2022-06-08 00:00:00+00:00,71.7
2022-06-09 00:00:00+00:00,72.57
2022-06-10 00:00:00+00:00,72.55
2022-06-11 00:00:00+00:00,75.05
2022-06-12 00:00:00+00:00,93.99
2022-06-13 00:00:00+00:00,106.0
2022-06-14 00:00:00+00:00,103.09
2022-06-15 00:00:00+00:00,89.15
2022-06-16 00:00:00+00:00,119.65
2022-06-17 00:00:00+00:00,108.67
2022-06-18 00:00:00+00:00,115.03
2022-06-19 00:00:00+00:00,109.97
2022-06-20 00:00:00+00:00,99.27
2022-06-21 00:00:00+00:00,97.96
2022-06-22 00:00:00+00:00,99.76
2022-06-23 00:00:00+00:00,91.46
2022-06-24 00:00:00+00:00,90.66
2022-06-25 00:00:00+00:00,86.66
2022-06-26 00:00:00+00:00,90.26
2022-06-27 00:00:00+00:00,89.09
2022-06-28 00:00:00+00:00,87.5
2022-06-29 00:00:00+00:00,91.37
2022-06-30 00:00:00+00:00,94.14
2022-07-01 00:00:00+00:00,92.97
2022-07-02 00:00:00+00:00,92.23
2022-07-03 00:00:00+00:00,92.07
2022-07-04 00:00:00+00:00,86.99
2022-07-05 00:00:00+00:00,86.08
2022-07-06 00:00:00+00:00,82.25
2022-07-07 00:00:00+00:00,81.35
2022-07-08 00:00:00+00:00,78.39
2022-07-09 00:00:00+00:00,73.55
2022-07-10 00:00:00+00:00,75.86
2022-07-11 00:00:00+00:00,80.52
2022-07-12 00:00:00+00:00,85.86
2022-07-13 00:00:00+00:00,80.89
2022-07-14 00:00:00+00:00,81.35
2022-07-15 00:00:00+00:00,78.7
2022-07-16 00:00:00+00:00,81.99
2022-07-17 00:00:00+00:00,81.29
2022-07-18 00:00:00+00:00,83.39
2022-07-19 00:00:00+00:00,82.9
2022-07-20 00:00:00+00:00,83.99
2022-07-21 00:00:00+00:00,82.38
2022-07-22 00:00:00+00:00,84.28
2022-07-23 00:00:00+00:00,80.45
2022-07-24 00:00:00+00:00,83.17
2022-07-25 00:00:00+00:00,81.35
2022-07-26 00:00:00+00:00,81.39
2022-07-27 00:00:00+00:00,76.49
2022-07-28 00:00:00+00:00,76.89
2022-07-29 00:00:00+00:00,75.03
2022-07-30 00:00:00+00:00,78.55
2022-07-31 00:00:00+00:00,78.66
2022-08-01 00:00:00+00:00,77.69
2022-08-02 00:00:00+00:00,77.79
2022-08-03 00:00:00+00:00,75.87
2022-08-04 00:00:00+00:00,73.67
2022-08-05 00:00:00+00:00,71.85
2022-08-06 00:00:00+00:00,71.7
2022-08-07 00:00:00+00:00,73.6
2022-08-08 00:00:00+00:00,75.17
2022-08-09 00:00:00+00:00,74.67
2022-08-10 00:00:00+00:00,70.87
2022-08-11 00:00:00+00:00,71.48
2022-08-12 00:00:00+00:00,70.27
2022-08-13 00:00:00+00:00,70.6
2022-08-14 00:00:00+00:00,70.89
2022-08-15 00:00:00+00:00,70.2
2022-08-16 00:00:00+00:00,71.55
2022-08-17 00:00:00+00:00,75.32
2022-08-18 00:00:00+00:00,74.82
2022-08-19 00:00:00+00:00,81.24
2022-08-20 00:00:00+00:00,77.7
2022-08-21 00:00:00+00:00,79.02
2022-08-22 00:00:00+00:00,80.35
2022-08-23 00:00:00+00:00,77.78
2022-08-24 00:00:00+00:00,75.59
2022-08-25 00:00:00+00:00,73.83
2022-08-26 00:00:00+00:00,72.6
2022-08-27 00:00:00+00:00,73.03
2022-08-28 00:00:00+00:00,76.17
2022-08-29 00:00:00+00:00,73.2
2022-08-30 00:00:00+00:00,75.78
2022-08-31 00:00:00+00:00,75.04
2022-09-01 00:00:00+00:00,77.83
2022-09-02 00:00:00+00:00,74.66
2022-09-03 00:00:00+00:00,77.86
2022-09-04 00:00:00+00:00,76.01
2022-09-05 00:00:00+00:00,76.88
2022-09-06 00:00:00+00:00,81.46
2022-09-07 00:00:00+00:00,76.12
2022-09-08 00:00:00+00:00,75.72
2022-09-09 00:00:00+00:00,75.12
2022-09-10 00:00:00+00:00,78.15
2022-09-11 00:00:00+00:00,78.91
2022-09-12 00:00:00+00:00,79.15
2022-09-13 00:00:00+00:00,81.07
2022-09-14 00:00:00+00:00,78.19
2022-09-15 00:00:00+00:00,76.05
2022-09-16 00:00:00+00:00,70.57
2022-09-17 00:00:00+00:00,69.14
2022-09-18 00:00:00+00:00,74.86
2022-09-19 00:00:00+00:00,70.23
2022-09-20 00:00:00+00:00,75.86
2022-09-21 00:00:00+00:00,76.7
2022-09-22 00:00:00+00:00,74.81
2022-09-23 00:00:00+00:00,74.23
2022-09-24 00:00:00+00:00,73.21
2022-09-25 00:00:00+00:00,75.88
2022-09-26 00:00:00+00:00,76.71
2022-09-27 00:00:00+00:00,76.88
2022-09-28 00:00:00+00:00,79.4
2022-09-29 00:00:00+00:00,77.52
2022-09-30 00:00:00+00:00,74.06
2022-10-01 00:00:00+00:00,72.26
2022-10-02 00:00:00+00:00,76.42
2022-10-03 00:00:00+00:00,70.07
2022-10-04 00:00:00+00:00,69.87
2022-10-05 00:00:00+00:00,71.16
2022-10-06 00:00:00+00:00,68.73
2022-10-07 00:00:00+00:00,65.99
2022-10-08 00:00:00+00:00,64.84
2022-10-09 00:00:00+00:00,67.51
2022-10-10 00:00:00+00:00,68.98
2022-10-11 00:00:00+00:00,70.6
2022-10-12 00:00:00+00:00,70.2
2022-10-13 00:00:00+00:00,66.11
2022-10-14 00:00:00+00:00,62.08
2022-10-15 00:00:00+00:00,62.66
2022-10-16 00:00:00+00:00,63.27
2022-10-17 00:00:00+00:00,60.01
2022-10-18 00:00:00+00:00,62.26
2022-10-19 00:00:00+00:00,60.9
2022-10-20 00:00:00+00:00,61.44
2022-10-21 00:00:00+00:00,62.19
2022-10-22 00:00:00+00:00,62.14
2022-10-23 00:00:00+00:00,64.07
2022-10-24 00:00:00+00:00,64.31
2022-10-25 00:00:00+00:00,65.61
2022-10-26 00:00:00+00:00,66.28
2022-10-27 00:00:00+00:00,61.41
2022-10-28 00:00:00+00:00,55.08
2022-10-29 00:00:00+00:00,57.8
2022-10-30 00:00:00+00:00,60.36
2022-10-31 00:00:00+00:00,59.63
2022-11-01 00:00:00+00:00,59.92
2022-11-02 00:00:00+00:00,56.41
2022-11-03 00:00:00+00:00,53.98
2022-11-04 00:00:00+00:00,54.19
2022-11-05 00:00:00+00:00,55.9
2022-11-06 00:00:00+00:00,56.76
2022-11-07 00:00:00+00:00,59.48
2022-11-08 00:00:00+00:00,76.66
2022-11-09 00:00:00+00:00,114.72
2022-11-10 00:00:00+00:00,93.12
2022-11-11 00:00:00+00:00,102.11
2022-11-12 00:00:00+00:00,102.92
2022-11-13 00:00:00+00:00,107.88
2022-11-14 00:00:00+00:00,98.18
2022-11-15 00:00:00+00:00,89.99
2022-11-16 00:00:00+00:00,98.64
2022-11-17 00:00:00+00:00,76.97
2022-11-18 00:00:00+00:00,74.71
2022-11-19 00:00:00+00:00,72.41
2022-11-20 00:00:00+00:00,80.26
2022-11-21 00:00:00+00:00,80.81
2022-11-22 00:00:00+00:00,79.71
2022-11-23 00:00:00+00:00,75.27
2022-11-24 00:00:00+00:00,72.21
2022-11-25 00:00:00+00:00,64.89
2022-11-26 00:00:00+00:00,65.49
2022-11-27 00:00:00+00:00,67.12
2022-11-28 00:00:00+00:00,67.44
2022-11-29 00:00:00+00:00,64.8
2022-11-30 00:00:00+00:00,64.05
2022-12-01 00:00:00+00:00,60.05
2023-06-20 00:00:00+00:00,52.71
2023-06-21 00:00:00+00:00,55.83
2023-06-22 00:00:00+00:00,51.05
2023-06-23 00:00:00+00:00,52.71
2023-06-24 00:00:00+00:00,49.15
2023-06-25 00:00:00+00:00,49.51
2023-06-26 00:00:00+00:00,49.51
2023-06-27 00:00:00+00:00,48.92
2023-06-28 00:00:00+00:00,48.44
2023-06-29 00:00:00+00:00,43.52
2023-06-30 00:00:00+00:00,46.06
2023-07-01 00:00:00+00:00,46.56
2023-07-02 00:00:00+00:00,47.88
2023-07-03 00:00:00+00:00,49.05
2023-07-04 00:00:00+00:00,46.61
2023-07-05 00:00:00+00:00,46.45
2023-07-06 00:00:00+00:00,47.96
2023-07-07 00:00:00+00:00,45.04
2023-07-08 00:00:00+00:00,44.01
2023-07-09 00:00:00+00:00,43.89
2023-07-10 00:00:00+00:00,44.26
2023-07-11 00:00:00+00:00,43.96
2023-07-12 00:00:00+00:00,41.26
2023-07-13 00:00:00+00:00,45.15
2023-07-14 00:00:00+00:00,42.21
2023-07-15 00:00:00+00:00,42.98
2023-07-16 00:00:00+00:00,42.1
2023-07-17 00:00:00+00:00,42.9
2023-07-18 00:00:00+00:00,42.67
2023-07-19 00:00:00+00:00,40.53
2023-07-20 00:00:00+00:00,41.62
2023-07-21 00:00:00+00:00,38.76
2023-07-22 00:00:00+00:00,39.07
2023-07-23 00:00:00+00:00,39.27
2023-07-24 00:00:00+00:00,38.25
2023-07-25 00:00:00+00:00,37.77
2023-07-26 00:00:00+00:00,38.15
2023-07-27 00:00:00+00:00,36.36
2023-07-28 00:00:00+00:00,35.47
2023-07-29 00:00:00+00:00,34.96
2023-07-30 00:00:00+00:00,36.33
2023-07-31 00:00:00+00:00,36.77
2023-08-01 00:00:00+00:00,36.56
2023-08-02 00:00:00+00:00,36.82
2023-08-03 00:00:00+00:00,36.21
2023-08-04 00:00:00+00:00,34.37
2023-08-05 00:00:00+00:00,33.79
2023-08-06 00:00:00+00:00,34.03
2023-08-07 00:00:00+00:00,36.29
2023-08-08 00:00:00+00:00,39.85
2023-08-09 00:00:00+00:00,38.73
2023-08-10 00:00:00+00:00,36.2
2023-08-11 00:00:00+00:00,32.74
2023-08-12 00:00:00+00:00,32.38
2023-08-13 00:00:00+00:00,33.76
2023-08-14 00:00:00+00:00,35.01
2023-08-15 00:00:00+00:00,34.58
2023-08-16 00:00:00+00:00,36.56
2023-08-17 00:00:00+00:00,52.3
2023-08-18 00:00:00+00:00,43.58
2023-08-19 00:00:00+00:00,43.01
2023-08-20 00:00:00+00:00,43.18
2023-08-21 00:00:00+00:00,42.63
2023-08-22 00:00:00+00:00,42.13
2023-08-23 00:00:00+00:00,43.38
2023-08-24 00:00:00+00:00,41.72
2023-08-25 00:00:00+00:00,36.31
2023-08-26 00:00:00+00:00,35.52
2023-08-27 00:00:00+00:00,36.05
2023-08-28 00:00:00+00:00,36.42
2023-08-29 00:00:00+00:00,40.6
2023-08-30 00:00:00+00:00,38.18
2023-08-31 00:00:00+00:00,35.98
2023-09-01 00:00:00+00:00,36.09
2023-09-02 00:00:00+00:00,35.57
2023-09-03 00:00:00+00:00,37.84
2023-09-04 00:00:00+00:00,38.3
2023-09-05 00:00:00+00:00,39.79
2023-09-06 00:00:00+00:00,39.41
2023-09-07 00:00:00+00:00,39.74
2023-09-08 00:00:00+00:00,40.0
2023-09-09 00:00:00+00:00,39.75
2023-09-10 00:00:00+00:00,40.52
2023-09-11 00:00:00+00:00,44.33
2023-09-12 00:00:00+00:00,43.57
2023-09-13 00:00:00+00:00,44.05
2023-09-14 00:00:00+00:00,41.71
2023-09-15 00:00:00+00:00,39.14
2023-09-16 00:00:00+00:00,39.52
2023-09-17 00:00:00+00:00,39.83
2023-09-18 00:00:00+00:00,41.48
2023-09-19 00:00:00+00:00,42.53
2023-09-20 00:00:00+00:00,43.01
2023-09-21 00:00:00+00:00,41.37
2023-09-22 00:00:00+00:00,37.29
2023-09-23 00:00:00+00:00,37.64
2023-09-24 00:00:00+00:00,38.6
2023-09-25 00:00:00+00:00,39.25
2023-09-26 00:00:00+00:00,38.67
2023-09-27 00:00:00+00:00,36.06
2023-09-28 00:00:00+00:00,38.63
2023-09-29 00:00:00+00:00,33.04
2023-09-30 00:00:00+00:00,35.89
2023-10-01 00:00:00+00:00,37.5
2023-10-02 00:00:00+00:00,38.17
2023-10-03 00:00:00+00:00,37.96
2023-10-04 00:00:00+00:00,37.28
2023-10-05 00:00:00+00:00,36.75
2023-10-06 00:00:00+00:00,35.06
2023-10-07 00:00:00+00:00,37.61
2023-10-08 00:00:00+00:00,37.85
2023-10-09 00:00:00+00:00,36.81
2023-10-10 00:00:00+00:00,38.53
2023-10-11 00:00:00+00:00,36.88
2023-10-12 00:00:00+00:00,35.19
2023-10-13 00:00:00+00:00,35.37
2023-10-14 00:00:00+00:00,36.53
2023-10-15 00:00:00+00:00,38.16
2023-10-16 00:00:00+00:00,42.63
2023-10-17 00:00:00+00:00,41.08
2023-10-18 00:00:00+00:00,39.24
2023-10-19 00:00:00+00:00,39.18
2023-10-20 00:00:00+00:00,44.26
2023-10-21 00:00:00+00:00,45.9
2023-10-22 00:00:00+00:00,48.81
2023-10-23 00:00:00+00:00,55.37
2023-10-24 00:00:00+00:00,54.19
2023-10-25 00:00:00+00:00,58.36
2023-10-26 00:00:00+00:00,55.02
2023-10-27 00:00:00+00:00,47.19
2023-10-28 00:00:00+00:00,50.23
2023-10-29 00:00:00+00:00,54.21
2023-10-30 00:00:00+00:00,53.89
2023-10-31 00:00:00+00:00,54.76
2023-11-01 00:00:00+00:00,59.78
2023-11-02 00:00:00+00:00,60.0
2023-11-03 00:00:00+00:00,57.89
2023-11-04 00:00:00+00:00,62.46
2023-11-05 00:00:00+00:00,60.1
2023-11-06 00:00:00+00:00,57.36
2023-11-07 00:00:00+00:00,55.48
2023-11-08 00:00:00+00:00,57.58
2023-11-09 00:00:00+00:00,58.87
2023-11-10 00:00:00+00:00,56.84
2023-11-11 00:00:00+00:00,58.09
2023-11-12 00:00:00+00:00,58.33
2023-11-13 00:00:00+00:00,56.26
2023-11-14 00:00:00+00:00,56.24
2023-11-15 00:00:00+00:00,60.51
2023-11-16 00:00:00+00:00,55.35
2023-11-17 00:00:00+00:00,55.4
2023-11-18 00:00:00+00:00,54.38
2023-11-19 00:00:00+00:00,56.54
2023-11-20 00:00:00+00:00,57.94
2023-11-21 00:00:00+00:00,55.72
2023-11-22 00:00:00+00:00,55.5
2023-11-23 00:00:00+00:00,53.87
2023-11-24 00:00:00+00:00,53.65
2023-11-25 00:00:00+00:00,52.13
2023-11-26 00:00:00+00:00,53.19
2023-11-27 00:00:00+00:00,50.62
2023-11-28 00:00:00+00:00,50.58
2023-11-29 00:00:00+00:00,51.9
2023-11-30 00:00:00+00:00,49.8
2023-12-01 00:00:00+00:00,51.46
2023-12-02 00:00:00+00:00,52.35
2023-12-03 00:00:00+00:00,54.72
2023-12-04 00:00:00+00:00,55.09
2023-12-05 00:00:00+00:00,55.71
2023-12-06 00:00:00+00:00,53.71
2023-12-07 00:00:00+00:00,52.4
2023-12-08 00:00:00+00:00,53.72
2023-12-09 00:00:00+00:00,53.98
2023-12-10 00:00:00+00:00,55.03
2023-12-11 00:00:00+00:00,55.59
2023-12-12 00:00:00+00:00,53.87
2023-12-13 00:00:00+00:00,53.46
2023-12-14 00:00:00+00:00,53.13
2023-12-15 00:00:00+00:00,54.15
2023-12-16 00:00:00+00:00,53.81
2023-12-17 00:00:00+00:00,54.6
2023-12-18 00:00:00+00:00,56.02
2023-12-19 00:00:00+00:00,57.62
2023-12-20 00:00:00+00:00,58.1
2023-12-21 00:00:00+00:00,58.63
2023-12-22 00:00:00+00:00,57.24
2023-12-23 00:00:00+00:00,56.97
2023-12-24 00:00:00+00:00,58.73
2023-12-25 00:00:00+00:00,58.26
2023-12-26 00:00:00+00:00,59.98
2023-12-27 00:00:00+00:00,64.35
2023-12-28 00:00:00+00:00,63.75
2023-12-29 00:00:00+00:00,62.5
2023-12-30 00:00:00+00:00,63.11
2023-12-31 00:00:00+00:00,64.71
2024-01-01 00:00:00+00:00,66.81
2024-01-02 00:00:00+00:00,63.75
2024-01-03 00:00:00+00:00,65.17
2024-01-04 00:00:00+00:00,65.34
2024-01-05 00:00:00+00:00,67.64
2024-01-06 00:00:00+00:00,71.39
2024-01-07 00:00:00+00:00,71.81
2024-01-08 00:00:00+00:00,67.16
2024-01-09 00:00:00+00:00,64.17
2024-01-10 00:00:00+00:00,62.7
2024-01-11 00:00:00+00:00,57.3
2024-01-12 00:00:00+00:00,57.42
2024-01-13 00:00:00+00:00,55.07
2024-01-14 00:00:00+00:00,56.87
2024-01-15 00:00:00+00:00,55.96
2024-01-16 00:00:00+00:00,55.16
2024-01-17 00:00:00+00:00,50.79
2024-01-18 00:00:00+00:00,48.31
2024-01-19 00:00:00+00:00,48.04
2024-01-20 00:00:00+00:00,47.96
2024-01-21 00:00:00+00:00,47.82
2024-01-22 00:00:00+00:00,48.98
2024-01-23 00:00:00+00:00,49.59
2024-01-24 00:00:00+00:00,47.54
2024-01-25 00:00:00+00:00,45.01
2024-01-26 00:00:00+00:00,43.73
2024-01-27 00:00:00+00:00,42.43
2024-01-28 00:00:00+00:00,45.25
2024-01-29 00:00:00+00:00,45.36
2024-01-30 00:00:00+00:00,46.91
2024-01-31 00:00:00+00:00,45.79
2024-02-01 00:00:00+00:00,44.76
2024-02-02 00:00:00+00:00,42.41
2024-02-03 00:00:00+00:00,41.52
2024-02-04 00:00:00+00:00,42.69
2024-02-05 00:00:00+00:00,42.37
2024-02-06 00:00:00+00:00,42.87
2024-02-07 00:00:00+00:00,43.82
2024-02-08 00:00:00+00:00,44.91
2024-02-09 00:00:00+00:00,47.79
2024-02-10 00:00:00+00:00,49.91
2024-02-11 00:00:00+00:00,51.29
2024-02-12 00:00:00+00:00,54.28
2024-02-13 00:00:00+00:00,52.19
2024-02-14 00:00:00+00:00,55.13
2024-02-15 00:00:00+00:00,55.08
2024-02-16 00:00:00+00:00,55.24
2024-02-17 00:00:00+00:00,56.24
2024-02-18 00:00:00+00:00,57.24
2024-02-19 00:00:00+00:00,56.83
2024-02-20 00:00:00+00:00,55.63
2024-02-21 00:00:00+00:00,54.01
2024-02-22 00:00:00+00:00,55.38
2024-02-23 00:00:00+00:00,52.23
2024-02-24 00:00:00+00:00,54.18
2024-02-25 00:00:00+00:00,55.17
2024-02-26 00:00:00+00:00,56.05
2024-02-27 00:00:00+00:00,58.36
2024-02-28 00:00:00+00:00,67.76
2024-02-29 00:00:00+00:00,65.54
2024-03-01 00:00:00+00:00,65.37
2024-03-02 00:00:00+00:00,65.82
2024-03-03 00:00:00+00:00,71.72
2024-03-04 00:00:00+00:00,74.81
2024-03-05 00:00:00+00:00,73.19
2024-03-06 00:00:00+00:00,74.85
2024-03-07 00:00:00+00:00,69.68
2024-03-08 00:00:00+00:00,71.87
2024-03-09 00:00:00+00:00,75.04
2024-03-10 00:00:00+00:00,80.12
2024-03-11 00:00:00+00:00,83.02
2024-03-12 00:00:00+00:00,78.08
2024-03-13 00:00:00+00:00,77.5
2024-03-14 00:00:00+00:00,74.58
2024-03-15 00:00:00+00:00,76.7
2024-03-16 00:00:00+00:00,75.73
2024-03-17 00:00:00+00:00,75.93
2024-03-18 00:00:00+00:00,74.08
2024-03-19 00:00:00+00:00,76.61
2024-03-20 00:00:00+00:00,77.73
2024-03-21 00:00:00+00:00,75.26
2024-03-22 00:00:00+00:00,72.46
2024-03-23 00:00:00+00:00,73.68
2024-03-24 00:00:00+00:00,72.62
2024-03-25 00:00:00+00:00,76.25
2024-03-26 00:00:00+00:00,75.39
2024-03-27 00:00:00+00:00,75.78
2024-03-28 00:00:00+00:00,76.53
2024-03-29 00:00:00+00:00,73.11
2024-03-30 00:00:00+00:00,74.93
2024-03-31 00:00:00+00:00,76.64
2024-04-01 00:00:00+00:00,73.81
2024-04-02 00:00:00+00:00,74.37
2024-04-03 00:00:00+00:00,72.45
2024-04-04 00:00:00+00:00,72.31
2024-04-05 00:00:00+00:00,71.96
2024-04-06 00:00:00+00:00,72.3
2024-04-07 00:00:00+00:00,77.43
2024-04-08 00:00:00+00:00,76.25
2024-04-09 00:00:00+00:00,73.69
2024-04-10 00:00:00+00:00,72.32
2024-04-11 00:00:00+00:00,68.42
2024-04-12 00:00:00+00:00,66.94
2024-04-13 00:00:00+00:00,72.95
2024-04-14 00:00:00+00:00,71.99
2024-04-15 00:00:00+00:00,70.48
2024-04-16 00:00:00+00:00,70.88
2024-04-17 00:00:00+00:00,70.72
2024-04-18 00:00:00+00:00,69.98
2024-04-19 00:00:00+00:00,70.4
2024-04-20 00:00:00+00:00,71.98
2024-04-21 00:00:00+00:00,72.05
2024-04-22 00:00:00+00:00,69.37
2024-04-23 00:00:00+00:00,64.16
2024-04-24 00:00:00+00:00,62.44
2024-04-25 00:00:00+00:00,59.29
2024-04-26 00:00:00+00:00,55.12
2024-04-27 00:00:00+00:00,54.69
2024-04-28 00:00:00+00:00,56.79
2024-04-29 00:00:00+00:00,55.33
2024-04-30 00:00:00+00:00,59.81
2024-05-01 00:00:00+00:00,61.22
2024-05-02 00:00:00+00:00,56.77
2024-05-03 00:00:00+00:00,55.88
2024-05-04 00:00:00+00:00,56.89
2024-05-05 00:00:00+00:00,58.65
2024-05-06 00:00:00+00:00,55.57
2024-05-07 00:00:00+00:00,53.76
2024-05-08 00:00:00+00:00,55.43
2024-05-09 00:00:00+00:00,52.17
2024-05-10 00:00:00+00:00,54.27
2024-05-11 00:00:00+00:00,54.17
2024-05-12 00:00:00+00:00,54.52
2024-05-13 00:00:00+00:00,56.13
2024-05-14 00:00:00+00:00,56.23
2024-05-15 00:00:00+00:00,58.61
2024-05-16 00:00:00+00:00,57.49
2024-05-17 00:00:00+00:00,55.26
2024-05-18 00:00:00+00:00,56.67
2024-05-19 00:00:00+00:00,57.32
2024-05-20 00:00:00+00:00,61.94
2024-05-21 00:00:00+00:00,58.59
2024-05-22 00:00:00+00:00,56.8
2024-05-23 00:00:00+00:00,53.18
2024-05-24 00:00:00+00:00,52.29
2024-05-25 00:00:00+00:00,52.21
2024-05-26 00:00:00+00:00,53.73
2024-05-27 00:00:00+00:00,53.91
2024-05-28 00:00:00+00:00,54.76
2024-05-29 00:00:00+00:00,53.24
2024-05-30 00:00:00+00:00,53.27
2024-05-31 00:00:00+00:00,51.99
2024-06-01 00:00:00+00:00,50.68
2024-06-02 00:00:00+00:00,51.11
2024-06-03 00:00:00+00:00,52.77
2024-06-04 00:00:00+00:00,53.95
2024-06-05 00:00:00+00:00,55.62
2024-06-06 00:00:00+00:00,51.87
2024-06-07 00:00:00+00:00,50.02
2024-06-08 00:00:00+00:00,50.34
2024-06-09 00:00:00+00:00,51.79
2024-06-10 00:00:00+00:00,50.88
2024-06-11 00:00:00+00:00,52.49
2024-06-12 00:00:00+00:00,50.56
2024-06-13 00:00:00+00:00,49.23
2024-06-14 00:00:00+00:00,48.56
2024-06-15 00:00:00+00:00,48.03
2024-06-16 00:00:00+00:00,47.9
2024-06-17 00:00:00+00:00,48.81
2024-06-18 00:00:00+00:00,50.06
2024-06-19 00:00:00+00:00,48.6
2024-06-20 00:00:00+00:00,48.28
2024-06-21 00:00:00+00:00,47.11
2024-06-22 00:00:00+00:00,46.43
2024-06-23 00:00:00+00:00,48.23
2024-06-24 00:00:00+00:00,50.96
2024-06-25 00:00:00+00:00,48.14
2024-06-26 00:00:00+00:00,47.05
2024-06-27 00:00:00+00:00,47.94
2024-06-28 00:00:00+00:00,45.4
2024-06-29 00:00:00+00:00,43.47
2024-06-30 00:00:00+00:00,45.44
2024-07-01 00:00:00+00:00,44.71
2024-07-02 00:00:00+00:00,42.33
2024-07-03 00:00:00+00:00,45.36
2024-07-04 00:00:00+00:00,47.53
2024-07-05 00:00:00+00:00,48.98
2024-07-06 00:00:00+00:00,48.21
2024-07-07 00:00:00+00:00,50.99
2024-07-08 00:00:00+00:00,51.03
2024-07-09 00:00:00+00:00,50.05
2024-07-10 00:00:00+00:00,48.69
2024-07-11 00:00:00+00:00,48.54
2024-07-12 00:00:00+00:00,46.32
2024-07-13 00:00:00+00:00,49.18
2024-07-14 00:00:00+00:00,49.3
2024-07-15 00:00:00+00:00,54.52
2024-07-16 00:00:00+00:00,56.49
2024-07-17 00:00:00+00:00,58.28
2024-07-18 00:00:00+00:00,57.1
2024-07-19 00:00:00+00:00,60.8
2024-07-20 00:00:00+00:00,62.65
2024-07-21 00:00:00+00:00,66.0
2024-07-22 00:00:00+00:00,67.63
2024-07-23 00:00:00+00:00,63.91
2024-07-24 00:00:00+00:00,61.39
2024-07-25 00:00:00+00:00,61.81
2024-07-26 00:00:00+00:00,60.1
2024-07-27 00:00:00+00:00,55.04
2024-07-28 00:00:00+00:00,52.65
2024-07-29 00:00:00+00:00,51.73
2024-07-30 00:00:00+00:00,50.62
2024-07-31 00:00:00+00:00,48.73
2024-08-01 00:00:00+00:00,49.81
2024-08-02 00:00:00+00:00,51.4
2024-08-03 00:00:00+00:00,51.45
2024-08-04 00:00:00+00:00,56.13
2024-08-05 00:00:00+00:00,63.08
2024-08-06 00:00:00+00:00,61.54
2024-08-07 00:00:00+00:00,60.88
2024-08-08 00:00:00+00:00,56.81
2024-08-09 00:00:00+00:00,55.02
2024-08-10 00:00:00+00:00,56.28
2024-08-11 00:00:00+00:00,57.11
2024-08-12 00:00:00+00:00,57.48
2024-08-13 00:00:00+00:00,56.92
2024-08-14 00:00:00+00:00,55.31
2024-08-15 00:00:00+00:00,55.64
2024-08-16 00:00:00+00:00,53.12
2024-08-17 00:00:00+00:00,53.71
2024-08-18 00:00:00+00:00,55.32
2024-08-19 00:00:00+00:00,53.68
2024-08-20 00:00:00+00:00,54.06
2024-08-21 00:00:00+00:00,54.68
2024-08-22 00:00:00+00:00,53.99
2024-08-23 00:00:00+00:00,55.43
2024-08-24 00:00:00+00:00,55.14
2024-08-25 00:00:00+00:00,54.2
2024-08-26 00:00:00+00:00,51.58
2024-08-27 00:00:00+00:00,52.69
2024-08-28 00:00:00+00:00,52.91
2024-08-29 00:00:00+00:00,52.98
2024-08-30 00:00:00+00:00,51.96
2024-08-31 00:00:00+00:00,50.48
2024-09-01 00:00:00+00:00,54.36
2024-09-02 00:00:00+00:00,52.92
2024-09-03 00:00:00+00:00,55.29
2024-09-04 00:00:00+00:00,55.73
2024-09-05 00:00:00+00:00,56.79
2024-09-06 00:00:00+00:00,59.46
2024-09-07 00:00:00+00:00,58.84
2024-09-08 00:00:00+00:00,59.32
2024-09-09 00:00:00+00:00,58.82
2024-09-10 00:00:00+00:00,57.18
2024-09-11 00:00:00+00:00,54.84
2024-09-12 00:00:00+00:00,53.96
2024-09-13 00:00:00+00:00,52.51
2024-09-14 00:00:00+00:00,52.48
2024-09-15 00:00:00+00:00,53.21
2024-09-16 00:00:00+00:00,53.29
2024-09-17 00:00:00+00:00,53.12
2024-09-18 00:00:00+00:00,51.59
2024-09-19 00:00:00+00:00,51.95
2024-09-20 00:00:00+00:00,50.15
2024-09-21 00:00:00+00:00,51.04
2024-09-22 00:00:00+00:00,51.13
2024-09-23 00:00:00+00:00,50.45
2024-09-24 00:00:00+00:00,51.52
2024-09-25 00:00:00+00:00,49.75
2024-09-26 00:00:00+00:00,52.38
2024-09-27 00:00:00+00:00,51.91
2024-09-28 00:00:00+00:00,52.6
2024-09-29 00:00:00+00:00,54.02
2024-09-30 00:00:00+00:00,54.21
2024-10-01 00:00:00+00:00,56.64
2024-10-02 00:00:00+00:00,56.35
2024-10-03 00:00:00+00:00,57.45
2024-10-04 00:00:00+00:00,55.53
2024-10-05 00:00:00+00:00,55.41
2024-10-06 00:00:00+00:00,57.17
2024-10-07 00:00:00+00:00,56.6
2024-10-08 00:00:00+00:00,55.63
2024-10-09 00:00:00+00:00,56.11
2024-10-10 00:00:00+00:00,54.97
2024-10-11 00:00:00+00:00,57.51
2024-10-12 00:00:00+00:00,56.84
2024-10-13 00:00:00+00:00,57.14
2024-10-14 00:00:00+00:00,57.85
2024-10-15 00:00:00+00:00,58.15
2024-10-16 00:00:00+00:00,57.44
2024-10-17 00:00:00+00:00,56.4
2024-10-18 00:00:00+00:00,55.18
2024-10-19 00:00:00+00:00,54.7
2024-10-20 00:00:00+00:00,56.66
2024-10-21 00:00:00+00:00,55.69
2024-10-22 00:00:00+00:00,55.77
2024-10-23 00:00:00+00:00,56.29
2024-10-24 00:00:00+00:00,57.3
2024-10-25 00:00:00+00:00,58.08
2024-10-26 00:00:00+00:00,55.36
2024-10-27 00:00:00+00:00,57.18
2024-10-28 00:00:00+00:00,57.78
2024-10-29 00:00:00+00:00,59.83
2024-10-30 00:00:00+00:00,59.11
2024-10-31 00:00:00+00:00,58.23
2025-01-23 00:00:00+00:00,60.08
2025-01-24 00:00:00+00:00,57.37
2025-01-25 00:00:00+00:00,57.05
2025-01-26 00:00:00+00:00,56.74
2025-01-27 00:00:00+00:00,59.05
2025-01-28 00:00:00+00:00,56.2
2025-01-29 00:00:00+00:00,56.15
2025-01-30 00:00:00+00:00,54.64
2025-01-31 00:00:00+00:00,53.32
2025-02-01 00:00:00+00:00,53.77
2025-02-02 00:00:00+00:00,57.04
2025-02-03 00:00:00+00:00,56.94
2025-02-04 00:00:00+00:00,54.03
2025-02-05 00:00:00+00:00,54.53
2025-02-06 00:00:00+00:00,53.91
2025-02-07 00:00:00+00:00,54.17
2025-02-08 00:00:00+00:00,53.49
2025-02-09 00:00:00+00:00,54.21
2025-02-10 00:00:00+00:00,52.4
2025-02-11 00:00:00+00:00,54.23
2025-02-12 00:00:00+00:00,51.49
2025-02-13 00:00:00+00:00,51.76
2025-02-14 00:00:00+00:00,51.6
2025-02-15 00:00:00+00:00,50.61
2025-02-16 00:00:00+00:00,50.84
2025-02-17 00:00:00+00:00,51.73
2025-02-18 00:00:00+00:00,51.69
2025-02-19 00:00:00+00:00,49.15
2025-02-20 00:00:00+00:00,49.06
2025-02-21 00:00:00+00:00,48.71
2025-02-22 00:00:00+00:00,48.6
2025-02-23 00:00:00+00:00,48.47
2025-02-24 00:00:00+00:00,47.07
2025-02-25 00:00:00+00:00,48.59
2025-02-26 00:00:00+00:00,51.3
2025-02-27 00:00:00+00:00,51.68
2025-02-28 00:00:00+00:00,50.76
2025-03-01 00:00:00+00:00,51.87
2025-03-02 00:00:00+00:00,55.47
2025-03-03 00:00:00+00:00,59.48
2025-03-04 00:00:00+00:00,62.07
2025-03-05 00:00:00+00:00,57.6
2025-03-06 00:00:00+00:00,60.15
2025-03-07 00:00:00+00:00,54.32
2025-03-08 00:00:00+00:00,52.66
2025-03-09 00:00:00+00:00,59.1
2025-03-10 00:00:00+00:00,59.57
2025-03-11 00:00:00+00:00,59.9
2025-03-12 00:00:00+00:00,56.89
2025-03-13 00:00:00+00:00,55.42
2025-03-14 00:00:00+00:00,53.27
2025-03-15 00:00:00+00:00,53.46
2025-03-16 00:00:00+00:00,55.27
2025-03-17 00:00:00+00:00,52.86
2025-03-18 00:00:00+00:00,52.0
2025-03-19 00:00:00+00:00,54.02
2025-03-20 00:00:00+00:00,49.01
2025-03-21 00:00:00+00:00,47.56
2025-03-22 00:00:00+00:00,48.88
2025-03-23 00:00:00+00:00,47.66
2025-03-24 00:00:00+00:00,47.32
2025-03-25 00:00:00+00:00,46.99
2025-03-26 00:00:00+00:00,47.27
2025-03-27 00:00:00+00:00,46.61
2025-03-28 00:00:00+00:00,49.93
2025-03-29 00:00:00+00:00,52.69
2025-03-30 00:00:00+00:00,53.73
2025-03-31 00:00:00+00:00,51.02
2025-04-01 00:00:00+00:00,49.55
2025-04-02 00:00:00+00:00,52.61
2025-04-03 00:00:00+00:00,52.64
2025-04-04 00:00:00+00:00,55.33
2025-04-05 00:00:00+00:00,57.1
2025-04-06 00:00:00+00:00,59.59
2025-04-07 00:00:00+00:00,52.79
2025-04-08 00:00:00+00:00,56.84
2025-04-09 00:00:00+00:00,53.04
2025-04-10 00:00:00+00:00,53.56
2025-04-11 00:00:00+00:00,56.15
2025-04-12 00:00:00+00:00,57.45
2025-04-13 00:00:00+00:00,56.29
2025-04-14 00:00:00+00:00,53.31
2025-04-15 00:00:00+00:00,50.39
2025-04-16 00:00:00+00:00,49.58
2025-04-17 00:00:00+00:00,48.41
2025-04-18 00:00:00+00:00,46.9
2025-04-19 00:00:00+00:00,48.29
2025-04-20 00:00:00+00:00,48.2
2025-04-21 00:00:00+00:00,49.16
2025-04-22 00:00:00+00:00,52.69
2025-04-23 00:00:00+00:00,49.42
2025-04-24 00:00:00+00:00,46.96
2025-04-25 00:00:00+00:00,46.45
2025-04-26 00:00:00+00:00,47.42
2025-04-27 00:00:00+00:00,48.12
2025-04-28 00:00:00+00:00,47.05
2025-04-29 00:00:00+00:00,46.17
2025-04-30 00:00:00+00:00,45.07
2025-05-01 00:00:00+00:00,46.11
2025-05-02 00:00:00+00:00,44.54
2025-05-03 00:00:00+00:00,44.9
2025-05-04 00:00:00+00:00,46.35
2025-05-05 00:00:00+00:00,45.0
2025-05-06 00:00:00+00:00,46.66
2025-05-07 00:00:00+00:00,44.8
2025-05-08 00:00:00+00:00,45.88
2025-05-09 00:00:00+00:00,45.78
2025-05-10 00:00:00+00:00,47.13
2025-05-11 00:00:00+00:00,47.13
2025-05-12 00:00:00+00:00,45.44
2025-05-13 00:00:00+00:00,45.71
2025-05-14 00:00:00+00:00,44.79
2025-05-15 00:00:00+00:00,43.57
2025-05-16 00:00:00+00:00,42.62
2025-05-17 00:00:00+00:00,43.13
2025-05-18 00:00:00+00:00,44.93
2025-05-19 00:00:00+00:00,44.02
2025-05-20 00:00:00+00:00,47.3
2025-05-21 00:00:00+00:00,49.13
2025-05-22 00:00:00+00:00,49.0
2025-05-23 00:00:00+00:00,47.68
2025-05-24 00:00:00+00:00,47.53
2025-05-25 00:00:00+00:00,48.96
2025-05-26 00:00:00+00:00,47.13
2025-05-27 00:00:00+00:00,46.16
2025-05-28 00:00:00+00:00,45.24
2025-05-29 00:00:00+00:00,44.61
2025-05-30 00:00:00+00:00,43.71
2025-05-31 00:00:00+00:00,45.88
2025-06-01 00:00:00+00:00,45.13
2025-06-02 00:00:00+00:00,42.97
2025-06-03 00:00:00+00:00,42.83
2025-06-04 00:00:00+00:00,42.18
2025-06-05 00:00:00+00:00,42.76
2025-06-06 00:00:00+00:00,40.53
2025-06-07 00:00:00+00:00,41.99
2025-06-08 00:00:00+00:00,42.52
2025-06-09 00:00:00+00:00,42.61
2025-06-10 00:00:00+00:00,42.51
2025-06-11 00:00:00+00:00,40.95
2025-06-12 00:00:00+00:00,39.77
2025-06-13 00:00:00+00:00,40.72
2025-06-14 00:00:00+00:00,41.0
2025-06-15 00:00:00+00:00,42.32
2025-06-16 00:00:00+00:00,41.73
2025-06-17 00:00:00+00:00,41.62
2025-06-18 00:00:00+00:00,39.69
2025-06-19 00:00:00+00:00,40.21
2025-06-20 00:00:00+00:00,40.67
2025-06-21 00:00:00+00:00,41.01
2025-06-22 00:00:00+00:00,41.75
2025-06-23 00:00:00+00:00,39.86
2025-06-24 00:00:00+00:00,39.05
2025-06-25 00:00:00+00:00,38.4
2025-06-26 00:00:00+00:00,38.25
2025-06-27 00:00:00+00:00,38.1
2025-06-28 00:00:00+00:00,37.71
2025-06-29 00:00:00+00:00,39.34
2025-06-30 00:00:00+00:00,37.74
2025-07-01 00:00:00+00:00,37.61
2025-07-02 00:00:00+00:00,39.6
2025-07-03 00:00:00+00:00,39.08
2025-07-04 00:00:00+00:00,39.21
2025-07-05 00:00:00+00:00,38.54
2025-07-06 00:00:00+00:00,38.98
2025-07-07 00:00:00+00:00,38.71
2025-07-08 00:00:00+00:00,37.77
2025-07-09 00:00:00+00:00,38.77
2025-07-10 00:00:00+00:00,38.62
2025-07-11 00:00:00+00:00,37.94
2025-07-12 00:00:00+00:00,38.2
2025-07-13 00:00:00+00:00,39.24
2025-07-14 00:00:00+00:00,39.64
2025-07-15 00:00:00+00:00,39.93
2025-07-16 00:00:00+00:00,39.07
2025-07-17 00:00:00+00:00,39.47
2025-07-18 00:00:00+00:00,38.6
2025-07-19 00:00:00+00:00,38.85
2025-07-20 00:00:00+00:00,39.23
2025-07-21 00:00:00+00:00,39.28
2025-07-22 00:00:00+00:00,39.88
2025-07-23 00:00:00+00:00,39.58
2025-07-24 00:00:00+00:00,40.22
2025-07-25 00:00:00+00:00,40.06
2025-07-26 00:00:00+00:00,38.95
2025-07-27 00:00:00+00:00,39.37
2025-07-28 00:00:00+00:00,38.27
2025-07-29 00:00:00+00:00,35.18
2025-07-30 00:00:00+00:00,36.13
2025-07-31 00:00:00+00:00,36.73
2025-08-01 00:00:00+00:00,38.42
2025-08-02 00:00:00+00:00,37.67
2025-08-03 00:00:00+00:00,38.03
2025-08-04 00:00:00+00:00,36.89
2025-08-05 00:00:00+00:00,36.01
2025-08-06 00:00:00+00:00,34.88
2025-08-07 00:00:00+00:00,35.66
2025-08-08 00:00:00+00:00,34.4
2025-08-09 00:00:00+00:00,35.07
2025-08-10 00:00:00+00:00,35.43
2025-08-11 00:00:00+00:00,36.56
2025-08-12 00:00:00+00:00,36.94
2025-08-13 00:00:00+00:00,39.0
2025-08-14 00:00:00+00:00,36.95
2025-08-15 00:00:00+00:00,35.37
2025-08-16 00:00:00+00:00,35.38
2025-08-17 00:00:00+00:00,35.83
2025-08-18 00:00:00+00:00,35.99
2025-08-19 00:00:00+00:00,37.87
2025-08-20 00:00:00+00:00,36.02
2025-08-21 00:00:00+00:00,37.25
2025-08-22 00:00:00+00:00,34.53
2025-08-23 00:00:00+00:00,34.97
2025-08-24 00:00:00+00:00,35.07
2025-08-25 00:00:00+00:00,37.93
2025-08-26 00:00:00+00:00,36.92
2025-08-27 00:00:00+00:00,37.91
2025-08-28 00:00:00+00:00,36.95
2025-08-29 00:00:00+00:00,38.98
2025-08-30 00:00:00+00:00,38.85
2025-08-31 00:00:00+00:00,39.62
2025-09-01 00:00:00+00:00,39.5
2025-09-02 00:00:00+00:00,38.8
2025-09-03 00:00:00+00:00,38.85
2025-09-04 00:00:00+00:00,38.48
2025-09-05 00:00:00+00:00,37.49
2025-09-06 00:00:00+00:00,37.76
2025-09-07 00:00:00+00:00,37.9
2025-09-08 00:00:00+00:00,37.08
2025-09-09 00:00:00+00:00,37.36
2025-09-10 00:00:00+00:00,36.95
2025-09-11 00:00:00+00:00,35.26
2025-09-12 00:00:00+00:00,34.66
2025-09-13 00:00:00+00:00,34.28
2025-09-14 00:00:00+00:00,34.41
2025-09-15 00:00:00+00:00,35.56
2025-09-16 00:00:00+00:00,36.52
2025-09-17 00:00:00+00:00,35.55
2025-09-18 00:00:00+00:00,33.81
2025-09-19 00:00:00+00:00,34.78
2025-09-20 00:00:00+00:00,34.48
2025-09-21 00:00:00+00:00,34.51
2025-09-22 00:00:00+00:00,35.17
2025-09-23 00:00:00+00:00,37.14
2025-09-24 00:00:00+00:00,36.17
2025-09-25 00:00:00+00:00,37.69
2025-09-26 00:00:00+00:00,36.55
2025-09-27 00:00:00+00:00,36.42
2025-09-28 00:00:00+00:00,35.86
2025-09-29 00:00:00+00:00,36.39
2025-09-30 00:00:00+00:00,36.61
2025-10-01 00:00:00+00:00,37.12
2025-10-02 00:00:00+00:00,37.39
2025-10-03 00:00:00+00:00,38.03
2025-10-04 00:00:00+00:00,38.03
2025-10-05 00:00:00+00:00,37.95
2025-10-06 00:00:00+00:00,39.26
2025-10-07 00:00:00+00:00,39.28
2025-10-08 00:00:00+00:00,39.44
2025-10-09 00:00:00+00:00,39.73
2025-10-10 00:00:00+00:00,44.11
2025-10-11 00:00:00+00:00,46.15
2025-10-12 00:00:00+00:00,46.24
2025-10-13 00:00:00+00:00,43.38
2025-10-14 00:00:00+00:00,45.01
2025-10-15 00:00:00+00:00,45.25
2025-10-16 00:00:00+00:00,47.78
2025-10-17 00:00:00+00:00,50.0
2025-10-18 00:00:00+00:00,49.08
2025-10-19 00:00:00+00:00,47.68
2025-10-20 00:00:00+00:00,45.95
2025-10-21 00:00:00+00:00,49.27
2025-10-22 00:00:00+00:00,50.7
2025-10-23 00:00:00+00:00,45.13
2025-10-24 00:00:00+00:00,42.84
2025-10-25 00:00:00+00:00,42.9
2025-10-26 00:00:00+00:00,43.91
2025-10-27 00:00:00+00:00,42.82
2025-10-28 00:00:00+00:00,42.39
2025-10-29 00:00:00+00:00,45.07
2025-10-30 00:00:00+00:00,44.85
2025-10-31 00:00:00+00:00,43.31
2025-11-01 00:00:00+00:00,43.49
2025-11-02 00:00:00+00:00,44.12
2025-11-03 00:00:00+00:00,45.73
2025-11-04 00:00:00+00:00,47.79
2025-11-05 00:00:00+00:00,46.55
2025-11-06 00:00:00+00:00,46.94
2025-11-07 00:00:00+00:00,44.61
2025-11-08 00:00:00+00:00,44.88
2025-11-09 00:00:00+00:00,45.11
2025-11-10 00:00:00+00:00,44.3
2025-11-11 00:00:00+00:00,46.61
2025-11-12 00:00:00+00:00,46.07
2025-11-13 00:00:00+00:00,46.52
2025-11-14 00:00:00+00:00,49.71
2025-11-15 00:00:00+00:00,48.5
2025-11-16 00:00:00+00:00,49.64
2025-11-17 00:00:00+00:00,50.62
2025-11-18 00:00:00+00:00,50.52
2025-11-19 00:00:00+00:00,51.04
2025-11-20 00:00:00+00:00,54.65
2025-11-21 00:00:00+00:00,57.38
2025-11-22 00:00:00+00:00,59.16
2025-11-23 00:00:00+00:00,56.5
2025-11-24 00:00:00+00:00,53.31
2025-11-25 00:00:00+00:00,52.56
2025-11-26 00:00:00+00:00,49.92
2025-11-27 00:00:00+00:00,49.31
2025-11-28 00:00:00+00:00,48.7
2025-11-29 00:00:00+00:00,49.13
2025-11-30 00:00:00+00:00,48.78
2025-12-01 00:00:00+00:00,53.13
2025-12-02 00:00:00+00:00,49.24
2025-12-03 00:00:00+00:00,47.44
2025-12-04 00:00:00+00:00,48.03
2025-12-05 00:00:00+00:00,48.94
2025-12-06 00:00:00+00:00,49.0
2025-12-07 00:00:00+00:00,49.65
2025-12-08 00:00:00+00:00,49.01
2025-12-09 00:00:00+00:00,46.44
2025-12-10 00:00:00+00:00,44.92
2025-12-11 00:00:00+00:00,44.46
2025-12-12 00:00:00+00:00,44.22
2025-12-13 00:00:00+00:00,44.65
2025-12-14 00:00:00+00:00,46.74
2025-12-15 00:00:00+00:00,46.68
2025-12-16 00:00:00+00:00,45.69
2025-12-17 00:00:00+00:00,47.0
2025-12-18 00:00:00+00:00,47.48
2025-12-19 00:00:00+00:00,45.06
2025-12-20 00:00:00+00:00,45.11
2025-12-21 00:00:00+00:00,45.07
2025-12-22 00:00:00+00:00,45.09
2025-12-23 00:00:00+00:00,43.4
2025-12-24 00:00:00+00:00,42.81
2025-12-25 00:00:00+00:00,42.55
2025-12-26 00:00:00+00:00,41.04
2025-12-27 00:00:00+00:00,41.83
2025-12-28 00:00:00+00:00,42.11
2025-12-29 00:00:00+00:00,42.25
2025-12-30 00:00:00+00:00,42.79
2025-12-31 00:00:00+00:00,43.01
2026-01-01 00:00:00+00:00,42.22
2026-01-02 00:00:00+00:00,43.43
2026-01-03 00:00:00+00:00,44.4
2026-01-04 00:00:00+00:00,44.39
2026-01-05 00:00:00+00:00,43.94
2026-01-06 00:00:00+00:00,44.09
2026-01-07 00:00:00+00:00,44.64
2026-01-08 00:00:00+00:00,43.24
2026-01-09 00:00:00+00:00,40.52
2026-01-10 00:00:00+00:00,41.03
2026-01-11 00:00:00+00:00,41.68
2026-01-12 00:00:00+00:00,41.27
2026-01-13 00:00:00+00:00,41.69
2026-01-14 00:00:00+00:00,40.81
2026-01-15 00:00:00+00:00,40.61
2026-01-16 00:00:00+00:00,38.27
2026-01-17 00:00:00+00:00,39.08
2026-01-18 00:00:00+00:00,40.23
2026-01-19 00:00:00+00:00,39.7
2026-01-20 00:00:00+00:00,42.23
2026-01-21 00:00:00+00:00,40.14
2026-01-22 00:00:00+00:00,38.88
2026-01-23 00:00:00+00:00,38.06
2026-01-24 00:00:00+00:00,38.27
2026-01-25 00:00:00+00:00,41.16
2026-01-26 00:00:00+00:00,38.75
2026-01-27 00:00:00+00:00,38.2
2026-01-28 00:00:00+00:00,38.0
2026-01-29 00:00:00+00:00,41.55
2026-01-30 00:00:00+00:00,40.45
2026-01-31 00:00:00+00:00,47.58
2026-02-01 00:00:00+00:00,48.27
2026-02-02 00:00:00+00:00,46.29
2026-02-03 00:00:00+00:00,51.74
2026-02-04 00:00:00+00:00,53.47
2026-02-05 00:00:00+00:00,82.62
2026-02-06 00:00:00+00:00,58.85
2026-02-07 00:00:00+00:00,59.35
2026-02-08 00:00:00+00:00,57.29
2026-02-09 00:00:00+00:00,54.46
2026-02-10 00:00:00+00:00,54.84
2026-02-11 00:00:00+00:00,55.29
2026-02-12 00:00:00+00:00,55.28
2026-02-13 00:00:00+00:00,52.04
2026-02-14 00:00:00+00:00,49.89
2026-02-15 00:00:00+00:00,51.28
2026-02-16 00:00:00+00:00,52.19
2026-02-17 00:00:00+00:00,52.01
2026-02-18 00:00:00+00:00,53.67
2026-02-19 00:00:00+00:00,52.66
2026-02-20 00:00:00+00:00,51.43
2026-02-21 00:00:00+00:00,51.7
2026-02-22 00:00:00+00:00,52.0
2026-02-23 00:00:00+00:00,56.1
2026-02-24 00:00:00+00:00,57.77
2026-02-25 00:00:00+00:00,53.59
2026-02-26 00:00:00+00:00,52.19
2026-02-27 00:00:00+00:00,52.55
2026-02-28 00:00:00+00:00,55.21
2026-03-01 00:00:00+00:00,55.07
2026-03-02 00:00:00+00:00,53.38
2026-03-03 00:00:00+00:00,55.41
2026-03-04 00:00:00+00:00,55.5
2026-03-05 00:00:00+00:00,54.71
2026-03-06 00:00:00+00:00,55.52
2026-03-07 00:00:00+00:00,58.63
2026-03-08 00:00:00+00:00,60.45
2026-03-09 00:00:00+00:00,55.49
2026-03-10 00:00:00+00:00,55.04
2026-03-11 00:00:00+00:00,53.93
2026-03-12 00:00:00+00:00,54.26
2026-03-13 00:00:00+00:00,52.98
2026-03-14 00:00:00+00:00,53.26
2026-03-15 00:00:00+00:00,52.89
2026-03-16 00:00:00+00:00,52.81
2026-03-17 00:00:00+00:00,51.42
2026-03-18 00:00:00+00:00,53.77
2026-03-19 00:00:00+00:00,54.27
2026-03-20 00:00:00+00:00,54.44
2026-03-21 00:00:00+00:00,55.22
2026-03-22 00:00:00+00:00,56.74
2026-03-23 00:00:00+00:00,53.53
2026-03-24 00:00:00+00:00,52.68
2026-03-25 00:00:00+00:00,51.04
2026-03-26 00:00:00+00:00,52.54
2026-03-27 00:00:00+00:00,53.71
2026-03-28 00:00:00+00:00,53.74
2026-03-29 00:00:00+00:00,54.56
2026-03-30 00:00:00+00:00,55.3
2026-03-31 00:00:00+00:00,52.25
2026-04-01 00:00:00+00:00,51.49
2026-04-02 00:00:00+00:00,50.85
2026-04-03 00:00:00+00:00,47.41
2026-04-04 00:00:00+00:00,47.37
2026-04-05 00:00:00+00:00,47.53
2026-04-06 00:00:00+00:00,48.99
2026-04-07 00:00:00+00:00,47.37
2026-04-08 00:00:00+00:00,44.35
2026-04-09 00:00:00+00:00,44.52
2026-04-10 00:00:00+00:00,43.14
2026-04-11 00:00:00+00:00,44.61
2026-04-12 00:00:00+00:00,45.43
2026-04-13 00:00:00+00:00,44.01
2026-04-14 00:00:00+00:00,44.1
2026-04-15 00:00:00+00:00,43.92
2026-04-16 00:00:00+00:00,42.33
2026-04-17 00:00:00+00:00,42.83
2026-04-18 00:00:00+00:00,44.1
2026-04-19 00:00:00+00:00,43.44
2026-04-20 00:00:00+00:00,42.03
2026-04-21 00:00:00+00:00,42.13
2026-04-22 00:00:00+00:00,43.18
2026-04-23 00:00:00+00:00,42.83
2026-04-24 00:00:00+00:00,40.16
2026-04-25 00:00:00+00:00,40.77
2026-04-26 00:00:00+00:00,40.34
2026-04-27 00:00:00+00:00,40.62
2026-04-28 00:00:00+00:00,40.58
2026-04-29 00:00:00+00:00,39.62
2026-04-30 00:00:00+00:00,38.88
2026-05-01 00:00:00+00:00,38.52
2026-05-02 00:00:00+00:00,39.31
2026-05-03 00:00:00+00:00,39.05
2026-05-04 00:00:00+00:00,41.0
2026-05-05 00:00:00+00:00,40.28
2026-05-06 00:00:00+00:00,39.41
2026-05-07 00:00:00+00:00,38.85
2026-05-08 00:00:00+00:00,37.66
2026-05-09 00:00:00+00:00,38.61
2026-05-10 00:00:00+00:00,38.72
2026-05-11 00:00:00+00:00,38.33
2026-05-12 00:00:00+00:00,38.55
2026-05-13 00:00:00+00:00,39.83
2026-05-14 00:00:00+00:00,39.02
2026-05-15 00:00:00+00:00,39.05
2026-05-16 00:00:00+00:00,40.21
2026-05-17 00:00:00+00:00,40.24
2026-05-18 00:00:00+00:00,39.93
2026-05-19 00:00:00+00:00,39.76
2026-05-20 00:00:00+00:00,38.47
2026-05-21 00:00:00+00:00,36.62
2026-05-22 00:00:00+00:00,37.09
2026-05-23 00:00:00+00:00,36.7
2026-05-24 00:00:00+00:00,36.03
2026-05-25 00:00:00+00:00,34.44
2026-05-26 00:00:00+00:00,35.86
2026-05-27 00:00:00+00:00,37.19
2026-05-28 00:00:00+00:00,37.27
2026-05-29 00:00:00+00:00,35.99
2026-05-30 00:00:00+00:00,35.28
2026-05-31 00:00:00+00:00,36.4
2026-06-01 00:00:00+00:00,37.27
2026-06-02 00:00:00+00:00,43.28
2026-06-03 00:00:00+00:00,47.9
2026-06-04 00:00:00+00:00,46.17
2026-06-05 00:00:00+00:00,49.14
2026-06-06 00:00:00+00:00,47.85
