date,longs,shorts
2023-11-05 00:00:00+00:00,"['BTC', 'DOGE', 'TIA']","['ARB', 'UNI', 'INJ']"
2023-11-06 00:00:00+00:00,"['BTC', 'DOGE', 'TIA']","['ARB', 'UNI', 'INJ']"
2023-11-07 00:00:00+00:00,"['BTC', 'DOGE', 'TIA']","['ARB', 'UNI', 'INJ']"
2023-11-08 00:00:00+00:00,"['BTC', 'DOGE', 'TIA']","['ARB', 'UNI', 'INJ']"
2023-11-09 00:00:00+00:00,"['BTC', 'DOGE', 'TIA']","['ARB', 'UNI', 'INJ']"
2023-11-10 00:00:00+00:00,"['BTC', 'DOGE', 'TIA']","['ARB', 'UNI', 'INJ']"
2023-11-11 00:00:00+00:00,"['BTC', 'DOGE', 'TIA']","['ARB', 'UNI', 'INJ']"
2023-11-12 00:00:00+00:00,"['BTC', 'AAVE', 'INJ']","['SOL', 'AVAX', 'TIA']"
2023-11-13 00:00:00+00:00,"['BTC', 'AAVE', 'INJ']","['SOL', 'AVAX', 'TIA']"
2023-11-14 00:00:00+00:00,"['BTC', 'AAVE', 'INJ']","['SOL', 'AVAX', 'TIA']"
2023-11-15 00:00:00+00:00,"['BTC', 'AAVE', 'INJ']","['SOL', 'AVAX', 'TIA']"
2023-11-16 00:00:00+00:00,"['BTC', 'AAVE', 'INJ']","['SOL', 'AVAX', 'TIA']"
2023-11-17 00:00:00+00:00,"['BTC', 'AAVE', 'INJ']","['SOL', 'AVAX', 'TIA']"
2023-11-18 00:00:00+00:00,"['BTC', 'AAVE', 'INJ']","['SOL', 'AVAX', 'TIA']"
2023-11-19 00:00:00+00:00,"['AAVE', 'ARB', 'OP']","['AVAX', 'DOGE', 'TIA']"
2023-11-20 00:00:00+00:00,"['AAVE', 'ARB', 'OP']","['AVAX', 'DOGE', 'TIA']"
2023-11-21 00:00:00+00:00,"['AAVE', 'ARB', 'OP']","['AVAX', 'DOGE', 'TIA']"
2023-11-22 00:00:00+00:00,"['AAVE', 'ARB', 'OP']","['AVAX', 'DOGE', 'TIA']"
2023-11-23 00:00:00+00:00,"['AAVE', 'ARB', 'OP']","['AVAX', 'DOGE', 'TIA']"
2023-11-24 00:00:00+00:00,"['AAVE', 'ARB', 'OP']","['AVAX', 'DOGE', 'TIA']"
2023-11-25 00:00:00+00:00,"['AAVE', 'ARB', 'OP']","['AVAX', 'DOGE', 'TIA']"
2023-11-26 00:00:00+00:00,"['BTC', 'ETH', 'TIA']","['AAVE', 'UNI', 'INJ']"
2023-11-27 00:00:00+00:00,"['BTC', 'ETH', 'TIA']","['AAVE', 'UNI', 'INJ']"
2023-11-28 00:00:00+00:00,"['BTC', 'ETH', 'TIA']","['AAVE', 'UNI', 'INJ']"
2023-11-29 00:00:00+00:00,"['BTC', 'ETH', 'TIA']","['AAVE', 'UNI', 'INJ']"
2023-11-30 00:00:00+00:00,"['BTC', 'ETH', 'TIA']","['AAVE', 'UNI', 'INJ']"
2023-12-01 00:00:00+00:00,"['BTC', 'ETH', 'TIA']","['AAVE', 'UNI', 'INJ']"
2023-12-02 00:00:00+00:00,"['BTC', 'ETH', 'TIA']","['AAVE', 'UNI', 'INJ']"
2023-12-03 00:00:00+00:00,"['OP', 'UNI', 'INJ']","['SOL', 'LINK', 'TIA']"
2023-12-04 00:00:00+00:00,"['OP', 'UNI', 'INJ']","['SOL', 'LINK', 'TIA']"
2023-12-05 00:00:00+00:00,"['OP', 'UNI', 'INJ']","['SOL', 'LINK', 'TIA']"
2023-12-06 00:00:00+00:00,"['OP', 'UNI', 'INJ']","['SOL', 'LINK', 'TIA']"
2023-12-07 00:00:00+00:00,"['OP', 'UNI', 'INJ']","['SOL', 'LINK', 'TIA']"
2023-12-08 00:00:00+00:00,"['OP', 'UNI', 'INJ']","['SOL', 'LINK', 'TIA']"
2023-12-09 00:00:00+00:00,"['OP', 'UNI', 'INJ']","['SOL', 'LINK', 'TIA']"
2023-12-10 00:00:00+00:00,"['BTC', 'AAVE', 'TIA']","['SOL', 'AVAX', 'INJ']"
2023-12-11 00:00:00+00:00,"['BTC', 'AAVE', 'TIA']","['SOL', 'AVAX', 'INJ']"
2023-12-12 00:00:00+00:00,"['BTC', 'AAVE', 'TIA']","['SOL', 'AVAX', 'INJ']"
2023-12-13 00:00:00+00:00,"['BTC', 'AAVE', 'TIA']","['SOL', 'AVAX', 'INJ']"
2023-12-14 00:00:00+00:00,"['BTC', 'AAVE', 'TIA']","['SOL', 'AVAX', 'INJ']"
2023-12-15 00:00:00+00:00,"['BTC', 'AAVE', 'TIA']","['SOL', 'AVAX', 'INJ']"
2023-12-16 00:00:00+00:00,"['BTC', 'AAVE', 'TIA']","['SOL', 'AVAX', 'INJ']"
2023-12-17 00:00:00+00:00,"['LINK', 'ARB', 'OP']","['AVAX', 'AAVE', 'INJ']"
2023-12-18 00:00:00+00:00,"['LINK', 'ARB', 'OP']","['AVAX', 'AAVE', 'INJ']"
2023-12-19 00:00:00+00:00,"['LINK', 'ARB', 'OP']","['AVAX', 'AAVE', 'INJ']"
2023-12-20 00:00:00+00:00,"['LINK', 'ARB', 'OP']","['AVAX', 'AAVE', 'INJ']"
2023-12-21 00:00:00+00:00,"['LINK', 'ARB', 'OP']","['AVAX', 'AAVE', 'INJ']"
2023-12-22 00:00:00+00:00,"['LINK', 'ARB', 'OP']","['AVAX', 'AAVE', 'INJ']"
2023-12-23 00:00:00+00:00,"['LINK', 'ARB', 'OP']","['AVAX', 'AAVE', 'INJ']"
2023-12-24 00:00:00+00:00,"['BTC', 'AAVE', 'DOGE']","['SOL', 'ARB', 'OP']"
2023-12-25 00:00:00+00:00,"['BTC', 'AAVE', 'DOGE']","['SOL', 'ARB', 'OP']"
2023-12-26 00:00:00+00:00,"['BTC', 'AAVE', 'DOGE']","['SOL', 'ARB', 'OP']"
2023-12-27 00:00:00+00:00,"['BTC', 'AAVE', 'DOGE']","['SOL', 'ARB', 'OP']"
2023-12-28 00:00:00+00:00,"['BTC', 'AAVE', 'DOGE']","['SOL', 'ARB', 'OP']"
2023-12-29 00:00:00+00:00,"['BTC', 'AAVE', 'DOGE']","['SOL', 'ARB', 'OP']"
2023-12-30 00:00:00+00:00,"['BTC', 'AAVE', 'DOGE']","['SOL', 'ARB', 'OP']"
2023-12-31 00:00:00+00:00,"['SOL', 'AVAX', 'INJ']","['AAVE', 'ARB', 'OP']"
2024-01-01 00:00:00+00:00,"['SOL', 'AVAX', 'INJ']","['AAVE', 'ARB', 'OP']"
2024-01-02 00:00:00+00:00,"['SOL', 'AVAX', 'INJ']","['AAVE', 'ARB', 'OP']"
2024-01-03 00:00:00+00:00,"['SOL', 'AVAX', 'INJ']","['AAVE', 'ARB', 'OP']"
2024-01-04 00:00:00+00:00,"['SOL', 'AVAX', 'INJ']","['AAVE', 'ARB', 'OP']"
2024-01-05 00:00:00+00:00,"['SOL', 'AVAX', 'INJ']","['AAVE', 'ARB', 'OP']"
2024-01-06 00:00:00+00:00,"['SOL', 'AVAX', 'INJ']","['AAVE', 'ARB', 'OP']"
2024-01-07 00:00:00+00:00,"['SOL', 'AVAX', 'UNI']","['BTC', 'INJ', 'TIA']"
2024-01-08 00:00:00+00:00,"['SOL', 'AVAX', 'UNI']","['BTC', 'INJ', 'TIA']"
2024-01-09 00:00:00+00:00,"['SOL', 'AVAX', 'UNI']","['BTC', 'INJ', 'TIA']"
2024-01-10 00:00:00+00:00,"['SOL', 'AVAX', 'UNI']","['BTC', 'INJ', 'TIA']"
2024-01-11 00:00:00+00:00,"['SOL', 'AVAX', 'UNI']","['BTC', 'INJ', 'TIA']"
2024-01-12 00:00:00+00:00,"['SOL', 'AVAX', 'UNI']","['BTC', 'INJ', 'TIA']"
2024-01-13 00:00:00+00:00,"['SOL', 'AVAX', 'UNI']","['BTC', 'INJ', 'TIA']"
2024-01-14 00:00:00+00:00,"['BTC', 'SOL', 'INJ']","['LINK', 'ARB', 'TIA']"
2024-01-15 00:00:00+00:00,"['BTC', 'SOL', 'INJ']","['LINK', 'ARB', 'TIA']"
2024-01-16 00:00:00+00:00,"['BTC', 'SOL', 'INJ']","['LINK', 'ARB', 'TIA']"
2024-01-17 00:00:00+00:00,"['BTC', 'SOL', 'INJ']","['LINK', 'ARB', 'TIA']"
2024-01-18 00:00:00+00:00,"['BTC', 'SOL', 'INJ']","['LINK', 'ARB', 'TIA']"
2024-01-19 00:00:00+00:00,"['BTC', 'SOL', 'INJ']","['LINK', 'ARB', 'TIA']"
2024-01-20 00:00:00+00:00,"['BTC', 'SOL', 'INJ']","['LINK', 'ARB', 'TIA']"
2024-01-21 00:00:00+00:00,"['ARB', 'OP', 'INJ']","['BTC', 'LINK', 'DOGE']"
2024-01-22 00:00:00+00:00,"['ARB', 'OP', 'INJ']","['BTC', 'LINK', 'DOGE']"
2024-01-23 00:00:00+00:00,"['ARB', 'OP', 'INJ']","['BTC', 'LINK', 'DOGE']"
2024-01-24 00:00:00+00:00,"['ARB', 'OP', 'INJ']","['BTC', 'LINK', 'DOGE']"
2024-01-25 00:00:00+00:00,"['ARB', 'OP', 'INJ']","['BTC', 'LINK', 'DOGE']"
2024-01-26 00:00:00+00:00,"['ARB', 'OP', 'INJ']","['BTC', 'LINK', 'DOGE']"
2024-01-27 00:00:00+00:00,"['ARB', 'OP', 'INJ']","['BTC', 'LINK', 'DOGE']"
2024-01-28 00:00:00+00:00,"['ETH', 'LINK', 'DOGE']","['SOL', 'AVAX', 'INJ']"
2024-01-29 00:00:00+00:00,"['ETH', 'LINK', 'DOGE']","['SOL', 'AVAX', 'INJ']"
2024-01-30 00:00:00+00:00,"['ETH', 'LINK', 'DOGE']","['SOL', 'AVAX', 'INJ']"
2024-01-31 00:00:00+00:00,"['ETH', 'LINK', 'DOGE']","['SOL', 'AVAX', 'INJ']"
2024-02-01 00:00:00+00:00,"['ETH', 'LINK', 'DOGE']","['SOL', 'AVAX', 'INJ']"
2024-02-02 00:00:00+00:00,"['ETH', 'LINK', 'DOGE']","['SOL', 'AVAX', 'INJ']"
2024-02-03 00:00:00+00:00,"['ETH', 'LINK', 'DOGE']","['SOL', 'AVAX', 'INJ']"
2024-02-04 00:00:00+00:00,"['AAVE', 'ARB', 'INJ']","['BTC', 'AVAX', 'LINK']"
2024-02-05 00:00:00+00:00,"['AAVE', 'ARB', 'INJ']","['BTC', 'AVAX', 'LINK']"
2024-02-06 00:00:00+00:00,"['AAVE', 'ARB', 'INJ']","['BTC', 'AVAX', 'LINK']"
2024-02-07 00:00:00+00:00,"['AAVE', 'ARB', 'INJ']","['BTC', 'AVAX', 'LINK']"
2024-02-08 00:00:00+00:00,"['AAVE', 'ARB', 'INJ']","['BTC', 'AVAX', 'LINK']"
2024-02-09 00:00:00+00:00,"['AAVE', 'ARB', 'INJ']","['BTC', 'AVAX', 'LINK']"
2024-02-10 00:00:00+00:00,"['AAVE', 'ARB', 'INJ']","['BTC', 'AVAX', 'LINK']"
2024-02-11 00:00:00+00:00,"['ETH', 'AAVE', 'DOGE']","['BTC', 'AVAX', 'INJ']"
2024-02-12 00:00:00+00:00,"['ETH', 'AAVE', 'DOGE']","['BTC', 'AVAX', 'INJ']"
2024-02-13 00:00:00+00:00,"['ETH', 'AAVE', 'DOGE']","['BTC', 'AVAX', 'INJ']"
2024-02-14 00:00:00+00:00,"['ETH', 'AAVE', 'DOGE']","['BTC', 'AVAX', 'INJ']"
2024-02-15 00:00:00+00:00,"['ETH', 'AAVE', 'DOGE']","['BTC', 'AVAX', 'INJ']"
2024-02-16 00:00:00+00:00,"['ETH', 'AAVE', 'DOGE']","['BTC', 'AVAX', 'INJ']"
2024-02-17 00:00:00+00:00,"['ETH', 'AAVE', 'DOGE']","['BTC', 'AVAX', 'INJ']"
2024-02-18 00:00:00+00:00,"['SOL', 'ARB', 'TIA']","['ETH', 'UNI', 'INJ']"
2024-02-19 00:00:00+00:00,"['SOL', 'ARB', 'TIA']","['ETH', 'UNI', 'INJ']"
2024-02-20 00:00:00+00:00,"['SOL', 'ARB', 'TIA']","['ETH', 'UNI', 'INJ']"
2024-02-21 00:00:00+00:00,"['SOL', 'ARB', 'TIA']","['ETH', 'UNI', 'INJ']"
2024-02-22 00:00:00+00:00,"['SOL', 'ARB', 'TIA']","['ETH', 'UNI', 'INJ']"
2024-02-23 00:00:00+00:00,"['SOL', 'ARB', 'TIA']","['ETH', 'UNI', 'INJ']"
2024-02-24 00:00:00+00:00,"['SOL', 'ARB', 'TIA']","['ETH', 'UNI', 'INJ']"
2024-02-25 00:00:00+00:00,"['ARB', 'OP', 'TIA']","['ETH', 'AAVE', 'UNI']"
2024-02-26 00:00:00+00:00,"['ARB', 'OP', 'TIA']","['ETH', 'AAVE', 'UNI']"
2024-02-27 00:00:00+00:00,"['ARB', 'OP', 'TIA']","['ETH', 'AAVE', 'UNI']"
2024-02-28 00:00:00+00:00,"['ARB', 'OP', 'TIA']","['ETH', 'AAVE', 'UNI']"
2024-02-29 00:00:00+00:00,"['ARB', 'OP', 'TIA']","['ETH', 'AAVE', 'UNI']"
2024-03-01 00:00:00+00:00,"['ARB', 'OP', 'TIA']","['ETH', 'AAVE', 'UNI']"
2024-03-02 00:00:00+00:00,"['ARB', 'OP', 'TIA']","['ETH', 'AAVE', 'UNI']"
2024-03-03 00:00:00+00:00,"['AAVE', 'INJ', 'TIA']","['SOL', 'DOGE', 'UNI']"
2024-03-04 00:00:00+00:00,"['AAVE', 'INJ', 'TIA']","['SOL', 'DOGE', 'UNI']"
2024-03-05 00:00:00+00:00,"['AAVE', 'INJ', 'TIA']","['SOL', 'DOGE', 'UNI']"
2024-03-06 00:00:00+00:00,"['AAVE', 'INJ', 'TIA']","['SOL', 'DOGE', 'UNI']"
2024-03-07 00:00:00+00:00,"['AAVE', 'INJ', 'TIA']","['SOL', 'DOGE', 'UNI']"
2024-03-08 00:00:00+00:00,"['AAVE', 'INJ', 'TIA']","['SOL', 'DOGE', 'UNI']"
2024-03-09 00:00:00+00:00,"['AAVE', 'INJ', 'TIA']","['SOL', 'DOGE', 'UNI']"
2024-03-10 00:00:00+00:00,"['ARB', 'OP', 'TIA']","['SOL', 'LINK', 'AAVE']"
2024-03-11 00:00:00+00:00,"['ARB', 'OP', 'TIA']","['SOL', 'LINK', 'AAVE']"
2024-03-12 00:00:00+00:00,"['ARB', 'OP', 'TIA']","['SOL', 'LINK', 'AAVE']"
2024-03-13 00:00:00+00:00,"['ARB', 'OP', 'TIA']","['SOL', 'LINK', 'AAVE']"
2024-03-14 00:00:00+00:00,"['ARB', 'OP', 'TIA']","['SOL', 'LINK', 'AAVE']"
2024-03-15 00:00:00+00:00,"['ARB', 'OP', 'TIA']","['SOL', 'LINK', 'AAVE']"
2024-03-16 00:00:00+00:00,"['ARB', 'OP', 'TIA']","['SOL', 'LINK', 'AAVE']"
2024-03-17 00:00:00+00:00,"['OP', 'INJ', 'TIA']","['BTC', 'SOL', 'AVAX']"
2024-03-18 00:00:00+00:00,"['OP', 'INJ', 'TIA']","['BTC', 'SOL', 'AVAX']"
2024-03-19 00:00:00+00:00,"['OP', 'INJ', 'TIA']","['BTC', 'SOL', 'AVAX']"
2024-03-20 00:00:00+00:00,"['OP', 'INJ', 'TIA']","['BTC', 'SOL', 'AVAX']"
2024-03-21 00:00:00+00:00,"['OP', 'INJ', 'TIA']","['BTC', 'SOL', 'AVAX']"
2024-03-22 00:00:00+00:00,"['OP', 'INJ', 'TIA']","['BTC', 'SOL', 'AVAX']"
2024-03-23 00:00:00+00:00,"['OP', 'INJ', 'TIA']","['BTC', 'SOL', 'AVAX']"
2024-03-24 00:00:00+00:00,"['ARB', 'INJ', 'TIA']","['AAVE', 'DOGE', 'UNI']"
2024-03-25 00:00:00+00:00,"['ARB', 'INJ', 'TIA']","['AAVE', 'DOGE', 'UNI']"
2024-03-26 00:00:00+00:00,"['ARB', 'INJ', 'TIA']","['AAVE', 'DOGE', 'UNI']"
2024-03-27 00:00:00+00:00,"['ARB', 'INJ', 'TIA']","['AAVE', 'DOGE', 'UNI']"
2024-03-28 00:00:00+00:00,"['ARB', 'INJ', 'TIA']","['AAVE', 'DOGE', 'UNI']"
2024-03-29 00:00:00+00:00,"['ARB', 'INJ', 'TIA']","['AAVE', 'DOGE', 'UNI']"
2024-03-30 00:00:00+00:00,"['ARB', 'INJ', 'TIA']","['AAVE', 'DOGE', 'UNI']"
2024-03-31 00:00:00+00:00,"['LINK', 'OP', 'INJ']","['SOL', 'DOGE', 'TIA']"
2024-04-01 00:00:00+00:00,"['LINK', 'OP', 'INJ']","['SOL', 'DOGE', 'TIA']"
2024-04-02 00:00:00+00:00,"['LINK', 'OP', 'INJ']","['SOL', 'DOGE', 'TIA']"
2024-04-03 00:00:00+00:00,"['LINK', 'OP', 'INJ']","['SOL', 'DOGE', 'TIA']"
2024-04-04 00:00:00+00:00,"['LINK', 'OP', 'INJ']","['SOL', 'DOGE', 'TIA']"
2024-04-05 00:00:00+00:00,"['LINK', 'OP', 'INJ']","['SOL', 'DOGE', 'TIA']"
2024-04-06 00:00:00+00:00,"['LINK', 'OP', 'INJ']","['SOL', 'DOGE', 'TIA']"
2024-04-07 00:00:00+00:00,"['SOL', 'LINK', 'UNI']","['AAVE', 'DOGE', 'INJ']"
2024-04-08 00:00:00+00:00,"['SOL', 'LINK', 'UNI']","['AAVE', 'DOGE', 'INJ']"
2024-04-09 00:00:00+00:00,"['SOL', 'LINK', 'UNI']","['AAVE', 'DOGE', 'INJ']"
2024-04-10 00:00:00+00:00,"['SOL', 'LINK', 'UNI']","['AAVE', 'DOGE', 'INJ']"
2024-04-11 00:00:00+00:00,"['SOL', 'LINK', 'UNI']","['AAVE', 'DOGE', 'INJ']"
2024-04-12 00:00:00+00:00,"['SOL', 'LINK', 'UNI']","['AAVE', 'DOGE', 'INJ']"
2024-04-13 00:00:00+00:00,"['SOL', 'LINK', 'UNI']","['AAVE', 'DOGE', 'INJ']"
2024-04-14 00:00:00+00:00,"['AAVE', 'OP', 'UNI']","['BTC', 'ETH', 'TIA']"
2024-04-15 00:00:00+00:00,"['AAVE', 'OP', 'UNI']","['BTC', 'ETH', 'TIA']"
2024-04-16 00:00:00+00:00,"['AAVE', 'OP', 'UNI']","['BTC', 'ETH', 'TIA']"
2024-04-17 00:00:00+00:00,"['AAVE', 'OP', 'UNI']","['BTC', 'ETH', 'TIA']"
2024-04-18 00:00:00+00:00,"['AAVE', 'OP', 'UNI']","['BTC', 'ETH', 'TIA']"
2024-04-19 00:00:00+00:00,"['AAVE', 'OP', 'UNI']","['BTC', 'ETH', 'TIA']"
2024-04-20 00:00:00+00:00,"['AAVE', 'OP', 'UNI']","['BTC', 'ETH', 'TIA']"
2024-04-21 00:00:00+00:00,"['BTC', 'DOGE', 'TIA']","['SOL', 'LINK', 'INJ']"
2024-04-22 00:00:00+00:00,"['BTC', 'DOGE', 'TIA']","['SOL', 'LINK', 'INJ']"
2024-04-23 00:00:00+00:00,"['BTC', 'DOGE', 'TIA']","['SOL', 'LINK', 'INJ']"
2024-04-24 00:00:00+00:00,"['BTC', 'DOGE', 'TIA']","['SOL', 'LINK', 'INJ']"
2024-04-25 00:00:00+00:00,"['BTC', 'DOGE', 'TIA']","['SOL', 'LINK', 'INJ']"
2024-04-26 00:00:00+00:00,"['BTC', 'DOGE', 'TIA']","['SOL', 'LINK', 'INJ']"
2024-04-27 00:00:00+00:00,"['BTC', 'DOGE', 'TIA']","['SOL', 'LINK', 'INJ']"
2024-04-28 00:00:00+00:00,"['SOL', 'AVAX', 'TIA']","['ETH', 'OP', 'UNI']"
2024-04-29 00:00:00+00:00,"['SOL', 'AVAX', 'TIA']","['ETH', 'OP', 'UNI']"
2024-04-30 00:00:00+00:00,"['SOL', 'AVAX', 'TIA']","['ETH', 'OP', 'UNI']"
2024-05-01 00:00:00+00:00,"['SOL', 'AVAX', 'TIA']","['ETH', 'OP', 'UNI']"
2024-05-02 00:00:00+00:00,"['SOL', 'AVAX', 'TIA']","['ETH', 'OP', 'UNI']"
2024-05-03 00:00:00+00:00,"['SOL', 'AVAX', 'TIA']","['ETH', 'OP', 'UNI']"
2024-05-04 00:00:00+00:00,"['SOL', 'AVAX', 'TIA']","['ETH', 'OP', 'UNI']"
2024-05-05 00:00:00+00:00,"['ETH', 'ARB', 'INJ']","['SOL', 'OP', 'DOGE']"
2024-05-06 00:00:00+00:00,"['ETH', 'ARB', 'INJ']","['SOL', 'OP', 'DOGE']"
2024-05-07 00:00:00+00:00,"['ETH', 'ARB', 'INJ']","['SOL', 'OP', 'DOGE']"
2024-05-08 00:00:00+00:00,"['ETH', 'ARB', 'INJ']","['SOL', 'OP', 'DOGE']"
2024-05-09 00:00:00+00:00,"['ETH', 'ARB', 'INJ']","['SOL', 'OP', 'DOGE']"
2024-05-10 00:00:00+00:00,"['ETH', 'ARB', 'INJ']","['SOL', 'OP', 'DOGE']"
2024-05-11 00:00:00+00:00,"['ETH', 'ARB', 'INJ']","['SOL', 'OP', 'DOGE']"
2024-05-12 00:00:00+00:00,"['AVAX', 'AAVE', 'DOGE']","['BTC', 'ETH', 'ARB']"
2024-05-13 00:00:00+00:00,"['AVAX', 'AAVE', 'DOGE']","['BTC', 'ETH', 'ARB']"
2024-05-14 00:00:00+00:00,"['AVAX', 'AAVE', 'DOGE']","['BTC', 'ETH', 'ARB']"
2024-05-15 00:00:00+00:00,"['AVAX', 'AAVE', 'DOGE']","['BTC', 'ETH', 'ARB']"
2024-05-16 00:00:00+00:00,"['AVAX', 'AAVE', 'DOGE']","['BTC', 'ETH', 'ARB']"
2024-05-17 00:00:00+00:00,"['AVAX', 'AAVE', 'DOGE']","['BTC', 'ETH', 'ARB']"
2024-05-18 00:00:00+00:00,"['AVAX', 'AAVE', 'DOGE']","['BTC', 'ETH', 'ARB']"
2024-05-19 00:00:00+00:00,"['ARB', 'OP', 'DOGE']","['SOL', 'LINK', 'INJ']"
2024-05-20 00:00:00+00:00,"['ARB', 'OP', 'DOGE']","['SOL', 'LINK', 'INJ']"
2024-05-21 00:00:00+00:00,"['ARB', 'OP', 'DOGE']","['SOL', 'LINK', 'INJ']"
2024-05-22 00:00:00+00:00,"['ARB', 'OP', 'DOGE']","['SOL', 'LINK', 'INJ']"
2024-05-23 00:00:00+00:00,"['ARB', 'OP', 'DOGE']","['SOL', 'LINK', 'INJ']"
2024-05-24 00:00:00+00:00,"['ARB', 'OP', 'DOGE']","['SOL', 'LINK', 'INJ']"
2024-05-25 00:00:00+00:00,"['ARB', 'OP', 'DOGE']","['SOL', 'LINK', 'INJ']"
2024-05-26 00:00:00+00:00,"['AVAX', 'OP', 'INJ']","['LINK', 'AAVE', 'UNI']"
2024-05-27 00:00:00+00:00,"['AVAX', 'OP', 'INJ']","['LINK', 'AAVE', 'UNI']"
2024-05-28 00:00:00+00:00,"['AVAX', 'OP', 'INJ']","['LINK', 'AAVE', 'UNI']"
2024-05-29 00:00:00+00:00,"['AVAX', 'OP', 'INJ']","['LINK', 'AAVE', 'UNI']"
2024-05-30 00:00:00+00:00,"['AVAX', 'OP', 'INJ']","['LINK', 'AAVE', 'UNI']"
2024-05-31 00:00:00+00:00,"['AVAX', 'OP', 'INJ']","['LINK', 'AAVE', 'UNI']"
2024-06-01 00:00:00+00:00,"['AVAX', 'OP', 'INJ']","['LINK', 'AAVE', 'UNI']"
2024-06-02 00:00:00+00:00,"['ARB', 'UNI', 'INJ']","['BTC', 'ETH', 'TIA']"
2024-06-03 00:00:00+00:00,"['ARB', 'UNI', 'INJ']","['BTC', 'ETH', 'TIA']"
2024-06-04 00:00:00+00:00,"['ARB', 'UNI', 'INJ']","['BTC', 'ETH', 'TIA']"
2024-06-05 00:00:00+00:00,"['ARB', 'UNI', 'INJ']","['BTC', 'ETH', 'TIA']"
2024-06-06 00:00:00+00:00,"['ARB', 'UNI', 'INJ']","['BTC', 'ETH', 'TIA']"
2024-06-07 00:00:00+00:00,"['ARB', 'UNI', 'INJ']","['BTC', 'ETH', 'TIA']"
2024-06-08 00:00:00+00:00,"['ARB', 'UNI', 'INJ']","['BTC', 'ETH', 'TIA']"
2024-06-09 00:00:00+00:00,"['ARB', 'UNI', 'TIA']","['BTC', 'ETH', 'INJ']"
2024-06-10 00:00:00+00:00,"['ARB', 'UNI', 'TIA']","['BTC', 'ETH', 'INJ']"
2024-06-11 00:00:00+00:00,"['ARB', 'UNI', 'TIA']","['BTC', 'ETH', 'INJ']"
2024-06-12 00:00:00+00:00,"['ARB', 'UNI', 'TIA']","['BTC', 'ETH', 'INJ']"
2024-06-13 00:00:00+00:00,"['ARB', 'UNI', 'TIA']","['BTC', 'ETH', 'INJ']"
2024-06-14 00:00:00+00:00,"['ARB', 'UNI', 'TIA']","['BTC', 'ETH', 'INJ']"
2024-06-15 00:00:00+00:00,"['ARB', 'UNI', 'TIA']","['BTC', 'ETH', 'INJ']"
2024-06-16 00:00:00+00:00,"['AVAX', 'INJ', 'TIA']","['ETH', 'OP', 'UNI']"
2024-06-17 00:00:00+00:00,"['AVAX', 'INJ', 'TIA']","['ETH', 'OP', 'UNI']"
2024-06-18 00:00:00+00:00,"['AVAX', 'INJ', 'TIA']","['ETH', 'OP', 'UNI']"
2024-06-19 00:00:00+00:00,"['AVAX', 'INJ', 'TIA']","['ETH', 'OP', 'UNI']"
2024-06-20 00:00:00+00:00,"['AVAX', 'INJ', 'TIA']","['ETH', 'OP', 'UNI']"
2024-06-21 00:00:00+00:00,"['AVAX', 'INJ', 'TIA']","['ETH', 'OP', 'UNI']"
2024-06-22 00:00:00+00:00,"['AVAX', 'INJ', 'TIA']","['ETH', 'OP', 'UNI']"
2024-06-23 00:00:00+00:00,"['SOL', 'AVAX', 'OP']","['DOGE', 'UNI', 'INJ']"
2024-06-24 00:00:00+00:00,"['SOL', 'AVAX', 'OP']","['DOGE', 'UNI', 'INJ']"
2024-06-25 00:00:00+00:00,"['SOL', 'AVAX', 'OP']","['DOGE', 'UNI', 'INJ']"
2024-06-26 00:00:00+00:00,"['SOL', 'AVAX', 'OP']","['DOGE', 'UNI', 'INJ']"
2024-06-27 00:00:00+00:00,"['SOL', 'AVAX', 'OP']","['DOGE', 'UNI', 'INJ']"
2024-06-28 00:00:00+00:00,"['SOL', 'AVAX', 'OP']","['DOGE', 'UNI', 'INJ']"
2024-06-29 00:00:00+00:00,"['SOL', 'AVAX', 'OP']","['DOGE', 'UNI', 'INJ']"
2024-06-30 00:00:00+00:00,"['ARB', 'UNI', 'TIA']","['SOL', 'AVAX', 'AAVE']"
2024-07-01 00:00:00+00:00,"['ARB', 'UNI', 'TIA']","['SOL', 'AVAX', 'AAVE']"
2024-07-02 00:00:00+00:00,"['ARB', 'UNI', 'TIA']","['SOL', 'AVAX', 'AAVE']"
2024-07-03 00:00:00+00:00,"['ARB', 'UNI', 'TIA']","['SOL', 'AVAX', 'AAVE']"
2024-07-04 00:00:00+00:00,"['ARB', 'UNI', 'TIA']","['SOL', 'AVAX', 'AAVE']"
2024-07-05 00:00:00+00:00,"['ARB', 'UNI', 'TIA']","['SOL', 'AVAX', 'AAVE']"
2024-07-06 00:00:00+00:00,"['ARB', 'UNI', 'TIA']","['SOL', 'AVAX', 'AAVE']"
2024-07-07 00:00:00+00:00,"['ARB', 'OP', 'INJ']","['BTC', 'AVAX', 'TIA']"
2024-07-08 00:00:00+00:00,"['ARB', 'OP', 'INJ']","['BTC', 'AVAX', 'TIA']"
2024-07-09 00:00:00+00:00,"['ARB', 'OP', 'INJ']","['BTC', 'AVAX', 'TIA']"
2024-07-10 00:00:00+00:00,"['ARB', 'OP', 'INJ']","['BTC', 'AVAX', 'TIA']"
2024-07-11 00:00:00+00:00,"['ARB', 'OP', 'INJ']","['BTC', 'AVAX', 'TIA']"
2024-07-12 00:00:00+00:00,"['ARB', 'OP', 'INJ']","['BTC', 'AVAX', 'TIA']"
2024-07-13 00:00:00+00:00,"['ARB', 'OP', 'INJ']","['BTC', 'AVAX', 'TIA']"
2024-07-14 00:00:00+00:00,"['AVAX', 'ARB', 'TIA']","['AAVE', 'OP', 'DOGE']"
2024-07-15 00:00:00+00:00,"['AVAX', 'ARB', 'TIA']","['AAVE', 'OP', 'DOGE']"
2024-07-16 00:00:00+00:00,"['AVAX', 'ARB', 'TIA']","['AAVE', 'OP', 'DOGE']"
2024-07-17 00:00:00+00:00,"['AVAX', 'ARB', 'TIA']","['AAVE', 'OP', 'DOGE']"
2024-07-18 00:00:00+00:00,"['AVAX', 'ARB', 'TIA']","['AAVE', 'OP', 'DOGE']"
2024-07-19 00:00:00+00:00,"['AVAX', 'ARB', 'TIA']","['AAVE', 'OP', 'DOGE']"
2024-07-20 00:00:00+00:00,"['AVAX', 'ARB', 'TIA']","['AAVE', 'OP', 'DOGE']"
2024-07-21 00:00:00+00:00,"['ETH', 'AAVE', 'UNI']","['SOL', 'AVAX', 'DOGE']"
2024-07-22 00:00:00+00:00,"['ETH', 'AAVE', 'UNI']","['SOL', 'AVAX', 'DOGE']"
2024-07-23 00:00:00+00:00,"['ETH', 'AAVE', 'UNI']","['SOL', 'AVAX', 'DOGE']"
2024-07-24 00:00:00+00:00,"['ETH', 'AAVE', 'UNI']","['SOL', 'AVAX', 'DOGE']"
2024-07-25 00:00:00+00:00,"['ETH', 'AAVE', 'UNI']","['SOL', 'AVAX', 'DOGE']"
2024-07-26 00:00:00+00:00,"['ETH', 'AAVE', 'UNI']","['SOL', 'AVAX', 'DOGE']"
2024-07-27 00:00:00+00:00,"['ETH', 'AAVE', 'UNI']","['SOL', 'AVAX', 'DOGE']"
2024-07-28 00:00:00+00:00,"['ARB', 'OP', 'TIA']","['BTC', 'SOL', 'AAVE']"
2024-07-29 00:00:00+00:00,"['ARB', 'OP', 'TIA']","['BTC', 'SOL', 'AAVE']"
2024-07-30 00:00:00+00:00,"['ARB', 'OP', 'TIA']","['BTC', 'SOL', 'AAVE']"
2024-07-31 00:00:00+00:00,"['ARB', 'OP', 'TIA']","['BTC', 'SOL', 'AAVE']"
2024-08-01 00:00:00+00:00,"['ARB', 'OP', 'TIA']","['BTC', 'SOL', 'AAVE']"
2024-08-02 00:00:00+00:00,"['ARB', 'OP', 'TIA']","['BTC', 'SOL', 'AAVE']"
2024-08-03 00:00:00+00:00,"['ARB', 'OP', 'TIA']","['BTC', 'SOL', 'AAVE']"
2024-08-04 00:00:00+00:00,"['SOL', 'AVAX', 'INJ']","['BTC', 'AAVE', 'TIA']"
2024-08-05 00:00:00+00:00,"['SOL', 'AVAX', 'INJ']","['BTC', 'AAVE', 'TIA']"
2024-08-06 00:00:00+00:00,"['SOL', 'AVAX', 'INJ']","['BTC', 'AAVE', 'TIA']"
2024-08-07 00:00:00+00:00,"['SOL', 'AVAX', 'INJ']","['BTC', 'AAVE', 'TIA']"
2024-08-08 00:00:00+00:00,"['SOL', 'AVAX', 'INJ']","['BTC', 'AAVE', 'TIA']"
2024-08-09 00:00:00+00:00,"['SOL', 'AVAX', 'INJ']","['BTC', 'AAVE', 'TIA']"
2024-08-10 00:00:00+00:00,"['SOL', 'AVAX', 'INJ']","['BTC', 'AAVE', 'TIA']"
2024-08-11 00:00:00+00:00,"['SOL', 'AVAX', 'AAVE']","['BTC', 'ARB', 'INJ']"
2024-08-12 00:00:00+00:00,"['SOL', 'AVAX', 'AAVE']","['BTC', 'ARB', 'INJ']"
2024-08-13 00:00:00+00:00,"['SOL', 'AVAX', 'AAVE']","['BTC', 'ARB', 'INJ']"
2024-08-14 00:00:00+00:00,"['SOL', 'AVAX', 'AAVE']","['BTC', 'ARB', 'INJ']"
2024-08-15 00:00:00+00:00,"['SOL', 'AVAX', 'AAVE']","['BTC', 'ARB', 'INJ']"
2024-08-16 00:00:00+00:00,"['SOL', 'AVAX', 'AAVE']","['BTC', 'ARB', 'INJ']"
2024-08-17 00:00:00+00:00,"['SOL', 'AVAX', 'AAVE']","['BTC', 'ARB', 'INJ']"
2024-08-18 00:00:00+00:00,"['ARB', 'INJ', 'TIA']","['AVAX', 'AAVE', 'OP']"
2024-08-19 00:00:00+00:00,"['ARB', 'INJ', 'TIA']","['AVAX', 'AAVE', 'OP']"
2024-08-20 00:00:00+00:00,"['ARB', 'INJ', 'TIA']","['AVAX', 'AAVE', 'OP']"
2024-08-21 00:00:00+00:00,"['ARB', 'INJ', 'TIA']","['AVAX', 'AAVE', 'OP']"
2024-08-22 00:00:00+00:00,"['ARB', 'INJ', 'TIA']","['AVAX', 'AAVE', 'OP']"
2024-08-23 00:00:00+00:00,"['ARB', 'INJ', 'TIA']","['AVAX', 'AAVE', 'OP']"
2024-08-24 00:00:00+00:00,"['ARB', 'INJ', 'TIA']","['AVAX', 'AAVE', 'OP']"
2024-08-25 00:00:00+00:00,"['AAVE', 'DOGE', 'UNI']","['AVAX', 'LINK', 'INJ']"
2024-08-26 00:00:00+00:00,"['AAVE', 'DOGE', 'UNI']","['AVAX', 'LINK', 'INJ']"
2024-08-27 00:00:00+00:00,"['AAVE', 'DOGE', 'UNI']","['AVAX', 'LINK', 'INJ']"
2024-08-28 00:00:00+00:00,"['AAVE', 'DOGE', 'UNI']","['AVAX', 'LINK', 'INJ']"
2024-08-29 00:00:00+00:00,"['AAVE', 'DOGE', 'UNI']","['AVAX', 'LINK', 'INJ']"
2024-08-30 00:00:00+00:00,"['AAVE', 'DOGE', 'UNI']","['AVAX', 'LINK', 'INJ']"
2024-08-31 00:00:00+00:00,"['AAVE', 'DOGE', 'UNI']","['AVAX', 'LINK', 'INJ']"
2024-09-01 00:00:00+00:00,"['SOL', 'INJ', 'TIA']","['ETH', 'AAVE', 'OP']"
2024-09-02 00:00:00+00:00,"['SOL', 'INJ', 'TIA']","['ETH', 'AAVE', 'OP']"
2024-09-03 00:00:00+00:00,"['SOL', 'INJ', 'TIA']","['ETH', 'AAVE', 'OP']"
2024-09-04 00:00:00+00:00,"['SOL', 'INJ', 'TIA']","['ETH', 'AAVE', 'OP']"
2024-09-05 00:00:00+00:00,"['SOL', 'INJ', 'TIA']","['ETH', 'AAVE', 'OP']"
2024-09-06 00:00:00+00:00,"['SOL', 'INJ', 'TIA']","['ETH', 'AAVE', 'OP']"
2024-09-07 00:00:00+00:00,"['SOL', 'INJ', 'TIA']","['ETH', 'AAVE', 'OP']"
2024-09-08 00:00:00+00:00,"['BTC', 'ETH', 'DOGE']","['AVAX', 'AAVE', 'OP']"
2024-09-09 00:00:00+00:00,"['BTC', 'ETH', 'DOGE']","['AVAX', 'AAVE', 'OP']"
2024-09-10 00:00:00+00:00,"['BTC', 'ETH', 'DOGE']","['AVAX', 'AAVE', 'OP']"
2024-09-11 00:00:00+00:00,"['BTC', 'ETH', 'DOGE']","['AVAX', 'AAVE', 'OP']"
2024-09-12 00:00:00+00:00,"['BTC', 'ETH', 'DOGE']","['AVAX', 'AAVE', 'OP']"
2024-09-13 00:00:00+00:00,"['BTC', 'ETH', 'DOGE']","['AVAX', 'AAVE', 'OP']"
2024-09-14 00:00:00+00:00,"['BTC', 'ETH', 'DOGE']","['AVAX', 'AAVE', 'OP']"
2024-09-15 00:00:00+00:00,"['AAVE', 'ARB', 'OP']","['BTC', 'INJ', 'TIA']"
2024-09-16 00:00:00+00:00,"['AAVE', 'ARB', 'OP']","['BTC', 'INJ', 'TIA']"
2024-09-17 00:00:00+00:00,"['AAVE', 'ARB', 'OP']","['BTC', 'INJ', 'TIA']"
2024-09-18 00:00:00+00:00,"['AAVE', 'ARB', 'OP']","['BTC', 'INJ', 'TIA']"
2024-09-19 00:00:00+00:00,"['AAVE', 'ARB', 'OP']","['BTC', 'INJ', 'TIA']"
2024-09-20 00:00:00+00:00,"['AAVE', 'ARB', 'OP']","['BTC', 'INJ', 'TIA']"
2024-09-21 00:00:00+00:00,"['AAVE', 'ARB', 'OP']","['BTC', 'INJ', 'TIA']"
2024-09-22 00:00:00+00:00,"['LINK', 'UNI', 'TIA']","['AAVE', 'ARB', 'OP']"
2024-09-23 00:00:00+00:00,"['LINK', 'UNI', 'TIA']","['AAVE', 'ARB', 'OP']"
2024-09-24 00:00:00+00:00,"['LINK', 'UNI', 'TIA']","['AAVE', 'ARB', 'OP']"
2024-09-25 00:00:00+00:00,"['LINK', 'UNI', 'TIA']","['AAVE', 'ARB', 'OP']"
2024-09-26 00:00:00+00:00,"['LINK', 'UNI', 'TIA']","['AAVE', 'ARB', 'OP']"
2024-09-27 00:00:00+00:00,"['LINK', 'UNI', 'TIA']","['AAVE', 'ARB', 'OP']"
2024-09-28 00:00:00+00:00,"['LINK', 'UNI', 'TIA']","['AAVE', 'ARB', 'OP']"
2024-09-29 00:00:00+00:00,"['ETH', 'AAVE', 'TIA']","['OP', 'DOGE', 'UNI']"
2024-09-30 00:00:00+00:00,"['ETH', 'AAVE', 'TIA']","['OP', 'DOGE', 'UNI']"
2024-10-01 00:00:00+00:00,"['ETH', 'AAVE', 'TIA']","['OP', 'DOGE', 'UNI']"
2024-10-02 00:00:00+00:00,"['ETH', 'AAVE', 'TIA']","['OP', 'DOGE', 'UNI']"
2024-10-03 00:00:00+00:00,"['ETH', 'AAVE', 'TIA']","['OP', 'DOGE', 'UNI']"
2024-10-04 00:00:00+00:00,"['ETH', 'AAVE', 'TIA']","['OP', 'DOGE', 'UNI']"
2024-10-05 00:00:00+00:00,"['ETH', 'AAVE', 'TIA']","['OP', 'DOGE', 'UNI']"
2024-10-06 00:00:00+00:00,"['ETH', 'SOL', 'INJ']","['AVAX', 'DOGE', 'TIA']"
2024-10-07 00:00:00+00:00,"['ETH', 'SOL', 'INJ']","['AVAX', 'DOGE', 'TIA']"
2024-10-08 00:00:00+00:00,"['ETH', 'SOL', 'INJ']","['AVAX', 'DOGE', 'TIA']"
2024-10-09 00:00:00+00:00,"['ETH', 'SOL', 'INJ']","['AVAX', 'DOGE', 'TIA']"
2024-10-10 00:00:00+00:00,"['ETH', 'SOL', 'INJ']","['AVAX', 'DOGE', 'TIA']"
2024-10-11 00:00:00+00:00,"['ETH', 'SOL', 'INJ']","['AVAX', 'DOGE', 'TIA']"
2024-10-12 00:00:00+00:00,"['ETH', 'SOL', 'INJ']","['AVAX', 'DOGE', 'TIA']"
2024-10-13 00:00:00+00:00,"['BTC', 'LINK', 'ARB']","['AVAX', 'AAVE', 'TIA']"
2024-10-14 00:00:00+00:00,"['BTC', 'LINK', 'ARB']","['AVAX', 'AAVE', 'TIA']"
2024-10-15 00:00:00+00:00,"['BTC', 'LINK', 'ARB']","['AVAX', 'AAVE', 'TIA']"
2024-10-16 00:00:00+00:00,"['BTC', 'LINK', 'ARB']","['AVAX', 'AAVE', 'TIA']"
2024-10-17 00:00:00+00:00,"['BTC', 'LINK', 'ARB']","['AVAX', 'AAVE', 'TIA']"
2024-10-18 00:00:00+00:00,"['BTC', 'LINK', 'ARB']","['AVAX', 'AAVE', 'TIA']"
2024-10-19 00:00:00+00:00,"['BTC', 'LINK', 'ARB']","['AVAX', 'AAVE', 'TIA']"
2024-10-20 00:00:00+00:00,"['AAVE', 'UNI', 'TIA']","['SOL', 'ARB', 'DOGE']"
2024-10-21 00:00:00+00:00,"['AAVE', 'UNI', 'TIA']","['SOL', 'ARB', 'DOGE']"
2024-10-22 00:00:00+00:00,"['AAVE', 'UNI', 'TIA']","['SOL', 'ARB', 'DOGE']"
2024-10-23 00:00:00+00:00,"['AAVE', 'UNI', 'TIA']","['SOL', 'ARB', 'DOGE']"
2024-10-24 00:00:00+00:00,"['AAVE', 'UNI', 'TIA']","['SOL', 'ARB', 'DOGE']"
2024-10-25 00:00:00+00:00,"['AAVE', 'UNI', 'TIA']","['SOL', 'ARB', 'DOGE']"
2024-10-26 00:00:00+00:00,"['AAVE', 'UNI', 'TIA']","['SOL', 'ARB', 'DOGE']"
2024-10-27 00:00:00+00:00,"['ARB', 'INJ', 'TIA']","['BTC', 'SOL', 'DOGE']"
2024-10-28 00:00:00+00:00,"['ARB', 'INJ', 'TIA']","['BTC', 'SOL', 'DOGE']"
2024-10-29 00:00:00+00:00,"['ARB', 'INJ', 'TIA']","['BTC', 'SOL', 'DOGE']"
2024-10-30 00:00:00+00:00,"['ARB', 'INJ', 'TIA']","['BTC', 'SOL', 'DOGE']"
2024-10-31 00:00:00+00:00,"['ARB', 'INJ', 'TIA']","['BTC', 'SOL', 'DOGE']"
2024-11-01 00:00:00+00:00,"['ARB', 'INJ', 'TIA']","['BTC', 'SOL', 'DOGE']"
2024-11-02 00:00:00+00:00,"['ARB', 'INJ', 'TIA']","['BTC', 'SOL', 'DOGE']"
2024-11-03 00:00:00+00:00,"['OP', 'DOGE', 'INJ']","['BTC', 'ETH', 'LINK']"
2024-11-04 00:00:00+00:00,"['OP', 'DOGE', 'INJ']","['BTC', 'ETH', 'LINK']"
2024-11-05 00:00:00+00:00,"['OP', 'DOGE', 'INJ']","['BTC', 'ETH', 'LINK']"
2024-11-06 00:00:00+00:00,"['OP', 'DOGE', 'INJ']","['BTC', 'ETH', 'LINK']"
2024-11-07 00:00:00+00:00,"['OP', 'DOGE', 'INJ']","['BTC', 'ETH', 'LINK']"
2024-11-08 00:00:00+00:00,"['OP', 'DOGE', 'INJ']","['BTC', 'ETH', 'LINK']"
2024-11-09 00:00:00+00:00,"['OP', 'DOGE', 'INJ']","['BTC', 'ETH', 'LINK']"
2024-11-10 00:00:00+00:00,"['BTC', 'SOL', 'OP']","['AAVE', 'DOGE', 'INJ']"
2024-11-11 00:00:00+00:00,"['BTC', 'SOL', 'OP']","['AAVE', 'DOGE', 'INJ']"
2024-11-12 00:00:00+00:00,"['BTC', 'SOL', 'OP']","['AAVE', 'DOGE', 'INJ']"
2024-11-13 00:00:00+00:00,"['BTC', 'SOL', 'OP']","['AAVE', 'DOGE', 'INJ']"
2024-11-14 00:00:00+00:00,"['BTC', 'SOL', 'OP']","['AAVE', 'DOGE', 'INJ']"
2024-11-15 00:00:00+00:00,"['BTC', 'SOL', 'OP']","['AAVE', 'DOGE', 'INJ']"
2024-11-16 00:00:00+00:00,"['BTC', 'SOL', 'OP']","['AAVE', 'DOGE', 'INJ']"
2024-11-17 00:00:00+00:00,"['ETH', 'AAVE', 'TIA']","['SOL', 'AVAX', 'ARB']"
2024-11-18 00:00:00+00:00,"['ETH', 'AAVE', 'TIA']","['SOL', 'AVAX', 'ARB']"
2024-11-19 00:00:00+00:00,"['ETH', 'AAVE', 'TIA']","['SOL', 'AVAX', 'ARB']"
2024-11-20 00:00:00+00:00,"['ETH', 'AAVE', 'TIA']","['SOL', 'AVAX', 'ARB']"
2024-11-21 00:00:00+00:00,"['ETH', 'AAVE', 'TIA']","['SOL', 'AVAX', 'ARB']"
2024-11-22 00:00:00+00:00,"['ETH', 'AAVE', 'TIA']","['SOL', 'AVAX', 'ARB']"
2024-11-23 00:00:00+00:00,"['ETH', 'AAVE', 'TIA']","['SOL', 'AVAX', 'ARB']"
2024-11-24 00:00:00+00:00,"['BTC', 'SOL', 'AAVE']","['ARB', 'OP', 'TIA']"
2024-11-25 00:00:00+00:00,"['BTC', 'SOL', 'AAVE']","['ARB', 'OP', 'TIA']"
2024-11-26 00:00:00+00:00,"['BTC', 'SOL', 'AAVE']","['ARB', 'OP', 'TIA']"
2024-11-27 00:00:00+00:00,"['BTC', 'SOL', 'AAVE']","['ARB', 'OP', 'TIA']"
2024-11-28 00:00:00+00:00,"['BTC', 'SOL', 'AAVE']","['ARB', 'OP', 'TIA']"
2024-11-29 00:00:00+00:00,"['BTC', 'SOL', 'AAVE']","['ARB', 'OP', 'TIA']"
2024-11-30 00:00:00+00:00,"['BTC', 'SOL', 'AAVE']","['ARB', 'OP', 'TIA']"
2024-12-01 00:00:00+00:00,"['SOL', 'INJ', 'TIA']","['AAVE', 'DOGE', 'UNI']"
2024-12-02 00:00:00+00:00,"['SOL', 'INJ', 'TIA']","['AAVE', 'DOGE', 'UNI']"
2024-12-03 00:00:00+00:00,"['SOL', 'INJ', 'TIA']","['AAVE', 'DOGE', 'UNI']"
2024-12-04 00:00:00+00:00,"['SOL', 'INJ', 'TIA']","['AAVE', 'DOGE', 'UNI']"
2024-12-05 00:00:00+00:00,"['SOL', 'INJ', 'TIA']","['AAVE', 'DOGE', 'UNI']"
2024-12-06 00:00:00+00:00,"['SOL', 'INJ', 'TIA']","['AAVE', 'DOGE', 'UNI']"
2024-12-07 00:00:00+00:00,"['SOL', 'INJ', 'TIA']","['AAVE', 'DOGE', 'UNI']"
2024-12-08 00:00:00+00:00,"['SOL', 'INJ', 'TIA']","['AAVE', 'DOGE', 'UNI']"
2024-12-09 00:00:00+00:00,"['SOL', 'INJ', 'TIA']","['AAVE', 'DOGE', 'UNI']"
2024-12-10 00:00:00+00:00,"['SOL', 'INJ', 'TIA']","['AAVE', 'DOGE', 'UNI']"
2024-12-11 00:00:00+00:00,"['SOL', 'INJ', 'TIA']","['AAVE', 'DOGE', 'UNI']"
2024-12-12 00:00:00+00:00,"['SOL', 'INJ', 'TIA']","['AAVE', 'DOGE', 'UNI']"
2024-12-13 00:00:00+00:00,"['SOL', 'INJ', 'TIA']","['AAVE', 'DOGE', 'UNI']"
2024-12-14 00:00:00+00:00,"['SOL', 'INJ', 'TIA']","['AAVE', 'DOGE', 'UNI']"
2024-12-15 00:00:00+00:00,"['SOL', 'DOGE', 'TIA']","['LINK', 'AAVE', 'OP']"
2024-12-16 00:00:00+00:00,"['SOL', 'DOGE', 'TIA']","['LINK', 'AAVE', 'OP']"
2024-12-17 00:00:00+00:00,"['SOL', 'DOGE', 'TIA']","['LINK', 'AAVE', 'OP']"
2024-12-18 00:00:00+00:00,"['SOL', 'DOGE', 'TIA']","['LINK', 'AAVE', 'OP']"
2024-12-19 00:00:00+00:00,"['SOL', 'DOGE', 'TIA']","['LINK', 'AAVE', 'OP']"
2024-12-20 00:00:00+00:00,"['SOL', 'DOGE', 'TIA']","['LINK', 'AAVE', 'OP']"
2024-12-21 00:00:00+00:00,"['SOL', 'DOGE', 'TIA']","['LINK', 'AAVE', 'OP']"
2024-12-22 00:00:00+00:00,"['AVAX', 'OP', 'INJ']","['BTC', 'AAVE', 'UNI']"
2024-12-23 00:00:00+00:00,"['AVAX', 'OP', 'INJ']","['BTC', 'AAVE', 'UNI']"
2024-12-24 00:00:00+00:00,"['AVAX', 'OP', 'INJ']","['BTC', 'AAVE', 'UNI']"
2024-12-25 00:00:00+00:00,"['AVAX', 'OP', 'INJ']","['BTC', 'AAVE', 'UNI']"
2024-12-26 00:00:00+00:00,"['AVAX', 'OP', 'INJ']","['BTC', 'AAVE', 'UNI']"
2024-12-27 00:00:00+00:00,"['AVAX', 'OP', 'INJ']","['BTC', 'AAVE', 'UNI']"
2024-12-28 00:00:00+00:00,"['AVAX', 'OP', 'INJ']","['BTC', 'AAVE', 'UNI']"
2024-12-29 00:00:00+00:00,"['AVAX', 'LINK', 'INJ']","['BTC', 'ETH', 'SOL']"
2024-12-30 00:00:00+00:00,"['AVAX', 'LINK', 'INJ']","['BTC', 'ETH', 'SOL']"
2024-12-31 00:00:00+00:00,"['AVAX', 'LINK', 'INJ']","['BTC', 'ETH', 'SOL']"
2025-01-01 00:00:00+00:00,"['AVAX', 'LINK', 'INJ']","['BTC', 'ETH', 'SOL']"
2025-01-02 00:00:00+00:00,"['AVAX', 'LINK', 'INJ']","['BTC', 'ETH', 'SOL']"
2025-01-03 00:00:00+00:00,"['AVAX', 'LINK', 'INJ']","['BTC', 'ETH', 'SOL']"
2025-01-04 00:00:00+00:00,"['AVAX', 'LINK', 'INJ']","['BTC', 'ETH', 'SOL']"
2025-01-05 00:00:00+00:00,"['BTC', 'ETH', 'AAVE']","['ARB', 'DOGE', 'INJ']"
2025-01-06 00:00:00+00:00,"['BTC', 'ETH', 'AAVE']","['ARB', 'DOGE', 'INJ']"
2025-01-07 00:00:00+00:00,"['BTC', 'ETH', 'AAVE']","['ARB', 'DOGE', 'INJ']"
2025-01-08 00:00:00+00:00,"['BTC', 'ETH', 'AAVE']","['ARB', 'DOGE', 'INJ']"
2025-01-09 00:00:00+00:00,"['BTC', 'ETH', 'AAVE']","['ARB', 'DOGE', 'INJ']"
2025-01-10 00:00:00+00:00,"['BTC', 'ETH', 'AAVE']","['ARB', 'DOGE', 'INJ']"
2025-01-11 00:00:00+00:00,"['BTC', 'ETH', 'AAVE']","['ARB', 'DOGE', 'INJ']"
2025-01-12 00:00:00+00:00,"['LINK', 'ARB', 'INJ']","['BTC', 'UNI', 'TIA']"
2025-01-13 00:00:00+00:00,"['LINK', 'ARB', 'INJ']","['BTC', 'UNI', 'TIA']"
2025-01-14 00:00:00+00:00,"['LINK', 'ARB', 'INJ']","['BTC', 'UNI', 'TIA']"
2025-01-15 00:00:00+00:00,"['LINK', 'ARB', 'INJ']","['BTC', 'UNI', 'TIA']"
2025-01-16 00:00:00+00:00,"['LINK', 'ARB', 'INJ']","['BTC', 'UNI', 'TIA']"
2025-01-17 00:00:00+00:00,"['LINK', 'ARB', 'INJ']","['BTC', 'UNI', 'TIA']"
2025-01-18 00:00:00+00:00,"['LINK', 'ARB', 'INJ']","['BTC', 'UNI', 'TIA']"
2025-01-19 00:00:00+00:00,"['AVAX', 'ARB', 'OP']","['BTC', 'SOL', 'LINK']"
2025-01-20 00:00:00+00:00,"['AVAX', 'ARB', 'OP']","['BTC', 'SOL', 'LINK']"
2025-01-21 00:00:00+00:00,"['AVAX', 'ARB', 'OP']","['BTC', 'SOL', 'LINK']"
2025-01-22 00:00:00+00:00,"['AVAX', 'ARB', 'OP']","['BTC', 'SOL', 'LINK']"
2025-01-23 00:00:00+00:00,"['AVAX', 'ARB', 'OP']","['BTC', 'SOL', 'LINK']"
2025-01-24 00:00:00+00:00,"['AVAX', 'ARB', 'OP']","['BTC', 'SOL', 'LINK']"
2025-01-25 00:00:00+00:00,"['AVAX', 'ARB', 'OP']","['BTC', 'SOL', 'LINK']"
2025-01-26 00:00:00+00:00,"['AAVE', 'UNI', 'INJ']","['BTC', 'ETH', 'AVAX']"
2025-01-27 00:00:00+00:00,"['AAVE', 'UNI', 'INJ']","['BTC', 'ETH', 'AVAX']"
2025-01-28 00:00:00+00:00,"['AAVE', 'UNI', 'INJ']","['BTC', 'ETH', 'AVAX']"
2025-01-29 00:00:00+00:00,"['AAVE', 'UNI', 'INJ']","['BTC', 'ETH', 'AVAX']"
2025-01-30 00:00:00+00:00,"['AAVE', 'UNI', 'INJ']","['BTC', 'ETH', 'AVAX']"
2025-01-31 00:00:00+00:00,"['AAVE', 'UNI', 'INJ']","['BTC', 'ETH', 'AVAX']"
2025-02-01 00:00:00+00:00,"['AAVE', 'UNI', 'INJ']","['BTC', 'ETH', 'AVAX']"
2025-02-02 00:00:00+00:00,"['ARB', 'OP', 'UNI']","['BTC', 'ETH', 'AAVE']"
2025-02-03 00:00:00+00:00,"['ARB', 'OP', 'UNI']","['BTC', 'ETH', 'AAVE']"
2025-02-04 00:00:00+00:00,"['ARB', 'OP', 'UNI']","['BTC', 'ETH', 'AAVE']"
2025-02-05 00:00:00+00:00,"['ARB', 'OP', 'UNI']","['BTC', 'ETH', 'AAVE']"
2025-02-06 00:00:00+00:00,"['ARB', 'OP', 'UNI']","['BTC', 'ETH', 'AAVE']"
2025-02-07 00:00:00+00:00,"['ARB', 'OP', 'UNI']","['BTC', 'ETH', 'AAVE']"
2025-02-08 00:00:00+00:00,"['ARB', 'OP', 'UNI']","['BTC', 'ETH', 'AAVE']"
2025-02-09 00:00:00+00:00,"['AVAX', 'LINK', 'AAVE']","['BTC', 'OP', 'UNI']"
2025-02-10 00:00:00+00:00,"['AVAX', 'LINK', 'AAVE']","['BTC', 'OP', 'UNI']"
2025-02-11 00:00:00+00:00,"['AVAX', 'LINK', 'AAVE']","['BTC', 'OP', 'UNI']"
2025-02-12 00:00:00+00:00,"['AVAX', 'LINK', 'AAVE']","['BTC', 'OP', 'UNI']"
2025-02-13 00:00:00+00:00,"['AVAX', 'LINK', 'AAVE']","['BTC', 'OP', 'UNI']"
2025-02-14 00:00:00+00:00,"['AVAX', 'LINK', 'AAVE']","['BTC', 'OP', 'UNI']"
2025-02-15 00:00:00+00:00,"['AVAX', 'LINK', 'AAVE']","['BTC', 'OP', 'UNI']"
2025-02-16 00:00:00+00:00,"['SOL', 'AVAX', 'TIA']","['OP', 'DOGE', 'INJ']"
2025-02-17 00:00:00+00:00,"['SOL', 'AVAX', 'TIA']","['OP', 'DOGE', 'INJ']"
2025-02-18 00:00:00+00:00,"['SOL', 'AVAX', 'TIA']","['OP', 'DOGE', 'INJ']"
2025-02-19 00:00:00+00:00,"['SOL', 'AVAX', 'TIA']","['OP', 'DOGE', 'INJ']"
2025-02-20 00:00:00+00:00,"['SOL', 'AVAX', 'TIA']","['OP', 'DOGE', 'INJ']"
2025-02-21 00:00:00+00:00,"['SOL', 'AVAX', 'TIA']","['OP', 'DOGE', 'INJ']"
2025-02-22 00:00:00+00:00,"['SOL', 'AVAX', 'TIA']","['OP', 'DOGE', 'INJ']"
2025-02-23 00:00:00+00:00,"['LINK', 'DOGE', 'UNI']","['OP', 'INJ', 'TIA']"
2025-02-24 00:00:00+00:00,"['LINK', 'DOGE', 'UNI']","['OP', 'INJ', 'TIA']"
2025-02-25 00:00:00+00:00,"['LINK', 'DOGE', 'UNI']","['OP', 'INJ', 'TIA']"
2025-02-26 00:00:00+00:00,"['LINK', 'DOGE', 'UNI']","['OP', 'INJ', 'TIA']"
2025-02-27 00:00:00+00:00,"['LINK', 'DOGE', 'UNI']","['OP', 'INJ', 'TIA']"
2025-02-28 00:00:00+00:00,"['LINK', 'DOGE', 'UNI']","['OP', 'INJ', 'TIA']"
2025-03-01 00:00:00+00:00,"['LINK', 'DOGE', 'UNI']","['OP', 'INJ', 'TIA']"
2025-03-02 00:00:00+00:00,"['ETH', 'UNI', 'INJ']","['SOL', 'LINK', 'TIA']"
2025-03-03 00:00:00+00:00,"['ETH', 'UNI', 'INJ']","['SOL', 'LINK', 'TIA']"
2025-03-04 00:00:00+00:00,"['ETH', 'UNI', 'INJ']","['SOL', 'LINK', 'TIA']"
2025-03-05 00:00:00+00:00,"['ETH', 'UNI', 'INJ']","['SOL', 'LINK', 'TIA']"
2025-03-06 00:00:00+00:00,"['ETH', 'UNI', 'INJ']","['SOL', 'LINK', 'TIA']"
2025-03-07 00:00:00+00:00,"['ETH', 'UNI', 'INJ']","['SOL', 'LINK', 'TIA']"
2025-03-08 00:00:00+00:00,"['ETH', 'UNI', 'INJ']","['SOL', 'LINK', 'TIA']"
2025-03-09 00:00:00+00:00,"['AAVE', 'DOGE', 'INJ']","['BTC', 'ETH', 'LINK']"
2025-03-10 00:00:00+00:00,"['AAVE', 'DOGE', 'INJ']","['BTC', 'ETH', 'LINK']"
2025-03-11 00:00:00+00:00,"['AAVE', 'DOGE', 'INJ']","['BTC', 'ETH', 'LINK']"
2025-03-12 00:00:00+00:00,"['AAVE', 'DOGE', 'INJ']","['BTC', 'ETH', 'LINK']"
2025-03-13 00:00:00+00:00,"['AAVE', 'DOGE', 'INJ']","['BTC', 'ETH', 'LINK']"
2025-03-14 00:00:00+00:00,"['AAVE', 'DOGE', 'INJ']","['BTC', 'ETH', 'LINK']"
2025-03-15 00:00:00+00:00,"['AAVE', 'DOGE', 'INJ']","['BTC', 'ETH', 'LINK']"
2025-03-16 00:00:00+00:00,"['ETH', 'AAVE', 'OP']","['AVAX', 'INJ', 'TIA']"
2025-03-17 00:00:00+00:00,"['ETH', 'AAVE', 'OP']","['AVAX', 'INJ', 'TIA']"
2025-03-18 00:00:00+00:00,"['ETH', 'AAVE', 'OP']","['AVAX', 'INJ', 'TIA']"
2025-03-19 00:00:00+00:00,"['ETH', 'AAVE', 'OP']","['AVAX', 'INJ', 'TIA']"
2025-03-20 00:00:00+00:00,"['ETH', 'AAVE', 'OP']","['AVAX', 'INJ', 'TIA']"
2025-03-21 00:00:00+00:00,"['ETH', 'AAVE', 'OP']","['AVAX', 'INJ', 'TIA']"
2025-03-22 00:00:00+00:00,"['ETH', 'AAVE', 'OP']","['AVAX', 'INJ', 'TIA']"
2025-03-23 00:00:00+00:00,"['ARB', 'OP', 'DOGE']","['SOL', 'AAVE', 'TIA']"
2025-03-24 00:00:00+00:00,"['ARB', 'OP', 'DOGE']","['SOL', 'AAVE', 'TIA']"
2025-03-25 00:00:00+00:00,"['ARB', 'OP', 'DOGE']","['SOL', 'AAVE', 'TIA']"
2025-03-26 00:00:00+00:00,"['ARB', 'OP', 'DOGE']","['SOL', 'AAVE', 'TIA']"
2025-03-27 00:00:00+00:00,"['ARB', 'OP', 'DOGE']","['SOL', 'AAVE', 'TIA']"
2025-03-28 00:00:00+00:00,"['ARB', 'OP', 'DOGE']","['SOL', 'AAVE', 'TIA']"
2025-03-29 00:00:00+00:00,"['ARB', 'OP', 'DOGE']","['SOL', 'AAVE', 'TIA']"
2025-03-30 00:00:00+00:00,"['AVAX', 'OP', 'INJ']","['BTC', 'AAVE', 'TIA']"
2025-03-31 00:00:00+00:00,"['AVAX', 'OP', 'INJ']","['BTC', 'AAVE', 'TIA']"
2025-04-01 00:00:00+00:00,"['AVAX', 'OP', 'INJ']","['BTC', 'AAVE', 'TIA']"
2025-04-02 00:00:00+00:00,"['AVAX', 'OP', 'INJ']","['BTC', 'AAVE', 'TIA']"
2025-04-03 00:00:00+00:00,"['AVAX', 'OP', 'INJ']","['BTC', 'AAVE', 'TIA']"
2025-04-04 00:00:00+00:00,"['AVAX', 'OP', 'INJ']","['BTC', 'AAVE', 'TIA']"
2025-04-05 00:00:00+00:00,"['AVAX', 'OP', 'INJ']","['BTC', 'AAVE', 'TIA']"
2025-04-06 00:00:00+00:00,"['AAVE', 'INJ', 'TIA']","['BTC', 'SOL', 'DOGE']"
2025-04-07 00:00:00+00:00,"['AAVE', 'INJ', 'TIA']","['BTC', 'SOL', 'DOGE']"
2025-04-08 00:00:00+00:00,"['AAVE', 'INJ', 'TIA']","['BTC', 'SOL', 'DOGE']"
2025-04-09 00:00:00+00:00,"['AAVE', 'INJ', 'TIA']","['BTC', 'SOL', 'DOGE']"
2025-04-10 00:00:00+00:00,"['AAVE', 'INJ', 'TIA']","['BTC', 'SOL', 'DOGE']"
2025-04-11 00:00:00+00:00,"['AAVE', 'INJ', 'TIA']","['BTC', 'SOL', 'DOGE']"
2025-04-12 00:00:00+00:00,"['AAVE', 'INJ', 'TIA']","['BTC', 'SOL', 'DOGE']"
2025-04-13 00:00:00+00:00,"['BTC', 'ETH', 'TIA']","['SOL', 'AVAX', 'LINK']"
2025-04-14 00:00:00+00:00,"['BTC', 'ETH', 'TIA']","['SOL', 'AVAX', 'LINK']"
2025-04-15 00:00:00+00:00,"['BTC', 'ETH', 'TIA']","['SOL', 'AVAX', 'LINK']"
2025-04-16 00:00:00+00:00,"['BTC', 'ETH', 'TIA']","['SOL', 'AVAX', 'LINK']"
2025-04-17 00:00:00+00:00,"['BTC', 'ETH', 'TIA']","['SOL', 'AVAX', 'LINK']"
2025-04-18 00:00:00+00:00,"['BTC', 'ETH', 'TIA']","['SOL', 'AVAX', 'LINK']"
2025-04-19 00:00:00+00:00,"['BTC', 'ETH', 'TIA']","['SOL', 'AVAX', 'LINK']"
2025-04-20 00:00:00+00:00,"['ETH', 'DOGE', 'UNI']","['SOL', 'OP', 'INJ']"
2025-04-21 00:00:00+00:00,"['ETH', 'DOGE', 'UNI']","['SOL', 'OP', 'INJ']"
2025-04-22 00:00:00+00:00,"['ETH', 'DOGE', 'UNI']","['SOL', 'OP', 'INJ']"
2025-04-23 00:00:00+00:00,"['ETH', 'DOGE', 'UNI']","['SOL', 'OP', 'INJ']"
2025-04-24 00:00:00+00:00,"['ETH', 'DOGE', 'UNI']","['SOL', 'OP', 'INJ']"
2025-04-25 00:00:00+00:00,"['ETH', 'DOGE', 'UNI']","['SOL', 'OP', 'INJ']"
2025-04-26 00:00:00+00:00,"['ETH', 'DOGE', 'UNI']","['SOL', 'OP', 'INJ']"
2025-04-27 00:00:00+00:00,"['SOL', 'AVAX', 'UNI']","['AAVE', 'ARB', 'OP']"
2025-04-28 00:00:00+00:00,"['SOL', 'AVAX', 'UNI']","['AAVE', 'ARB', 'OP']"
2025-04-29 00:00:00+00:00,"['SOL', 'AVAX', 'UNI']","['AAVE', 'ARB', 'OP']"
2025-04-30 00:00:00+00:00,"['SOL', 'AVAX', 'UNI']","['AAVE', 'ARB', 'OP']"
2025-05-01 00:00:00+00:00,"['SOL', 'AVAX', 'UNI']","['AAVE', 'ARB', 'OP']"
2025-05-02 00:00:00+00:00,"['SOL', 'AVAX', 'UNI']","['AAVE', 'ARB', 'OP']"
2025-05-03 00:00:00+00:00,"['SOL', 'AVAX', 'UNI']","['AAVE', 'ARB', 'OP']"
2025-05-04 00:00:00+00:00,"['AVAX', 'OP', 'TIA']","['BTC', 'ETH', 'AAVE']"
2025-05-05 00:00:00+00:00,"['AVAX', 'OP', 'TIA']","['BTC', 'ETH', 'AAVE']"
2025-05-06 00:00:00+00:00,"['AVAX', 'OP', 'TIA']","['BTC', 'ETH', 'AAVE']"
2025-05-07 00:00:00+00:00,"['AVAX', 'OP', 'TIA']","['BTC', 'ETH', 'AAVE']"
2025-05-08 00:00:00+00:00,"['AVAX', 'OP', 'TIA']","['BTC', 'ETH', 'AAVE']"
2025-05-09 00:00:00+00:00,"['AVAX', 'OP', 'TIA']","['BTC', 'ETH', 'AAVE']"
2025-05-10 00:00:00+00:00,"['AVAX', 'OP', 'TIA']","['BTC', 'ETH', 'AAVE']"
2025-05-11 00:00:00+00:00,"['BTC', 'SOL', 'LINK']","['ARB', 'OP', 'INJ']"
2025-05-12 00:00:00+00:00,"['BTC', 'SOL', 'LINK']","['ARB', 'OP', 'INJ']"
2025-05-13 00:00:00+00:00,"['BTC', 'SOL', 'LINK']","['ARB', 'OP', 'INJ']"
2025-05-14 00:00:00+00:00,"['BTC', 'SOL', 'LINK']","['ARB', 'OP', 'INJ']"
2025-05-15 00:00:00+00:00,"['BTC', 'SOL', 'LINK']","['ARB', 'OP', 'INJ']"
2025-05-16 00:00:00+00:00,"['BTC', 'SOL', 'LINK']","['ARB', 'OP', 'INJ']"
2025-05-17 00:00:00+00:00,"['BTC', 'SOL', 'LINK']","['ARB', 'OP', 'INJ']"
2025-05-18 00:00:00+00:00,"['OP', 'UNI', 'TIA']","['BTC', 'AAVE', 'DOGE']"
2025-05-19 00:00:00+00:00,"['OP', 'UNI', 'TIA']","['BTC', 'AAVE', 'DOGE']"
2025-05-20 00:00:00+00:00,"['OP', 'UNI', 'TIA']","['BTC', 'AAVE', 'DOGE']"
2025-05-21 00:00:00+00:00,"['OP', 'UNI', 'TIA']","['BTC', 'AAVE', 'DOGE']"
2025-05-22 00:00:00+00:00,"['OP', 'UNI', 'TIA']","['BTC', 'AAVE', 'DOGE']"
2025-05-23 00:00:00+00:00,"['OP', 'UNI', 'TIA']","['BTC', 'AAVE', 'DOGE']"
2025-05-24 00:00:00+00:00,"['OP', 'UNI', 'TIA']","['BTC', 'AAVE', 'DOGE']"
2025-05-25 00:00:00+00:00,"['LINK', 'DOGE', 'TIA']","['SOL', 'AAVE', 'INJ']"
2025-05-26 00:00:00+00:00,"['LINK', 'DOGE', 'TIA']","['SOL', 'AAVE', 'INJ']"
2025-05-27 00:00:00+00:00,"['LINK', 'DOGE', 'TIA']","['SOL', 'AAVE', 'INJ']"
2025-05-28 00:00:00+00:00,"['LINK', 'DOGE', 'TIA']","['SOL', 'AAVE', 'INJ']"
2025-05-29 00:00:00+00:00,"['LINK', 'DOGE', 'TIA']","['SOL', 'AAVE', 'INJ']"
2025-05-30 00:00:00+00:00,"['LINK', 'DOGE', 'TIA']","['SOL', 'AAVE', 'INJ']"
2025-05-31 00:00:00+00:00,"['LINK', 'DOGE', 'TIA']","['SOL', 'AAVE', 'INJ']"
2025-06-01 00:00:00+00:00,"['ARB', 'INJ', 'TIA']","['BTC', 'ETH', 'UNI']"
2025-06-02 00:00:00+00:00,"['ARB', 'INJ', 'TIA']","['BTC', 'ETH', 'UNI']"
2025-06-03 00:00:00+00:00,"['ARB', 'INJ', 'TIA']","['BTC', 'ETH', 'UNI']"
2025-06-04 00:00:00+00:00,"['ARB', 'INJ', 'TIA']","['BTC', 'ETH', 'UNI']"
2025-06-05 00:00:00+00:00,"['ARB', 'INJ', 'TIA']","['BTC', 'ETH', 'UNI']"
2025-06-06 00:00:00+00:00,"['ARB', 'INJ', 'TIA']","['BTC', 'ETH', 'UNI']"
2025-06-07 00:00:00+00:00,"['ARB', 'INJ', 'TIA']","['BTC', 'ETH', 'UNI']"
2025-06-08 00:00:00+00:00,"['ARB', 'OP', 'TIA']","['BTC', 'AVAX', 'INJ']"
2025-06-09 00:00:00+00:00,"['ARB', 'OP', 'TIA']","['BTC', 'AVAX', 'INJ']"
2025-06-10 00:00:00+00:00,"['ARB', 'OP', 'TIA']","['BTC', 'AVAX', 'INJ']"
2025-06-11 00:00:00+00:00,"['ARB', 'OP', 'TIA']","['BTC', 'AVAX', 'INJ']"
2025-06-12 00:00:00+00:00,"['ARB', 'OP', 'TIA']","['BTC', 'AVAX', 'INJ']"
2025-06-13 00:00:00+00:00,"['ARB', 'OP', 'TIA']","['BTC', 'AVAX', 'INJ']"
2025-06-14 00:00:00+00:00,"['ARB', 'OP', 'TIA']","['BTC', 'AVAX', 'INJ']"
2025-06-15 00:00:00+00:00,"['ARB', 'INJ', 'TIA']","['BTC', 'ETH', 'SOL']"
2025-06-16 00:00:00+00:00,"['ARB', 'INJ', 'TIA']","['BTC', 'ETH', 'SOL']"
2025-06-17 00:00:00+00:00,"['ARB', 'INJ', 'TIA']","['BTC', 'ETH', 'SOL']"
2025-06-18 00:00:00+00:00,"['ARB', 'INJ', 'TIA']","['BTC', 'ETH', 'SOL']"
2025-06-19 00:00:00+00:00,"['ARB', 'INJ', 'TIA']","['BTC', 'ETH', 'SOL']"
2025-06-20 00:00:00+00:00,"['ARB', 'INJ', 'TIA']","['BTC', 'ETH', 'SOL']"
2025-06-21 00:00:00+00:00,"['ARB', 'INJ', 'TIA']","['BTC', 'ETH', 'SOL']"
2025-06-22 00:00:00+00:00,"['AAVE', 'UNI', 'TIA']","['BTC', 'LINK', 'DOGE']"
2025-06-23 00:00:00+00:00,"['AAVE', 'UNI', 'TIA']","['BTC', 'LINK', 'DOGE']"
2025-06-24 00:00:00+00:00,"['AAVE', 'UNI', 'TIA']","['BTC', 'LINK', 'DOGE']"
2025-06-25 00:00:00+00:00,"['AAVE', 'UNI', 'TIA']","['BTC', 'LINK', 'DOGE']"
2025-06-26 00:00:00+00:00,"['AAVE', 'UNI', 'TIA']","['BTC', 'LINK', 'DOGE']"
2025-06-27 00:00:00+00:00,"['AAVE', 'UNI', 'TIA']","['BTC', 'LINK', 'DOGE']"
2025-06-28 00:00:00+00:00,"['AAVE', 'UNI', 'TIA']","['BTC', 'LINK', 'DOGE']"
2025-06-29 00:00:00+00:00,"['LINK', 'INJ', 'TIA']","['AAVE', 'ARB', 'OP']"
2025-06-30 00:00:00+00:00,"['LINK', 'INJ', 'TIA']","['AAVE', 'ARB', 'OP']"
2025-07-01 00:00:00+00:00,"['LINK', 'INJ', 'TIA']","['AAVE', 'ARB', 'OP']"
2025-07-02 00:00:00+00:00,"['LINK', 'INJ', 'TIA']","['AAVE', 'ARB', 'OP']"
2025-07-03 00:00:00+00:00,"['LINK', 'INJ', 'TIA']","['AAVE', 'ARB', 'OP']"
2025-07-04 00:00:00+00:00,"['LINK', 'INJ', 'TIA']","['AAVE', 'ARB', 'OP']"
2025-07-05 00:00:00+00:00,"['LINK', 'INJ', 'TIA']","['AAVE', 'ARB', 'OP']"
2025-07-06 00:00:00+00:00,"['BTC', 'ARB', 'OP']","['AAVE', 'UNI', 'TIA']"
2025-07-07 00:00:00+00:00,"['BTC', 'ARB', 'OP']","['AAVE', 'UNI', 'TIA']"
2025-07-08 00:00:00+00:00,"['BTC', 'ARB', 'OP']","['AAVE', 'UNI', 'TIA']"
2025-07-09 00:00:00+00:00,"['BTC', 'ARB', 'OP']","['AAVE', 'UNI', 'TIA']"
2025-07-10 00:00:00+00:00,"['BTC', 'ARB', 'OP']","['AAVE', 'UNI', 'TIA']"
2025-07-11 00:00:00+00:00,"['BTC', 'ARB', 'OP']","['AAVE', 'UNI', 'TIA']"
2025-07-12 00:00:00+00:00,"['BTC', 'ARB', 'OP']","['AAVE', 'UNI', 'TIA']"
2025-07-13 00:00:00+00:00,"['BTC', 'SOL', 'AAVE']","['ARB', 'OP', 'INJ']"
2025-07-14 00:00:00+00:00,"['BTC', 'SOL', 'AAVE']","['ARB', 'OP', 'INJ']"
2025-07-15 00:00:00+00:00,"['BTC', 'SOL', 'AAVE']","['ARB', 'OP', 'INJ']"
2025-07-16 00:00:00+00:00,"['BTC', 'SOL', 'AAVE']","['ARB', 'OP', 'INJ']"
2025-07-17 00:00:00+00:00,"['BTC', 'SOL', 'AAVE']","['ARB', 'OP', 'INJ']"
2025-07-18 00:00:00+00:00,"['BTC', 'SOL', 'AAVE']","['ARB', 'OP', 'INJ']"
2025-07-19 00:00:00+00:00,"['BTC', 'SOL', 'AAVE']","['ARB', 'OP', 'INJ']"
2025-07-20 00:00:00+00:00,"['BTC', 'AAVE', 'TIA']","['ETH', 'LINK', 'DOGE']"
2025-07-21 00:00:00+00:00,"['BTC', 'AAVE', 'TIA']","['ETH', 'LINK', 'DOGE']"
2025-07-22 00:00:00+00:00,"['BTC', 'AAVE', 'TIA']","['ETH', 'LINK', 'DOGE']"
2025-07-23 00:00:00+00:00,"['BTC', 'AAVE', 'TIA']","['ETH', 'LINK', 'DOGE']"
2025-07-24 00:00:00+00:00,"['BTC', 'AAVE', 'TIA']","['ETH', 'LINK', 'DOGE']"
2025-07-25 00:00:00+00:00,"['BTC', 'AAVE', 'TIA']","['ETH', 'LINK', 'DOGE']"
2025-07-26 00:00:00+00:00,"['BTC', 'AAVE', 'TIA']","['ETH', 'LINK', 'DOGE']"
2025-07-27 00:00:00+00:00,"['SOL', 'OP', 'DOGE']","['ETH', 'UNI', 'INJ']"
2025-07-28 00:00:00+00:00,"['SOL', 'OP', 'DOGE']","['ETH', 'UNI', 'INJ']"
2025-07-29 00:00:00+00:00,"['SOL', 'OP', 'DOGE']","['ETH', 'UNI', 'INJ']"
2025-07-30 00:00:00+00:00,"['SOL', 'OP', 'DOGE']","['ETH', 'UNI', 'INJ']"
2025-07-31 00:00:00+00:00,"['SOL', 'OP', 'DOGE']","['ETH', 'UNI', 'INJ']"
2025-08-01 00:00:00+00:00,"['SOL', 'OP', 'DOGE']","['ETH', 'UNI', 'INJ']"
2025-08-02 00:00:00+00:00,"['SOL', 'OP', 'DOGE']","['ETH', 'UNI', 'INJ']"
2025-08-03 00:00:00+00:00,"['AVAX', 'UNI', 'TIA']","['BTC', 'ETH', 'INJ']"
2025-08-04 00:00:00+00:00,"['AVAX', 'UNI', 'TIA']","['BTC', 'ETH', 'INJ']"
2025-08-05 00:00:00+00:00,"['AVAX', 'UNI', 'TIA']","['BTC', 'ETH', 'INJ']"
2025-08-06 00:00:00+00:00,"['AVAX', 'UNI', 'TIA']","['BTC', 'ETH', 'INJ']"
2025-08-07 00:00:00+00:00,"['AVAX', 'UNI', 'TIA']","['BTC', 'ETH', 'INJ']"
2025-08-08 00:00:00+00:00,"['AVAX', 'UNI', 'TIA']","['BTC', 'ETH', 'INJ']"
2025-08-09 00:00:00+00:00,"['AVAX', 'UNI', 'TIA']","['BTC', 'ETH', 'INJ']"
2025-08-10 00:00:00+00:00,"['BTC', 'AVAX', 'INJ']","['LINK', 'AAVE', 'ARB']"
2025-08-11 00:00:00+00:00,"['BTC', 'AVAX', 'INJ']","['LINK', 'AAVE', 'ARB']"
2025-08-12 00:00:00+00:00,"['BTC', 'AVAX', 'INJ']","['LINK', 'AAVE', 'ARB']"
2025-08-13 00:00:00+00:00,"['BTC', 'AVAX', 'INJ']","['LINK', 'AAVE', 'ARB']"
2025-08-14 00:00:00+00:00,"['BTC', 'AVAX', 'INJ']","['LINK', 'AAVE', 'ARB']"
2025-08-15 00:00:00+00:00,"['BTC', 'AVAX', 'INJ']","['LINK', 'AAVE', 'ARB']"
2025-08-16 00:00:00+00:00,"['BTC', 'AVAX', 'INJ']","['LINK', 'AAVE', 'ARB']"
2025-08-17 00:00:00+00:00,"['AAVE', 'OP', 'UNI']","['LINK', 'ARB', 'INJ']"
2025-08-18 00:00:00+00:00,"['AAVE', 'OP', 'UNI']","['LINK', 'ARB', 'INJ']"
2025-08-19 00:00:00+00:00,"['AAVE', 'OP', 'UNI']","['LINK', 'ARB', 'INJ']"
2025-08-20 00:00:00+00:00,"['AAVE', 'OP', 'UNI']","['LINK', 'ARB', 'INJ']"
2025-08-21 00:00:00+00:00,"['AAVE', 'OP', 'UNI']","['LINK', 'ARB', 'INJ']"
2025-08-22 00:00:00+00:00,"['AAVE', 'OP', 'UNI']","['LINK', 'ARB', 'INJ']"
2025-08-23 00:00:00+00:00,"['AAVE', 'OP', 'UNI']","['LINK', 'ARB', 'INJ']"
2025-08-24 00:00:00+00:00,"['BTC', 'INJ', 'TIA']","['ETH', 'AAVE', 'ARB']"
2025-08-25 00:00:00+00:00,"['BTC', 'INJ', 'TIA']","['ETH', 'AAVE', 'ARB']"
2025-08-26 00:00:00+00:00,"['BTC', 'INJ', 'TIA']","['ETH', 'AAVE', 'ARB']"
2025-08-27 00:00:00+00:00,"['BTC', 'INJ', 'TIA']","['ETH', 'AAVE', 'ARB']"
2025-08-28 00:00:00+00:00,"['BTC', 'INJ', 'TIA']","['ETH', 'AAVE', 'ARB']"
2025-08-29 00:00:00+00:00,"['BTC', 'INJ', 'TIA']","['ETH', 'AAVE', 'ARB']"
2025-08-30 00:00:00+00:00,"['BTC', 'INJ', 'TIA']","['ETH', 'AAVE', 'ARB']"
2025-08-31 00:00:00+00:00,"['AAVE', 'ARB', 'INJ']","['SOL', 'OP', 'DOGE']"
2025-09-01 00:00:00+00:00,"['AAVE', 'ARB', 'INJ']","['SOL', 'OP', 'DOGE']"
2025-09-02 00:00:00+00:00,"['AAVE', 'ARB', 'INJ']","['SOL', 'OP', 'DOGE']"
2025-09-03 00:00:00+00:00,"['AAVE', 'ARB', 'INJ']","['SOL', 'OP', 'DOGE']"
2025-09-04 00:00:00+00:00,"['AAVE', 'ARB', 'INJ']","['SOL', 'OP', 'DOGE']"
2025-09-05 00:00:00+00:00,"['AAVE', 'ARB', 'INJ']","['SOL', 'OP', 'DOGE']"
2025-09-06 00:00:00+00:00,"['AAVE', 'ARB', 'INJ']","['SOL', 'OP', 'DOGE']"
2025-09-07 00:00:00+00:00,"['LINK', 'AAVE', 'UNI']","['OP', 'DOGE', 'TIA']"
2025-09-08 00:00:00+00:00,"['LINK', 'AAVE', 'UNI']","['OP', 'DOGE', 'TIA']"
2025-09-09 00:00:00+00:00,"['LINK', 'AAVE', 'UNI']","['OP', 'DOGE', 'TIA']"
2025-09-10 00:00:00+00:00,"['LINK', 'AAVE', 'UNI']","['OP', 'DOGE', 'TIA']"
2025-09-11 00:00:00+00:00,"['LINK', 'AAVE', 'UNI']","['OP', 'DOGE', 'TIA']"
2025-09-12 00:00:00+00:00,"['LINK', 'AAVE', 'UNI']","['OP', 'DOGE', 'TIA']"
2025-09-13 00:00:00+00:00,"['LINK', 'AAVE', 'UNI']","['OP', 'DOGE', 'TIA']"
2025-09-14 00:00:00+00:00,"['ARB', 'UNI', 'TIA']","['SOL', 'AVAX', 'DOGE']"
2025-09-15 00:00:00+00:00,"['ARB', 'UNI', 'TIA']","['SOL', 'AVAX', 'DOGE']"
2025-09-16 00:00:00+00:00,"['ARB', 'UNI', 'TIA']","['SOL', 'AVAX', 'DOGE']"
2025-09-17 00:00:00+00:00,"['ARB', 'UNI', 'TIA']","['SOL', 'AVAX', 'DOGE']"
2025-09-18 00:00:00+00:00,"['ARB', 'UNI', 'TIA']","['SOL', 'AVAX', 'DOGE']"
2025-09-19 00:00:00+00:00,"['ARB', 'UNI', 'TIA']","['SOL', 'AVAX', 'DOGE']"
2025-09-20 00:00:00+00:00,"['ARB', 'UNI', 'TIA']","['SOL', 'AVAX', 'DOGE']"
2025-09-21 00:00:00+00:00,"['ARB', 'DOGE', 'UNI']","['SOL', 'AVAX', 'OP']"
2025-09-22 00:00:00+00:00,"['ARB', 'DOGE', 'UNI']","['SOL', 'AVAX', 'OP']"
2025-09-23 00:00:00+00:00,"['ARB', 'DOGE', 'UNI']","['SOL', 'AVAX', 'OP']"
2025-09-24 00:00:00+00:00,"['ARB', 'DOGE', 'UNI']","['SOL', 'AVAX', 'OP']"
2025-09-25 00:00:00+00:00,"['ARB', 'DOGE', 'UNI']","['SOL', 'AVAX', 'OP']"
2025-09-26 00:00:00+00:00,"['ARB', 'DOGE', 'UNI']","['SOL', 'AVAX', 'OP']"
2025-09-27 00:00:00+00:00,"['ARB', 'DOGE', 'UNI']","['SOL', 'AVAX', 'OP']"
2025-09-28 00:00:00+00:00,"['AVAX', 'UNI', 'TIA']","['BTC', 'LINK', 'AAVE']"
2025-09-29 00:00:00+00:00,"['AVAX', 'UNI', 'TIA']","['BTC', 'LINK', 'AAVE']"
2025-09-30 00:00:00+00:00,"['AVAX', 'UNI', 'TIA']","['BTC', 'LINK', 'AAVE']"
2025-10-01 00:00:00+00:00,"['AVAX', 'UNI', 'TIA']","['BTC', 'LINK', 'AAVE']"
2025-10-02 00:00:00+00:00,"['AVAX', 'UNI', 'TIA']","['BTC', 'LINK', 'AAVE']"
2025-10-03 00:00:00+00:00,"['AVAX', 'UNI', 'TIA']","['BTC', 'LINK', 'AAVE']"
2025-10-04 00:00:00+00:00,"['AVAX', 'UNI', 'TIA']","['BTC', 'LINK', 'AAVE']"
2025-10-05 00:00:00+00:00,"['AVAX', 'LINK', 'ARB']","['ETH', 'SOL', 'DOGE']"
2025-10-06 00:00:00+00:00,"['AVAX', 'LINK', 'ARB']","['ETH', 'SOL', 'DOGE']"
2025-10-07 00:00:00+00:00,"['AVAX', 'LINK', 'ARB']","['ETH', 'SOL', 'DOGE']"
2025-10-08 00:00:00+00:00,"['AVAX', 'LINK', 'ARB']","['ETH', 'SOL', 'DOGE']"
2025-10-09 00:00:00+00:00,"['AVAX', 'LINK', 'ARB']","['ETH', 'SOL', 'DOGE']"
2025-10-10 00:00:00+00:00,"['AVAX', 'LINK', 'ARB']","['ETH', 'SOL', 'DOGE']"
2025-10-11 00:00:00+00:00,"['AVAX', 'LINK', 'ARB']","['ETH', 'SOL', 'DOGE']"
2025-10-12 00:00:00+00:00,"['OP', 'INJ', 'TIA']","['BTC', 'ETH', 'AAVE']"
2025-10-13 00:00:00+00:00,"['OP', 'INJ', 'TIA']","['BTC', 'ETH', 'AAVE']"
2025-10-14 00:00:00+00:00,"['OP', 'INJ', 'TIA']","['BTC', 'ETH', 'AAVE']"
2025-10-15 00:00:00+00:00,"['OP', 'INJ', 'TIA']","['BTC', 'ETH', 'AAVE']"
2025-10-16 00:00:00+00:00,"['OP', 'INJ', 'TIA']","['BTC', 'ETH', 'AAVE']"
2025-10-17 00:00:00+00:00,"['OP', 'INJ', 'TIA']","['BTC', 'ETH', 'AAVE']"
2025-10-18 00:00:00+00:00,"['OP', 'INJ', 'TIA']","['BTC', 'ETH', 'AAVE']"
2025-10-19 00:00:00+00:00,"['AAVE', 'INJ', 'TIA']","['BTC', 'ETH', 'DOGE']"
2025-10-20 00:00:00+00:00,"['AAVE', 'INJ', 'TIA']","['BTC', 'ETH', 'DOGE']"
2025-10-21 00:00:00+00:00,"['AAVE', 'INJ', 'TIA']","['BTC', 'ETH', 'DOGE']"
2025-10-22 00:00:00+00:00,"['AAVE', 'INJ', 'TIA']","['BTC', 'ETH', 'DOGE']"
2025-10-23 00:00:00+00:00,"['AAVE', 'INJ', 'TIA']","['BTC', 'ETH', 'DOGE']"
2025-10-24 00:00:00+00:00,"['AAVE', 'INJ', 'TIA']","['BTC', 'ETH', 'DOGE']"
2025-10-25 00:00:00+00:00,"['AAVE', 'INJ', 'TIA']","['BTC', 'ETH', 'DOGE']"
2025-10-26 00:00:00+00:00,"['BTC', 'LINK', 'DOGE']","['SOL', 'AAVE', 'ARB']"
2025-10-27 00:00:00+00:00,"['BTC', 'LINK', 'DOGE']","['SOL', 'AAVE', 'ARB']"
2025-10-28 00:00:00+00:00,"['BTC', 'LINK', 'DOGE']","['SOL', 'AAVE', 'ARB']"
2025-10-29 00:00:00+00:00,"['BTC', 'LINK', 'DOGE']","['SOL', 'AAVE', 'ARB']"
2025-10-30 00:00:00+00:00,"['BTC', 'LINK', 'DOGE']","['SOL', 'AAVE', 'ARB']"
2025-10-31 00:00:00+00:00,"['BTC', 'LINK', 'DOGE']","['SOL', 'AAVE', 'ARB']"
2025-11-01 00:00:00+00:00,"['BTC', 'LINK', 'DOGE']","['SOL', 'AAVE', 'ARB']"
2025-11-02 00:00:00+00:00,"['UNI', 'INJ', 'TIA']","['ETH', 'LINK', 'AAVE']"
2025-11-03 00:00:00+00:00,"['UNI', 'INJ', 'TIA']","['ETH', 'LINK', 'AAVE']"
2025-11-04 00:00:00+00:00,"['UNI', 'INJ', 'TIA']","['ETH', 'LINK', 'AAVE']"
2025-11-05 00:00:00+00:00,"['UNI', 'INJ', 'TIA']","['ETH', 'LINK', 'AAVE']"
2025-11-06 00:00:00+00:00,"['UNI', 'INJ', 'TIA']","['ETH', 'LINK', 'AAVE']"
2025-11-07 00:00:00+00:00,"['UNI', 'INJ', 'TIA']","['ETH', 'LINK', 'AAVE']"
2025-11-08 00:00:00+00:00,"['UNI', 'INJ', 'TIA']","['ETH', 'LINK', 'AAVE']"
2025-11-09 00:00:00+00:00,"['BTC', 'SOL', 'LINK']","['OP', 'UNI', 'TIA']"
2025-11-10 00:00:00+00:00,"['BTC', 'SOL', 'LINK']","['OP', 'UNI', 'TIA']"
2025-11-11 00:00:00+00:00,"['BTC', 'SOL', 'LINK']","['OP', 'UNI', 'TIA']"
2025-11-12 00:00:00+00:00,"['BTC', 'SOL', 'LINK']","['OP', 'UNI', 'TIA']"
2025-11-13 00:00:00+00:00,"['BTC', 'SOL', 'LINK']","['OP', 'UNI', 'TIA']"
2025-11-14 00:00:00+00:00,"['BTC', 'SOL', 'LINK']","['OP', 'UNI', 'TIA']"
2025-11-15 00:00:00+00:00,"['BTC', 'SOL', 'LINK']","['OP', 'UNI', 'TIA']"
2025-11-16 00:00:00+00:00,"['AAVE', 'ARB', 'INJ']","['BTC', 'OP', 'DOGE']"
2025-11-17 00:00:00+00:00,"['AAVE', 'ARB', 'INJ']","['BTC', 'OP', 'DOGE']"
2025-11-18 00:00:00+00:00,"['AAVE', 'ARB', 'INJ']","['BTC', 'OP', 'DOGE']"
2025-11-19 00:00:00+00:00,"['AAVE', 'ARB', 'INJ']","['BTC', 'OP', 'DOGE']"
2025-11-20 00:00:00+00:00,"['AAVE', 'ARB', 'INJ']","['BTC', 'OP', 'DOGE']"
2025-11-21 00:00:00+00:00,"['AAVE', 'ARB', 'INJ']","['BTC', 'OP', 'DOGE']"
2025-11-22 00:00:00+00:00,"['AAVE', 'ARB', 'INJ']","['BTC', 'OP', 'DOGE']"
2025-11-23 00:00:00+00:00,"['OP', 'INJ', 'TIA']","['BTC', 'SOL', 'AAVE']"
2025-11-24 00:00:00+00:00,"['OP', 'INJ', 'TIA']","['BTC', 'SOL', 'AAVE']"
2025-11-25 00:00:00+00:00,"['OP', 'INJ', 'TIA']","['BTC', 'SOL', 'AAVE']"
2025-11-26 00:00:00+00:00,"['OP', 'INJ', 'TIA']","['BTC', 'SOL', 'AAVE']"
2025-11-27 00:00:00+00:00,"['OP', 'INJ', 'TIA']","['BTC', 'SOL', 'AAVE']"
2025-11-28 00:00:00+00:00,"['OP', 'INJ', 'TIA']","['BTC', 'SOL', 'AAVE']"
2025-11-29 00:00:00+00:00,"['OP', 'INJ', 'TIA']","['BTC', 'SOL', 'AAVE']"
2025-11-30 00:00:00+00:00,"['SOL', 'DOGE', 'INJ']","['BTC', 'ETH', 'TIA']"
2025-12-01 00:00:00+00:00,"['SOL', 'DOGE', 'INJ']","['BTC', 'ETH', 'TIA']"
2025-12-02 00:00:00+00:00,"['SOL', 'DOGE', 'INJ']","['BTC', 'ETH', 'TIA']"
2025-12-03 00:00:00+00:00,"['SOL', 'DOGE', 'INJ']","['BTC', 'ETH', 'TIA']"
2025-12-04 00:00:00+00:00,"['SOL', 'DOGE', 'INJ']","['BTC', 'ETH', 'TIA']"
2025-12-05 00:00:00+00:00,"['SOL', 'DOGE', 'INJ']","['BTC', 'ETH', 'TIA']"
2025-12-06 00:00:00+00:00,"['SOL', 'DOGE', 'INJ']","['BTC', 'ETH', 'TIA']"
2025-12-07 00:00:00+00:00,"['UNI', 'INJ', 'TIA']","['ETH', 'AVAX', 'LINK']"
2025-12-08 00:00:00+00:00,"['UNI', 'INJ', 'TIA']","['ETH', 'AVAX', 'LINK']"
2025-12-09 00:00:00+00:00,"['UNI', 'INJ', 'TIA']","['ETH', 'AVAX', 'LINK']"
2025-12-10 00:00:00+00:00,"['UNI', 'INJ', 'TIA']","['ETH', 'AVAX', 'LINK']"
2025-12-11 00:00:00+00:00,"['UNI', 'INJ', 'TIA']","['ETH', 'AVAX', 'LINK']"
2025-12-12 00:00:00+00:00,"['UNI', 'INJ', 'TIA']","['ETH', 'AVAX', 'LINK']"
2025-12-13 00:00:00+00:00,"['UNI', 'INJ', 'TIA']","['ETH', 'AVAX', 'LINK']"
2025-12-14 00:00:00+00:00,"['AVAX', 'INJ', 'TIA']","['BTC', 'SOL', 'AAVE']"
2025-12-15 00:00:00+00:00,"['AVAX', 'INJ', 'TIA']","['BTC', 'SOL', 'AAVE']"
2025-12-16 00:00:00+00:00,"['AVAX', 'INJ', 'TIA']","['BTC', 'SOL', 'AAVE']"
2025-12-17 00:00:00+00:00,"['AVAX', 'INJ', 'TIA']","['BTC', 'SOL', 'AAVE']"
2025-12-18 00:00:00+00:00,"['AVAX', 'INJ', 'TIA']","['BTC', 'SOL', 'AAVE']"
2025-12-19 00:00:00+00:00,"['AVAX', 'INJ', 'TIA']","['BTC', 'SOL', 'AAVE']"
2025-12-20 00:00:00+00:00,"['AVAX', 'INJ', 'TIA']","['BTC', 'SOL', 'AAVE']"
2025-12-21 00:00:00+00:00,"['AAVE', 'INJ', 'TIA']","['BTC', 'ETH', 'UNI']"
2025-12-22 00:00:00+00:00,"['AAVE', 'INJ', 'TIA']","['BTC', 'ETH', 'UNI']"
2025-12-23 00:00:00+00:00,"['AAVE', 'INJ', 'TIA']","['BTC', 'ETH', 'UNI']"
2025-12-24 00:00:00+00:00,"['AAVE', 'INJ', 'TIA']","['BTC', 'ETH', 'UNI']"
2025-12-25 00:00:00+00:00,"['AAVE', 'INJ', 'TIA']","['BTC', 'ETH', 'UNI']"
2025-12-26 00:00:00+00:00,"['AAVE', 'INJ', 'TIA']","['BTC', 'ETH', 'UNI']"
2025-12-27 00:00:00+00:00,"['AAVE', 'INJ', 'TIA']","['BTC', 'ETH', 'UNI']"
2025-12-28 00:00:00+00:00,"['BTC', 'ETH', 'DOGE']","['AVAX', 'UNI', 'TIA']"
2025-12-29 00:00:00+00:00,"['BTC', 'ETH', 'DOGE']","['AVAX', 'UNI', 'TIA']"
2025-12-30 00:00:00+00:00,"['BTC', 'ETH', 'DOGE']","['AVAX', 'UNI', 'TIA']"
2025-12-31 00:00:00+00:00,"['BTC', 'ETH', 'DOGE']","['AVAX', 'UNI', 'TIA']"
2026-01-01 00:00:00+00:00,"['BTC', 'ETH', 'DOGE']","['AVAX', 'UNI', 'TIA']"
2026-01-02 00:00:00+00:00,"['BTC', 'ETH', 'DOGE']","['AVAX', 'UNI', 'TIA']"
2026-01-03 00:00:00+00:00,"['BTC', 'ETH', 'DOGE']","['AVAX', 'UNI', 'TIA']"
2026-01-04 00:00:00+00:00,"['BTC', 'ETH', 'UNI']","['OP', 'DOGE', 'TIA']"
2026-01-05 00:00:00+00:00,"['BTC', 'ETH', 'UNI']","['OP', 'DOGE', 'TIA']"
2026-01-06 00:00:00+00:00,"['BTC', 'ETH', 'UNI']","['OP', 'DOGE', 'TIA']"
2026-01-07 00:00:00+00:00,"['BTC', 'ETH', 'UNI']","['OP', 'DOGE', 'TIA']"
2026-01-08 00:00:00+00:00,"['BTC', 'ETH', 'UNI']","['OP', 'DOGE', 'TIA']"
2026-01-09 00:00:00+00:00,"['BTC', 'ETH', 'UNI']","['OP', 'DOGE', 'TIA']"
2026-01-10 00:00:00+00:00,"['BTC', 'ETH', 'UNI']","['OP', 'DOGE', 'TIA']"
2026-01-11 00:00:00+00:00,"['ARB', 'DOGE', 'UNI']","['BTC', 'SOL', 'AAVE']"
2026-01-12 00:00:00+00:00,"['ARB', 'DOGE', 'UNI']","['BTC', 'SOL', 'AAVE']"
2026-01-13 00:00:00+00:00,"['ARB', 'DOGE', 'UNI']","['BTC', 'SOL', 'AAVE']"
2026-01-14 00:00:00+00:00,"['ARB', 'DOGE', 'UNI']","['BTC', 'SOL', 'AAVE']"
2026-01-15 00:00:00+00:00,"['ARB', 'DOGE', 'UNI']","['BTC', 'SOL', 'AAVE']"
2026-01-16 00:00:00+00:00,"['ARB', 'DOGE', 'UNI']","['BTC', 'SOL', 'AAVE']"
2026-01-17 00:00:00+00:00,"['ARB', 'DOGE', 'UNI']","['BTC', 'SOL', 'AAVE']"
2026-01-18 00:00:00+00:00,"['AVAX', 'INJ', 'TIA']","['BTC', 'ETH', 'AAVE']"
2026-01-19 00:00:00+00:00,"['AVAX', 'INJ', 'TIA']","['BTC', 'ETH', 'AAVE']"
2026-01-20 00:00:00+00:00,"['AVAX', 'INJ', 'TIA']","['BTC', 'ETH', 'AAVE']"
2026-01-21 00:00:00+00:00,"['AVAX', 'INJ', 'TIA']","['BTC', 'ETH', 'AAVE']"
2026-01-22 00:00:00+00:00,"['AVAX', 'INJ', 'TIA']","['BTC', 'ETH', 'AAVE']"
2026-01-23 00:00:00+00:00,"['AVAX', 'INJ', 'TIA']","['BTC', 'ETH', 'AAVE']"
2026-01-24 00:00:00+00:00,"['AVAX', 'INJ', 'TIA']","['BTC', 'ETH', 'AAVE']"
2026-01-25 00:00:00+00:00,"['SOL', 'ARB', 'TIA']","['BTC', 'DOGE', 'UNI']"
2026-01-26 00:00:00+00:00,"['SOL', 'ARB', 'TIA']","['BTC', 'DOGE', 'UNI']"
2026-01-27 00:00:00+00:00,"['SOL', 'ARB', 'TIA']","['BTC', 'DOGE', 'UNI']"
2026-01-28 00:00:00+00:00,"['SOL', 'ARB', 'TIA']","['BTC', 'DOGE', 'UNI']"
2026-01-29 00:00:00+00:00,"['SOL', 'ARB', 'TIA']","['BTC', 'DOGE', 'UNI']"
2026-01-30 00:00:00+00:00,"['SOL', 'ARB', 'TIA']","['BTC', 'DOGE', 'UNI']"
2026-01-31 00:00:00+00:00,"['SOL', 'ARB', 'TIA']","['BTC', 'DOGE', 'UNI']"
2026-02-01 00:00:00+00:00,"['ETH', 'AAVE', 'OP']","['BTC', 'AVAX', 'DOGE']"
2026-02-02 00:00:00+00:00,"['ETH', 'AAVE', 'OP']","['BTC', 'AVAX', 'DOGE']"
2026-02-03 00:00:00+00:00,"['ETH', 'AAVE', 'OP']","['BTC', 'AVAX', 'DOGE']"
2026-02-04 00:00:00+00:00,"['ETH', 'AAVE', 'OP']","['BTC', 'AVAX', 'DOGE']"
2026-02-05 00:00:00+00:00,"['ETH', 'AAVE', 'OP']","['BTC', 'AVAX', 'DOGE']"
2026-02-06 00:00:00+00:00,"['ETH', 'AAVE', 'OP']","['BTC', 'AVAX', 'DOGE']"
2026-02-07 00:00:00+00:00,"['ETH', 'AAVE', 'OP']","['BTC', 'AVAX', 'DOGE']"
2026-02-08 00:00:00+00:00,"['SOL', 'ARB', 'INJ']","['BTC', 'ETH', 'LINK']"
2026-02-09 00:00:00+00:00,"['SOL', 'ARB', 'INJ']","['BTC', 'ETH', 'LINK']"
2026-02-10 00:00:00+00:00,"['SOL', 'ARB', 'INJ']","['BTC', 'ETH', 'LINK']"
2026-02-11 00:00:00+00:00,"['SOL', 'ARB', 'INJ']","['BTC', 'ETH', 'LINK']"
2026-02-12 00:00:00+00:00,"['SOL', 'ARB', 'INJ']","['BTC', 'ETH', 'LINK']"
2026-02-13 00:00:00+00:00,"['SOL', 'ARB', 'INJ']","['BTC', 'ETH', 'LINK']"
2026-02-14 00:00:00+00:00,"['SOL', 'ARB', 'INJ']","['BTC', 'ETH', 'LINK']"
2026-02-15 00:00:00+00:00,"['BTC', 'ETH', 'LINK']","['AAVE', 'DOGE', 'TIA']"
2026-02-16 00:00:00+00:00,"['BTC', 'ETH', 'LINK']","['AAVE', 'DOGE', 'TIA']"
2026-02-17 00:00:00+00:00,"['BTC', 'ETH', 'LINK']","['AAVE', 'DOGE', 'TIA']"
2026-02-18 00:00:00+00:00,"['BTC', 'ETH', 'LINK']","['AAVE', 'DOGE', 'TIA']"
2026-02-19 00:00:00+00:00,"['BTC', 'ETH', 'LINK']","['AAVE', 'DOGE', 'TIA']"
2026-02-20 00:00:00+00:00,"['BTC', 'ETH', 'LINK']","['AAVE', 'DOGE', 'TIA']"
2026-02-21 00:00:00+00:00,"['BTC', 'ETH', 'LINK']","['AAVE', 'DOGE', 'TIA']"
2026-02-22 00:00:00+00:00,"['ARB', 'OP', 'TIA']","['BTC', 'UNI', 'INJ']"
2026-02-23 00:00:00+00:00,"['ARB', 'OP', 'TIA']","['BTC', 'UNI', 'INJ']"
2026-02-24 00:00:00+00:00,"['ARB', 'OP', 'TIA']","['BTC', 'UNI', 'INJ']"
2026-02-25 00:00:00+00:00,"['ARB', 'OP', 'TIA']","['BTC', 'UNI', 'INJ']"
2026-02-26 00:00:00+00:00,"['ARB', 'OP', 'TIA']","['BTC', 'UNI', 'INJ']"
2026-02-27 00:00:00+00:00,"['ARB', 'OP', 'TIA']","['BTC', 'UNI', 'INJ']"
2026-02-28 00:00:00+00:00,"['ARB', 'OP', 'TIA']","['BTC', 'UNI', 'INJ']"
2026-03-01 00:00:00+00:00,"['AAVE', 'DOGE', 'INJ']","['AVAX', 'ARB', 'UNI']"
2026-03-02 00:00:00+00:00,"['AAVE', 'DOGE', 'INJ']","['AVAX', 'ARB', 'UNI']"
2026-03-03 00:00:00+00:00,"['AAVE', 'DOGE', 'INJ']","['AVAX', 'ARB', 'UNI']"
2026-03-04 00:00:00+00:00,"['AAVE', 'DOGE', 'INJ']","['AVAX', 'ARB', 'UNI']"
2026-03-05 00:00:00+00:00,"['AAVE', 'DOGE', 'INJ']","['AVAX', 'ARB', 'UNI']"
2026-03-06 00:00:00+00:00,"['AAVE', 'DOGE', 'INJ']","['AVAX', 'ARB', 'UNI']"
2026-03-07 00:00:00+00:00,"['AAVE', 'DOGE', 'INJ']","['AVAX', 'ARB', 'UNI']"
2026-03-08 00:00:00+00:00,"['ARB', 'OP', 'INJ']","['ETH', 'LINK', 'DOGE']"
2026-03-09 00:00:00+00:00,"['ARB', 'OP', 'INJ']","['ETH', 'LINK', 'DOGE']"
2026-03-10 00:00:00+00:00,"['ARB', 'OP', 'INJ']","['ETH', 'LINK', 'DOGE']"
2026-03-11 00:00:00+00:00,"['ARB', 'OP', 'INJ']","['ETH', 'LINK', 'DOGE']"
2026-03-12 00:00:00+00:00,"['ARB', 'OP', 'INJ']","['ETH', 'LINK', 'DOGE']"
2026-03-13 00:00:00+00:00,"['ARB', 'OP', 'INJ']","['ETH', 'LINK', 'DOGE']"
2026-03-14 00:00:00+00:00,"['ARB', 'OP', 'INJ']","['ETH', 'LINK', 'DOGE']"
2026-03-15 00:00:00+00:00,"['BTC', 'AAVE', 'DOGE']","['SOL', 'OP', 'TIA']"
2026-03-16 00:00:00+00:00,"['BTC', 'AAVE', 'DOGE']","['SOL', 'OP', 'TIA']"
2026-03-17 00:00:00+00:00,"['BTC', 'AAVE', 'DOGE']","['SOL', 'OP', 'TIA']"
2026-03-18 00:00:00+00:00,"['BTC', 'AAVE', 'DOGE']","['SOL', 'OP', 'TIA']"
2026-03-19 00:00:00+00:00,"['BTC', 'AAVE', 'DOGE']","['SOL', 'OP', 'TIA']"
2026-03-20 00:00:00+00:00,"['BTC', 'AAVE', 'DOGE']","['SOL', 'OP', 'TIA']"
2026-03-21 00:00:00+00:00,"['BTC', 'AAVE', 'DOGE']","['SOL', 'OP', 'TIA']"
2026-03-22 00:00:00+00:00,"['ARB', 'OP', 'TIA']","['BTC', 'SOL', 'INJ']"
2026-03-23 00:00:00+00:00,"['ARB', 'OP', 'TIA']","['BTC', 'SOL', 'INJ']"
2026-03-24 00:00:00+00:00,"['ARB', 'OP', 'TIA']","['BTC', 'SOL', 'INJ']"
2026-03-25 00:00:00+00:00,"['ARB', 'OP', 'TIA']","['BTC', 'SOL', 'INJ']"
2026-03-26 00:00:00+00:00,"['ARB', 'OP', 'TIA']","['BTC', 'SOL', 'INJ']"
2026-03-27 00:00:00+00:00,"['ARB', 'OP', 'TIA']","['BTC', 'SOL', 'INJ']"
2026-03-28 00:00:00+00:00,"['ARB', 'OP', 'TIA']","['BTC', 'SOL', 'INJ']"
2026-03-29 00:00:00+00:00,"['AVAX', 'AAVE', 'TIA']","['BTC', 'DOGE', 'UNI']"
2026-03-30 00:00:00+00:00,"['AVAX', 'AAVE', 'TIA']","['BTC', 'DOGE', 'UNI']"
2026-03-31 00:00:00+00:00,"['AVAX', 'AAVE', 'TIA']","['BTC', 'DOGE', 'UNI']"
2026-04-01 00:00:00+00:00,"['AVAX', 'AAVE', 'TIA']","['BTC', 'DOGE', 'UNI']"
2026-04-02 00:00:00+00:00,"['AVAX', 'AAVE', 'TIA']","['BTC', 'DOGE', 'UNI']"
2026-04-03 00:00:00+00:00,"['AVAX', 'AAVE', 'TIA']","['BTC', 'DOGE', 'UNI']"
2026-04-04 00:00:00+00:00,"['AVAX', 'AAVE', 'TIA']","['BTC', 'DOGE', 'UNI']"
2026-04-05 00:00:00+00:00,"['AAVE', 'UNI', 'TIA']","['BTC', 'AVAX', 'ARB']"
2026-04-06 00:00:00+00:00,"['AAVE', 'UNI', 'TIA']","['BTC', 'AVAX', 'ARB']"
2026-04-07 00:00:00+00:00,"['AAVE', 'UNI', 'TIA']","['BTC', 'AVAX', 'ARB']"
2026-04-08 00:00:00+00:00,"['AAVE', 'UNI', 'TIA']","['BTC', 'AVAX', 'ARB']"
2026-04-09 00:00:00+00:00,"['AAVE', 'UNI', 'TIA']","['BTC', 'AVAX', 'ARB']"
2026-04-10 00:00:00+00:00,"['AAVE', 'UNI', 'TIA']","['BTC', 'AVAX', 'ARB']"
2026-04-11 00:00:00+00:00,"['AAVE', 'UNI', 'TIA']","['BTC', 'AVAX', 'ARB']"
2026-04-12 00:00:00+00:00,"['AAVE', 'OP', 'UNI']","['BTC', 'ETH', 'ARB']"
2026-04-13 00:00:00+00:00,"['AAVE', 'OP', 'UNI']","['BTC', 'ETH', 'ARB']"
2026-04-14 00:00:00+00:00,"['AAVE', 'OP', 'UNI']","['BTC', 'ETH', 'ARB']"
2026-04-15 00:00:00+00:00,"['AAVE', 'OP', 'UNI']","['BTC', 'ETH', 'ARB']"
2026-04-16 00:00:00+00:00,"['AAVE', 'OP', 'UNI']","['BTC', 'ETH', 'ARB']"
2026-04-17 00:00:00+00:00,"['AAVE', 'OP', 'UNI']","['BTC', 'ETH', 'ARB']"
2026-04-18 00:00:00+00:00,"['AAVE', 'OP', 'UNI']","['BTC', 'ETH', 'ARB']"
2026-04-19 00:00:00+00:00,"['ETH', 'AVAX', 'AAVE']","['ARB', 'OP', 'TIA']"
2026-04-20 00:00:00+00:00,"['ETH', 'AVAX', 'AAVE']","['ARB', 'OP', 'TIA']"
2026-04-21 00:00:00+00:00,"['ETH', 'AVAX', 'AAVE']","['ARB', 'OP', 'TIA']"
2026-04-22 00:00:00+00:00,"['ETH', 'AVAX', 'AAVE']","['ARB', 'OP', 'TIA']"
2026-04-23 00:00:00+00:00,"['ETH', 'AVAX', 'AAVE']","['ARB', 'OP', 'TIA']"
2026-04-24 00:00:00+00:00,"['ETH', 'AVAX', 'AAVE']","['ARB', 'OP', 'TIA']"
2026-04-25 00:00:00+00:00,"['ETH', 'AVAX', 'AAVE']","['ARB', 'OP', 'TIA']"
2026-04-26 00:00:00+00:00,"['AVAX', 'UNI', 'TIA']","['AAVE', 'DOGE', 'INJ']"
2026-04-27 00:00:00+00:00,"['AVAX', 'UNI', 'TIA']","['AAVE', 'DOGE', 'INJ']"
2026-04-28 00:00:00+00:00,"['AVAX', 'UNI', 'TIA']","['AAVE', 'DOGE', 'INJ']"
2026-04-29 00:00:00+00:00,"['AVAX', 'UNI', 'TIA']","['AAVE', 'DOGE', 'INJ']"
2026-04-30 00:00:00+00:00,"['AVAX', 'UNI', 'TIA']","['AAVE', 'DOGE', 'INJ']"
2026-05-01 00:00:00+00:00,"['AVAX', 'UNI', 'TIA']","['AAVE', 'DOGE', 'INJ']"
2026-05-02 00:00:00+00:00,"['AVAX', 'UNI', 'TIA']","['AAVE', 'DOGE', 'INJ']"
2026-05-03 00:00:00+00:00,"['AAVE', 'ARB', 'TIA']","['BTC', 'DOGE', 'INJ']"
2026-05-04 00:00:00+00:00,"['AAVE', 'ARB', 'TIA']","['BTC', 'DOGE', 'INJ']"
2026-05-05 00:00:00+00:00,"['AAVE', 'ARB', 'TIA']","['BTC', 'DOGE', 'INJ']"
2026-05-06 00:00:00+00:00,"['AAVE', 'ARB', 'TIA']","['BTC', 'DOGE', 'INJ']"
2026-05-07 00:00:00+00:00,"['AAVE', 'ARB', 'TIA']","['BTC', 'DOGE', 'INJ']"
2026-05-08 00:00:00+00:00,"['AAVE', 'ARB', 'TIA']","['BTC', 'DOGE', 'INJ']"
2026-05-09 00:00:00+00:00,"['AAVE', 'ARB', 'TIA']","['BTC', 'DOGE', 'INJ']"
2026-05-10 00:00:00+00:00,"['BTC', 'ETH', 'DOGE']","['ARB', 'OP', 'TIA']"
2026-05-11 00:00:00+00:00,"['BTC', 'ETH', 'DOGE']","['ARB', 'OP', 'TIA']"
2026-05-12 00:00:00+00:00,"['BTC', 'ETH', 'DOGE']","['UNI', 'INJ', 'TIA']"
