fundingTime,rate_fraction
2025-06-19 00:00:00.001000+00:00,0.0001
2025-06-19 08:00:00.001000+00:00,0.0001
2025-06-19 16:00:00+00:00,1.602e-05
2025-06-20 00:00:00+00:00,0.0001
2025-06-20 08:00:00.001000+00:00,0.0001
2025-06-20 16:00:00+00:00,9.102e-05
2025-06-21 00:00:00+00:00,5.2e-06
2025-06-21 08:00:00+00:00,0.0001
2025-06-21 16:00:00+00:00,4.128e-05
2025-06-22 00:00:00.001000+00:00,0.0001
2025-06-22 08:00:00.001000+00:00,0.0001
2025-06-22 16:00:00+00:00,1.962e-05
2025-06-23 00:00:00.001000+00:00,8.119e-05
2025-06-23 08:00:00+00:00,7.548e-05
2025-06-23 16:00:00+00:00,5.39e-06
2025-06-24 00:00:00+00:00,2.914e-05
2025-06-24 08:00:00.001000+00:00,2.246e-05
2025-06-24 16:00:00+00:00,8.203e-05
2025-06-25 00:00:00.001000+00:00,0.0001
2025-06-25 08:00:00+00:00,-4.33e-06
2025-06-25 16:00:00+00:00,0.0001
2025-06-26 00:00:00+00:00,-1.967e-05
2025-06-26 08:00:00.001000+00:00,-9.521e-05
2025-06-26 16:00:00+00:00,3.479e-05
2025-06-27 00:00:00+00:00,0.0001
2025-06-27 08:00:00+00:00,0.0001
2025-06-27 16:00:00+00:00,7.393e-05
2025-06-28 00:00:00+00:00,0.0001
2025-06-28 08:00:00.001000+00:00,5.141e-05
2025-06-28 16:00:00+00:00,5.535e-05
2025-06-29 00:00:00+00:00,0.0001
2025-06-29 08:00:00+00:00,0.0001
2025-06-29 16:00:00+00:00,0.0001
2025-06-30 00:00:00+00:00,0.0001
2025-06-30 08:00:00+00:00,0.0001
2025-06-30 16:00:00.001000+00:00,-0.00011617
2025-07-01 00:00:00.002000+00:00,8.638e-05
2025-07-01 08:00:00+00:00,0.0001
2025-07-01 16:00:00+00:00,8.149e-05
2025-07-02 00:00:00+00:00,6.108e-05
2025-07-02 08:00:00+00:00,0.0001
2025-07-02 16:00:00+00:00,0.0001
2025-07-03 00:00:00+00:00,0.0001
2025-07-03 08:00:00.001000+00:00,0.0001
2025-07-03 16:00:00+00:00,0.0001
2025-07-04 00:00:00+00:00,0.0001
2025-07-04 08:00:00.001000+00:00,0.0001
2025-07-04 16:00:00.001000+00:00,0.0001
2025-07-05 00:00:00.001000+00:00,-7.187e-05
2025-07-05 08:00:00+00:00,0.0001
2025-07-05 16:00:00.001000+00:00,0.0001
2025-07-06 00:00:00+00:00,0.0001
2025-07-06 08:00:00+00:00,8.145e-05
2025-07-06 16:00:00+00:00,0.0001
2025-07-07 00:00:00.001000+00:00,0.0001
2025-07-07 08:00:00+00:00,0.0001
2025-07-07 16:00:00.001000+00:00,0.0001
2025-07-08 00:00:00+00:00,9.061e-05
2025-07-08 08:00:00.003000+00:00,0.0001
2025-07-08 16:00:00+00:00,0.0001
2025-07-09 00:00:00+00:00,0.0001
2025-07-09 08:00:00.001000+00:00,0.0001
2025-07-09 16:00:00+00:00,0.0001
2025-07-10 00:00:00.001000+00:00,0.0001
2025-07-10 08:00:00+00:00,0.0001
2025-07-10 16:00:00+00:00,0.0001
2025-07-11 00:00:00+00:00,0.0001
2025-07-11 08:00:00+00:00,0.0001
2025-07-11 16:00:00+00:00,0.0001
2025-07-12 00:00:00+00:00,0.0001
2025-07-12 08:00:00+00:00,0.0001
2025-07-12 16:00:00+00:00,0.0001
2025-07-13 00:00:00.001000+00:00,0.0001
2025-07-13 08:00:00+00:00,0.0001
2025-07-13 16:00:00+00:00,0.0001
2025-07-14 00:00:00+00:00,0.0001
2025-07-14 08:00:00+00:00,0.0001
2025-07-14 16:00:00+00:00,0.0001
2025-07-15 00:00:00+00:00,0.0001
2025-07-15 08:00:00+00:00,0.0001
2025-07-15 16:00:00+00:00,0.0001
2025-07-16 00:00:00.001000+00:00,0.0001
2025-07-16 08:00:00.001000+00:00,0.0001
2025-07-16 16:00:00+00:00,0.0001
2025-07-17 00:00:00.001000+00:00,0.0001
2025-07-17 08:00:00.001000+00:00,0.0001
2025-07-17 16:00:00+00:00,0.0001
2025-07-18 00:00:00.001000+00:00,0.0001
2025-07-18 08:00:00+00:00,0.0001
2025-07-18 16:00:00.001000+00:00,0.0001
2025-07-19 00:00:00+00:00,0.0001
2025-07-19 08:00:00+00:00,0.0001
2025-07-19 16:00:00.001000+00:00,0.0001
2025-07-20 00:00:00+00:00,0.0001
2025-07-20 08:00:00+00:00,0.0001
2025-07-20 16:00:00+00:00,0.0001
2025-07-21 00:00:00+00:00,0.0001
2025-07-21 08:00:00+00:00,0.0001
2025-07-21 16:00:00+00:00,0.0001
2025-07-22 00:00:00+00:00,0.0001
2025-07-22 08:00:00.001000+00:00,0.0001
2025-07-22 16:00:00+00:00,0.0001
2025-07-23 00:00:00+00:00,0.0001
2025-07-23 08:00:00.001000+00:00,0.0001
2025-07-23 16:00:00+00:00,0.0001
2025-07-24 00:00:00+00:00,0.0001
2025-07-24 08:00:00.001000+00:00,0.0001
2025-07-24 16:00:00+00:00,0.0001
2025-07-25 00:00:00+00:00,0.0001
2025-07-25 08:00:00+00:00,0.0001
2025-07-25 16:00:00.001000+00:00,0.0001
2025-07-26 00:00:00+00:00,0.0001
2025-07-26 08:00:00.003000+00:00,0.0001
2025-07-26 16:00:00.001000+00:00,0.0001
2025-07-27 00:00:00+00:00,0.0001
2025-07-27 08:00:00+00:00,0.0001
2025-07-27 16:00:00.001000+00:00,0.0001
2025-07-28 00:00:00.002000+00:00,0.0001
2025-07-28 08:00:00+00:00,0.0001
2025-07-28 16:00:00+00:00,0.0001
2025-07-29 00:00:00+00:00,7.342e-05
2025-07-29 08:00:00.002000+00:00,0.0001
2025-07-29 16:00:00+00:00,0.0001
2025-07-30 00:00:00.001000+00:00,-5.34e-06
2025-07-30 08:00:00.001000+00:00,-0.00022141
2025-07-30 16:00:00+00:00,-1.686e-05
2025-07-31 00:00:00.001000+00:00,6.54e-05
2025-07-31 08:00:00+00:00,0.0001
2025-07-31 16:00:00.001000+00:00,6.14e-06
2025-08-01 00:00:00.002000+00:00,8.543e-05
2025-08-01 08:00:00+00:00,3.87e-06
2025-08-01 16:00:00+00:00,9.37e-05
2025-08-02 00:00:00+00:00,2.474e-05
2025-08-02 08:00:00+00:00,-7.766e-05
2025-08-02 16:00:00+00:00,4.189e-05
2025-08-03 00:00:00+00:00,9.695e-05
2025-08-03 08:00:00+00:00,-9.919e-05
2025-08-03 16:00:00+00:00,7.235e-05
2025-08-04 00:00:00+00:00,9.915e-05
2025-08-04 08:00:00+00:00,0.0001
2025-08-04 16:00:00+00:00,-8.926e-05
2025-08-05 00:00:00+00:00,2.481e-05
2025-08-05 08:00:00.001000+00:00,2.832e-05
2025-08-05 16:00:00+00:00,3.391e-05
2025-08-06 00:00:00.001000+00:00,-0.00013288
2025-08-06 08:00:00+00:00,0.0001
2025-08-06 16:00:00.001000+00:00,0.0001
2025-08-07 00:00:00+00:00,0.0001
2025-08-07 08:00:00+00:00,0.0001
2025-08-07 16:00:00.001000+00:00,5.35e-05
2025-08-08 00:00:00+00:00,7.552e-05
2025-08-08 08:00:00+00:00,0.0001
2025-08-08 16:00:00+00:00,8.842e-05
2025-08-09 00:00:00.001000+00:00,0.0001
2025-08-09 08:00:00+00:00,-3.878e-05
2025-08-09 16:00:00+00:00,0.0001
2025-08-10 00:00:00+00:00,0.0001
2025-08-10 08:00:00+00:00,0.0001
2025-08-10 16:00:00+00:00,0.0001
2025-08-11 00:00:00+00:00,0.0001
2025-08-11 08:00:00+00:00,0.0001
2025-08-11 16:00:00+00:00,0.0001
2025-08-12 00:00:00+00:00,3.749e-05
2025-08-12 08:00:00+00:00,3.203e-05
2025-08-12 16:00:00.001000+00:00,4.994e-05
2025-08-13 00:00:00.001000+00:00,0.0001
2025-08-13 08:00:00+00:00,0.0001
2025-08-13 16:00:00+00:00,0.0001
2025-08-14 00:00:00+00:00,0.0001
2025-08-14 08:00:00+00:00,0.0001
2025-08-14 16:00:00.001000+00:00,0.0001
2025-08-15 00:00:00.001000+00:00,-0.00012759
2025-08-15 08:00:00.001000+00:00,0.0001
2025-08-15 16:00:00+00:00,0.0001
2025-08-16 00:00:00+00:00,0.0001
2025-08-16 08:00:00.001000+00:00,0.0001
2025-08-16 16:00:00.002000+00:00,5.218e-05
2025-08-17 00:00:00+00:00,6.439e-05
2025-08-17 08:00:00+00:00,0.0001
2025-08-17 16:00:00.002000+00:00,0.0001
2025-08-18 00:00:00+00:00,-5.665e-05
2025-08-18 08:00:00+00:00,0.0001
2025-08-18 16:00:00+00:00,0.0001
2025-08-19 00:00:00+00:00,-1.86e-06
2025-08-19 08:00:00.001000+00:00,0.0001
2025-08-19 16:00:00+00:00,0.0001
2025-08-20 00:00:00+00:00,0.0001
2025-08-20 08:00:00+00:00,0.0001
2025-08-20 16:00:00.001000+00:00,8.416e-05
2025-08-21 00:00:00+00:00,0.0001
2025-08-21 08:00:00+00:00,0.0001
2025-08-21 16:00:00+00:00,0.0001
2025-08-22 00:00:00+00:00,0.0001
2025-08-22 08:00:00+00:00,0.0001
2025-08-22 16:00:00+00:00,0.0001
2025-08-23 00:00:00+00:00,0.0001
2025-08-23 08:00:00+00:00,0.0001
2025-08-23 16:00:00+00:00,0.0001
2025-08-24 00:00:00+00:00,0.0001
2025-08-24 08:00:00.001000+00:00,0.0001
2025-08-24 16:00:00+00:00,0.0001
2025-08-25 00:00:00+00:00,0.0001
2025-08-25 08:00:00+00:00,0.0001
2025-08-25 16:00:00+00:00,-2.517e-05
2025-08-26 00:00:00.002000+00:00,-0.00013699
2025-08-26 08:00:00.002000+00:00,-2.505e-05
2025-08-26 16:00:00+00:00,9.51e-05
2025-08-27 00:00:00+00:00,0.0001
2025-08-27 08:00:00+00:00,0.0001
2025-08-27 16:00:00+00:00,0.0001
2025-08-28 00:00:00.001000+00:00,0.0001
2025-08-28 08:00:00+00:00,3.25e-05
2025-08-28 16:00:00+00:00,1.572e-05
2025-08-29 00:00:00+00:00,1.161e-05
2025-08-29 08:00:00.001000+00:00,-4.112e-05
2025-08-29 16:00:00+00:00,-1.022e-05
2025-08-30 00:00:00+00:00,-8.845e-05
2025-08-30 08:00:00+00:00,0.0001
2025-08-30 16:00:00+00:00,9.304e-05
2025-08-31 00:00:00+00:00,0.0001
2025-08-31 08:00:00+00:00,0.0001
2025-08-31 16:00:00+00:00,0.0001
2025-09-01 00:00:00+00:00,0.0001
2025-09-01 08:00:00+00:00,-3.438e-05
2025-09-01 16:00:00+00:00,0.0001
2025-09-02 00:00:00.003000+00:00,7.616e-05
2025-09-02 08:00:00+00:00,0.0001
2025-09-02 16:00:00.002000+00:00,-7.461e-05
2025-09-03 00:00:00+00:00,0.0001
2025-09-03 08:00:00.001000+00:00,0.0001
2025-09-03 16:00:00+00:00,0.0001
2025-09-04 00:00:00+00:00,3.404e-05
2025-09-04 08:00:00+00:00,3.63e-06
2025-09-04 16:00:00+00:00,4.42e-06
2025-09-05 00:00:00+00:00,-0.00014731
2025-09-05 08:00:00.003000+00:00,0.0001
2025-09-05 16:00:00+00:00,9.036e-05
2025-09-06 00:00:00.002000+00:00,0.0001
2025-09-06 08:00:00+00:00,0.0001
2025-09-06 16:00:00+00:00,-7.523e-05
2025-09-07 00:00:00+00:00,2.883e-05
2025-09-07 08:00:00.005000+00:00,0.0001
2025-09-07 16:00:00.001000+00:00,0.0001
2025-09-08 00:00:00+00:00,0.0001
2025-09-08 08:00:00+00:00,0.0001
2025-09-08 16:00:00.008000+00:00,0.0001
2025-09-09 00:00:00+00:00,0.0001
2025-09-09 08:00:00.008000+00:00,0.0001
2025-09-09 16:00:00+00:00,0.0001
2025-09-10 00:00:00.004000+00:00,5.531e-05
2025-09-10 08:00:00.001000+00:00,0.0001
2025-09-10 16:00:00+00:00,0.0001
2025-09-11 00:00:00+00:00,0.0001
2025-09-11 08:00:00+00:00,0.0001
2025-09-11 16:00:00.001000+00:00,-1.2e-06
2025-09-12 00:00:00.001000+00:00,0.0001
2025-09-12 08:00:00+00:00,0.0001
2025-09-12 16:00:00+00:00,0.0001
2025-09-13 00:00:00.001000+00:00,0.0001
2025-09-13 08:00:00.001000+00:00,0.0001
2025-09-13 16:00:00.001000+00:00,0.0001
2025-09-14 00:00:00.001000+00:00,0.0001
2025-09-14 08:00:00.001000+00:00,0.0001
2025-09-14 16:00:00.002000+00:00,0.0001
2025-09-15 00:00:00.001000+00:00,0.0001
2025-09-15 08:00:00+00:00,0.0001
2025-09-15 16:00:00.001000+00:00,0.0001
2025-09-16 00:00:00+00:00,6.777e-05
2025-09-16 08:00:00+00:00,4.887e-05
2025-09-16 16:00:00+00:00,-8.2e-06
2025-09-17 00:00:00+00:00,-8.282e-05
2025-09-17 08:00:00+00:00,-4.516e-05
2025-09-17 16:00:00+00:00,3.172e-05
2025-09-18 00:00:00+00:00,9.792e-05
2025-09-18 08:00:00+00:00,0.0001
2025-09-18 16:00:00+00:00,0.0001
2025-09-19 00:00:00.001000+00:00,0.0001
2025-09-19 08:00:00+00:00,0.0001
2025-09-19 16:00:00.001000+00:00,0.0001
2025-09-20 00:00:00+00:00,0.0001
2025-09-20 08:00:00+00:00,0.0001
2025-09-20 16:00:00.002000+00:00,0.0001
2025-09-21 00:00:00.001000+00:00,0.0001
2025-09-21 08:00:00+00:00,0.0001
2025-09-21 16:00:00+00:00,0.0001
2025-09-22 00:00:00.001000+00:00,9.533e-05
2025-09-22 08:00:00.001000+00:00,1.968e-05
2025-09-22 16:00:00.001000+00:00,6.481e-05
2025-09-23 00:00:00.001000+00:00,0.0001
2025-09-23 08:00:00+00:00,0.0001
2025-09-23 16:00:00.008000+00:00,0.0001
2025-09-24 00:00:00+00:00,0.0001
2025-09-24 08:00:00+00:00,0.0001
2025-09-24 16:00:00+00:00,0.0001
2025-09-25 00:00:00+00:00,6.053e-05
2025-09-25 08:00:00.001000+00:00,0.0001
2025-09-25 16:00:00+00:00,7.371e-05
2025-09-26 00:00:00.001000+00:00,0.0001
2025-09-26 08:00:00+00:00,4.744e-05
2025-09-26 16:00:00+00:00,0.0001
2025-09-27 00:00:00.001000+00:00,2.3e-06
2025-09-27 08:00:00.002000+00:00,0.0001
2025-09-27 16:00:00+00:00,0.0001
2025-09-28 00:00:00+00:00,0.0001
2025-09-28 08:00:00+00:00,0.0001
2025-09-28 16:00:00+00:00,0.0001
2025-09-29 00:00:00+00:00,0.0001
2025-09-29 08:00:00+00:00,0.0001
2025-09-29 16:00:00+00:00,0.0001
2025-09-30 00:00:00+00:00,0.0001
2025-09-30 08:00:00.004000+00:00,0.0001
2025-09-30 16:00:00+00:00,3.472e-05
2025-10-01 00:00:00+00:00,0.0001
2025-10-01 08:00:00+00:00,0.0001
2025-10-01 16:00:00.002000+00:00,0.0001
2025-10-02 00:00:00+00:00,0.0001
2025-10-02 08:00:00+00:00,0.0001
2025-10-02 16:00:00+00:00,0.0001
2025-10-03 00:00:00+00:00,0.0001
2025-10-03 08:00:00+00:00,0.0001
2025-10-03 16:00:00+00:00,0.0001
2025-10-04 00:00:00.003000+00:00,0.0001
2025-10-04 08:00:00.001000+00:00,0.0001
2025-10-04 16:00:00+00:00,6.339e-05
2025-10-05 00:00:00+00:00,0.0001
2025-10-05 08:00:00.001000+00:00,0.0001
2025-10-05 16:00:00.001000+00:00,0.0001
2025-10-06 00:00:00+00:00,5.983e-05
2025-10-06 08:00:00.001000+00:00,0.0001
2025-10-06 16:00:00+00:00,0.0001
2025-10-07 00:00:00.001000+00:00,0.0001
2025-10-07 08:00:00+00:00,0.0001
2025-10-07 16:00:00+00:00,0.0001
2025-10-08 00:00:00+00:00,0.0001
2025-10-08 08:00:00+00:00,0.0001
2025-10-08 16:00:00.001000+00:00,0.0001
2025-10-09 00:00:00+00:00,0.0001
2025-10-09 08:00:00.002000+00:00,0.0001
2025-10-09 16:00:00+00:00,0.0001
2025-10-10 00:00:00.001000+00:00,0.0002506
2025-10-10 08:00:00+00:00,0.00022353
2025-10-10 16:00:00+00:00,0.00017383
2025-10-11 00:00:00+00:00,0.00094214
2025-10-11 08:00:00+00:00,-6.711e-05
2025-10-11 16:00:00+00:00,-0.00010205
2025-10-12 00:00:00+00:00,-5.048e-05
2025-10-12 08:00:00+00:00,2.535e-05
2025-10-12 16:00:00+00:00,6.653e-05
2025-10-13 00:00:00+00:00,4.257e-05
2025-10-13 08:00:00+00:00,9.117e-05
2025-10-13 16:00:00+00:00,5.407e-05
2025-10-14 00:00:00.001000+00:00,0.0001
2025-10-14 08:00:00+00:00,5.85e-05
2025-10-14 16:00:00+00:00,4.289e-05
2025-10-15 00:00:00.001000+00:00,0.0001
2025-10-15 08:00:00+00:00,0.0001
2025-10-15 16:00:00+00:00,0.0001
2025-10-16 00:00:00+00:00,-5.175e-05
2025-10-16 08:00:00+00:00,-4.499e-05
2025-10-16 16:00:00+00:00,4.415e-05
2025-10-17 00:00:00+00:00,-1.349e-05
2025-10-17 08:00:00+00:00,-6.99e-06
2025-10-17 16:00:00+00:00,-1.808e-05
2025-10-18 00:00:00+00:00,3.26e-05
2025-10-18 08:00:00+00:00,4.734e-05
2025-10-18 16:00:00+00:00,-7.746e-05
2025-10-19 00:00:00+00:00,7.194e-05
2025-10-19 08:00:00.006000+00:00,5.429e-05
2025-10-19 16:00:00+00:00,8.188e-05
2025-10-20 00:00:00+00:00,0.0001
2025-10-20 08:00:00.016000+00:00,0.0001
2025-10-20 16:00:00.001000+00:00,0.0001
2025-10-21 00:00:00.008000+00:00,0.0001
2025-10-21 08:00:00+00:00,0.0001
2025-10-21 16:00:00+00:00,0.0001
2025-10-22 00:00:00+00:00,0.0001
2025-10-22 08:00:00+00:00,-8.805e-05
2025-10-22 16:00:00+00:00,-9.216e-05
2025-10-23 00:00:00+00:00,0.0001
2025-10-23 08:00:00+00:00,4.607e-05
2025-10-23 16:00:00+00:00,4.784e-05
2025-10-24 00:00:00+00:00,0.0001
2025-10-24 08:00:00.004000+00:00,6.983e-05
2025-10-24 16:00:00.001000+00:00,2.996e-05
2025-10-25 00:00:00.005000+00:00,0.0001
2025-10-25 08:00:00+00:00,0.0001
2025-10-25 16:00:00+00:00,0.0001
2025-10-26 00:00:00.004000+00:00,0.0001
2025-10-26 08:00:00+00:00,0.0001
2025-10-26 16:00:00.001000+00:00,0.0001
2025-10-27 00:00:00.011000+00:00,0.0001
2025-10-27 08:00:00+00:00,0.0001
2025-10-27 16:00:00+00:00,0.0001
2025-10-28 00:00:00+00:00,0.0001
2025-10-28 08:00:00+00:00,0.0001
2025-10-28 16:00:00+00:00,7.536e-05
2025-10-29 00:00:00.001000+00:00,6.843e-05
2025-10-29 08:00:00+00:00,-1.036e-05
2025-10-29 16:00:00.001000+00:00,4.546e-05
2025-10-30 00:00:00+00:00,8.679e-05
2025-10-30 08:00:00+00:00,-2.631e-05
2025-10-30 16:00:00.006000+00:00,-2.817e-05
2025-10-31 00:00:00+00:00,-5.252e-05
2025-10-31 08:00:00.002000+00:00,0.0001
2025-10-31 16:00:00+00:00,2.76e-06
2025-11-01 00:00:00+00:00,2.74e-06
2025-11-01 08:00:00+00:00,2.827e-05
2025-11-01 16:00:00.001000+00:00,5.349e-05
2025-11-02 00:00:00.001000+00:00,0.0001
2025-11-02 08:00:00+00:00,0.0001
2025-11-02 16:00:00+00:00,8.431e-05
2025-11-03 00:00:00.001000+00:00,0.0001
2025-11-03 08:00:00.002000+00:00,-9.935e-05
2025-11-03 16:00:00+00:00,-0.00014974
2025-11-04 00:00:00.001000+00:00,8.596e-05
2025-11-04 08:00:00.002000+00:00,6.101e-05
2025-11-04 16:00:00.001000+00:00,9.89e-06
2025-11-05 00:00:00+00:00,0.0001
2025-11-05 08:00:00.002000+00:00,0.0001
2025-11-05 16:00:00+00:00,0.0001
2025-11-06 00:00:00+00:00,-3.713e-05
2025-11-06 08:00:00+00:00,1.392e-05
2025-11-06 16:00:00.001000+00:00,-6.551e-05
2025-11-07 00:00:00+00:00,6.39e-05
2025-11-07 08:00:00+00:00,0.0001
2025-11-07 16:00:00+00:00,6.999e-05
2025-11-08 00:00:00.002000+00:00,0.0001
2025-11-08 08:00:00.007000+00:00,0.0001
2025-11-08 16:00:00+00:00,0.0001
2025-11-09 00:00:00.011000+00:00,0.0001
2025-11-09 08:00:00+00:00,0.0001
2025-11-09 16:00:00+00:00,6.513e-05
2025-11-10 00:00:00+00:00,7.64e-05
2025-11-10 08:00:00.001000+00:00,6.804e-05
2025-11-10 16:00:00+00:00,-4.02e-06
2025-11-11 00:00:00+00:00,-3.77e-05
2025-11-11 08:00:00.004000+00:00,-9.767e-05
2025-11-11 16:00:00+00:00,0.0001
2025-11-12 00:00:00+00:00,5.157e-05
2025-11-12 08:00:00+00:00,-2.23e-06
2025-11-12 16:00:00+00:00,0.0001
2025-11-13 00:00:00.003000+00:00,3.634e-05
2025-11-13 08:00:00+00:00,0.0001
2025-11-13 16:00:00.001000+00:00,0.0001
2025-11-14 00:00:00+00:00,-9.054e-05
2025-11-14 08:00:00+00:00,1.742e-05
2025-11-14 16:00:00+00:00,6.176e-05
2025-11-15 00:00:00+00:00,3.07e-05
2025-11-15 08:00:00+00:00,0.0001
2025-11-15 16:00:00+00:00,0.0001
2025-11-16 00:00:00+00:00,0.0001
2025-11-16 08:00:00+00:00,9e-05
2025-11-16 16:00:00+00:00,-2.1e-06
2025-11-17 00:00:00.003000+00:00,-4.04e-06
2025-11-17 08:00:00+00:00,0.0001
2025-11-17 16:00:00+00:00,9.948e-05
2025-11-18 00:00:00+00:00,-9.394e-05
2025-11-18 08:00:00+00:00,0.0001
2025-11-18 16:00:00+00:00,0.0001
2025-11-19 00:00:00+00:00,0.0001
2025-11-19 08:00:00.002000+00:00,9.625e-05
2025-11-19 16:00:00+00:00,6.62e-05
2025-11-20 00:00:00+00:00,-1.3e-05
2025-11-20 08:00:00+00:00,0.0001
2025-11-20 16:00:00+00:00,0.0001
2025-11-21 00:00:00.002000+00:00,-7.415e-05
2025-11-21 08:00:00.001000+00:00,-0.000117
2025-11-21 16:00:00+00:00,3.919e-05
2025-11-22 00:00:00.002000+00:00,7.045e-05
2025-11-22 08:00:00+00:00,6.135e-05
2025-11-22 16:00:00.005000+00:00,1.566e-05
2025-11-23 00:00:00.003000+00:00,5.881e-05
2025-11-23 08:00:00+00:00,-6.348e-05
2025-11-23 16:00:00+00:00,4.53e-06
2025-11-24 00:00:00.004000+00:00,-8.16e-06
2025-11-24 08:00:00+00:00,1.82e-05
2025-11-24 16:00:00.001000+00:00,6.042e-05
2025-11-25 00:00:00+00:00,6.753e-05
2025-11-25 08:00:00+00:00,5.939e-05
2025-11-25 16:00:00+00:00,-2.368e-05
2025-11-26 00:00:00.002000+00:00,9.126e-05
2025-11-26 08:00:00+00:00,3.946e-05
2025-11-26 16:00:00+00:00,1.389e-05
2025-11-27 00:00:00.010000+00:00,0.0001
2025-11-27 08:00:00+00:00,0.0001
2025-11-27 16:00:00+00:00,3.334e-05
2025-11-28 00:00:00+00:00,1.043e-05
2025-11-28 08:00:00.001000+00:00,-6.2e-07
2025-11-28 16:00:00+00:00,-4.61e-06
2025-11-29 00:00:00.004000+00:00,-1.969e-05
2025-11-29 08:00:00.001000+00:00,6.638e-05
2025-11-29 16:00:00.004000+00:00,2.877e-05
2025-11-30 00:00:00+00:00,7.771e-05
2025-11-30 08:00:00+00:00,8.077e-05
2025-11-30 16:00:00.007000+00:00,4.45e-06
2025-12-01 00:00:00.011000+00:00,-2.867e-05
2025-12-01 08:00:00+00:00,-7.373e-05
2025-12-01 16:00:00+00:00,-3.643e-05
2025-12-02 00:00:00+00:00,-9.63e-05
2025-12-02 08:00:00.002000+00:00,-2.508e-05
2025-12-02 16:00:00+00:00,-1.326e-05
2025-12-03 00:00:00+00:00,9.912e-05
2025-12-03 08:00:00+00:00,5.22e-05
2025-12-03 16:00:00+00:00,7.539e-05
2025-12-04 00:00:00+00:00,7.056e-05
2025-12-04 08:00:00+00:00,7.643e-05
2025-12-04 16:00:00+00:00,8.746e-05
2025-12-05 00:00:00+00:00,8.817e-05
2025-12-05 08:00:00+00:00,5.311e-05
2025-12-05 16:00:00.004000+00:00,2.38e-05
2025-12-06 00:00:00+00:00,-0.00010142
2025-12-06 08:00:00.006000+00:00,-3.095e-05
2025-12-06 16:00:00+00:00,-4.046e-05
2025-12-07 00:00:00+00:00,5.205e-05
2025-12-07 08:00:00+00:00,-2.536e-05
2025-12-07 16:00:00+00:00,-4.33e-06
2025-12-08 00:00:00.003000+00:00,-1.653e-05
2025-12-08 08:00:00+00:00,8.226e-05
2025-12-08 16:00:00+00:00,0.0001
2025-12-09 00:00:00+00:00,0.0001
2025-12-09 08:00:00.002000+00:00,6.422e-05
2025-12-09 16:00:00+00:00,5.805e-05
2025-12-10 00:00:00.001000+00:00,0.0001
2025-12-10 08:00:00+00:00,6.4e-07
2025-12-10 16:00:00+00:00,1.029e-05
2025-12-11 00:00:00.005000+00:00,4.198e-05
2025-12-11 08:00:00+00:00,-5.671e-05
2025-12-11 16:00:00+00:00,-5.293e-05
2025-12-12 00:00:00+00:00,5.17e-05
2025-12-12 08:00:00.001000+00:00,2.952e-05
2025-12-12 16:00:00+00:00,5.733e-05
2025-12-13 00:00:00.004000+00:00,-7.223e-05
2025-12-13 08:00:00.001000+00:00,4.856e-05
2025-12-13 16:00:00+00:00,8.69e-05
2025-12-14 00:00:00+00:00,0.0001
2025-12-14 08:00:00+00:00,6.372e-05
2025-12-14 16:00:00+00:00,1.488e-05
2025-12-15 00:00:00.001000+00:00,-2.884e-05
2025-12-15 08:00:00+00:00,1.22e-05
2025-12-15 16:00:00+00:00,2.715e-05
2025-12-16 00:00:00.003000+00:00,-6.464e-05
2025-12-16 08:00:00.005000+00:00,3.176e-05
2025-12-16 16:00:00+00:00,4.552e-05
2025-12-17 00:00:00+00:00,8.526e-05
2025-12-17 08:00:00.002000+00:00,0.0001
2025-12-17 16:00:00.003000+00:00,9.569e-05
2025-12-18 00:00:00+00:00,1.328e-05
2025-12-18 08:00:00+00:00,-2.099e-05
2025-12-18 16:00:00+00:00,9.581e-05
2025-12-19 00:00:00+00:00,-3.774e-05
2025-12-19 08:00:00+00:00,8.746e-05
2025-12-19 16:00:00.003000+00:00,9.668e-05
2025-12-20 00:00:00+00:00,7.489e-05
2025-12-20 08:00:00.001000+00:00,2.428e-05
2025-12-20 16:00:00+00:00,8.087e-05
2025-12-21 00:00:00+00:00,9.998e-05
2025-12-21 08:00:00.006000+00:00,5.225e-05
2025-12-21 16:00:00.001000+00:00,9.92e-06
2025-12-22 00:00:00+00:00,1.717e-05
2025-12-22 08:00:00+00:00,1.548e-05
2025-12-22 16:00:00+00:00,5.867e-05
2025-12-23 00:00:00+00:00,3.132e-05
2025-12-23 08:00:00+00:00,0.0001
2025-12-23 16:00:00+00:00,3.06e-05
2025-12-24 00:00:00+00:00,8.686e-05
2025-12-24 08:00:00+00:00,4.76e-05
2025-12-24 16:00:00+00:00,6.337e-05
2025-12-25 00:00:00.002000+00:00,0.0001
2025-12-25 08:00:00.001000+00:00,0.0001
2025-12-25 16:00:00+00:00,-4.17e-06
2025-12-26 00:00:00+00:00,6.156e-05
2025-12-26 08:00:00.003000+00:00,8.074e-05
2025-12-26 16:00:00.001000+00:00,-5.855e-05
2025-12-27 00:00:00.003000+00:00,-7.372e-05
2025-12-27 08:00:00+00:00,2.998e-05
2025-12-27 16:00:00.002000+00:00,4.575e-05
2025-12-28 00:00:00+00:00,3.724e-05
2025-12-28 08:00:00.008000+00:00,4.31e-05
2025-12-28 16:00:00.002000+00:00,3.374e-05
2025-12-29 00:00:00+00:00,2.48e-06
2025-12-29 08:00:00+00:00,6.258e-05
2025-12-29 16:00:00+00:00,-8.35e-06
2025-12-30 00:00:00+00:00,3.93e-06
2025-12-30 08:00:00.001000+00:00,2.25e-05
2025-12-30 16:00:00+00:00,0.0001
2025-12-31 00:00:00+00:00,4.771e-05
2025-12-31 08:00:00+00:00,-2.32e-06
2025-12-31 16:00:00+00:00,4.935e-05
2026-01-01 00:00:00+00:00,-3.6e-07
2026-01-01 08:00:00+00:00,2.083e-05
2026-01-01 16:00:00+00:00,8.521e-05
2026-01-02 00:00:00.001000+00:00,0.0001
2026-01-02 08:00:00.002000+00:00,0.0001
2026-01-02 16:00:00+00:00,0.0001
2026-01-03 00:00:00+00:00,0.0001
2026-01-03 08:00:00+00:00,0.0001
2026-01-03 16:00:00+00:00,0.0001
2026-01-04 00:00:00+00:00,0.0001
2026-01-04 08:00:00+00:00,0.0001
2026-01-04 16:00:00.001000+00:00,0.0001
2026-01-05 00:00:00.003000+00:00,0.0001
2026-01-05 08:00:00+00:00,4.4e-05
2026-01-05 16:00:00.001000+00:00,0.0001
2026-01-06 00:00:00+00:00,6.989e-05
2026-01-06 08:00:00+00:00,1.229e-05
2026-01-06 16:00:00.003000+00:00,6.077e-05
2026-01-07 00:00:00+00:00,0.0001
2026-01-07 08:00:00.002000+00:00,0.0001
2026-01-07 16:00:00+00:00,3.629e-05
2026-01-08 00:00:00+00:00,0.0001
2026-01-08 08:00:00.002000+00:00,0.0001
2026-01-08 16:00:00+00:00,0.0001
2026-01-09 00:00:00+00:00,9.208e-05
2026-01-09 08:00:00+00:00,2.732e-05
2026-01-09 16:00:00+00:00,6.035e-05
2026-01-10 00:00:00+00:00,8.279e-05
2026-01-10 08:00:00+00:00,5.926e-05
2026-01-10 16:00:00.012000+00:00,1.242e-05
2026-01-11 00:00:00+00:00,2.628e-05
2026-01-11 08:00:00+00:00,5.252e-05
2026-01-11 16:00:00.001000+00:00,-1.12e-06
2026-01-12 00:00:00+00:00,1.32e-06
2026-01-12 08:00:00+00:00,5.904e-05
2026-01-12 16:00:00.002000+00:00,5.586e-05
2026-01-13 00:00:00+00:00,5.51e-06
2026-01-13 08:00:00+00:00,5.471e-05
2026-01-13 16:00:00+00:00,0.0001
2026-01-14 00:00:00+00:00,0.0001
2026-01-14 08:00:00+00:00,0.0001
2026-01-14 16:00:00+00:00,0.0001
2026-01-15 00:00:00+00:00,8.534e-05
2026-01-15 08:00:00.005000+00:00,-7.9e-07
2026-01-15 16:00:00.006000+00:00,-2.595e-05
2026-01-16 00:00:00.001000+00:00,5.206e-05
2026-01-16 08:00:00.002000+00:00,7.186e-05
2026-01-16 16:00:00+00:00,7.113e-05
2026-01-17 00:00:00+00:00,-1.439e-05
2026-01-17 08:00:00.005000+00:00,2.822e-05
2026-01-17 16:00:00+00:00,2.136e-05
2026-01-18 00:00:00+00:00,8.009e-05
2026-01-18 08:00:00+00:00,7.236e-05
2026-01-18 16:00:00.007000+00:00,9.541e-05
2026-01-19 00:00:00.005000+00:00,0.0001
2026-01-19 08:00:00+00:00,0.0001
2026-01-19 16:00:00.001000+00:00,0.0001
2026-01-20 00:00:00+00:00,0.0001
2026-01-20 08:00:00+00:00,0.0001
2026-01-20 16:00:00+00:00,3.464e-05
2026-01-21 00:00:00+00:00,5.869e-05
2026-01-21 08:00:00+00:00,0.0001
2026-01-21 16:00:00+00:00,-7.29e-06
2026-01-22 00:00:00.002000+00:00,7.777e-05
2026-01-22 08:00:00.001000+00:00,5.882e-05
2026-01-22 16:00:00+00:00,4.119e-05
2026-01-23 00:00:00+00:00,5.15e-06
2026-01-23 08:00:00.001000+00:00,5.345e-05
2026-01-23 16:00:00.001000+00:00,1.663e-05
2026-01-24 00:00:00.001000+00:00,7.47e-05
2026-01-24 08:00:00+00:00,8.365e-05
2026-01-24 16:00:00+00:00,0.0001
2026-01-25 00:00:00+00:00,0.0001
2026-01-25 08:00:00+00:00,4.133e-05
2026-01-25 16:00:00+00:00,-9.28e-06
2026-01-26 00:00:00+00:00,-8.953e-05
2026-01-26 08:00:00+00:00,8.006e-05
2026-01-26 16:00:00.002000+00:00,6.184e-05
2026-01-27 00:00:00+00:00,9.328e-05
2026-01-27 08:00:00.005000+00:00,2.703e-05
2026-01-27 16:00:00+00:00,6.732e-05
2026-01-28 00:00:00+00:00,0.0001
2026-01-28 08:00:00+00:00,0.0001
2026-01-28 16:00:00+00:00,8.024e-05
2026-01-29 00:00:00+00:00,0.0001
2026-01-29 08:00:00.001000+00:00,3.492e-05
2026-01-29 16:00:00+00:00,-5.965e-05
2026-01-30 00:00:00+00:00,-0.00011117
2026-01-30 08:00:00.003000+00:00,-6.156e-05
2026-01-30 16:00:00+00:00,-2.937e-05
2026-01-31 00:00:00+00:00,4.18e-05
2026-01-31 08:00:00.002000+00:00,2.217e-05
2026-01-31 16:00:00+00:00,-0.00015627
2026-02-01 00:00:00+00:00,-0.00023286
2026-02-01 08:00:00+00:00,-6.128e-05
2026-02-01 16:00:00.008000+00:00,1.519e-05
2026-02-02 00:00:00.001000+00:00,-3.45e-05
2026-02-02 08:00:00.002000+00:00,2.404e-05
2026-02-02 16:00:00+00:00,6.53e-06
2026-02-03 00:00:00+00:00,-0.00015136
2026-02-03 08:00:00.003000+00:00,-7.159e-05
2026-02-03 16:00:00+00:00,-8.42e-06
2026-02-04 00:00:00+00:00,4.742e-05
2026-02-04 08:00:00.005000+00:00,-4.377e-05
2026-02-04 16:00:00+00:00,-5.215e-05
2026-02-05 00:00:00.001000+00:00,1.72e-06
2026-02-05 08:00:00+00:00,1.56e-06
2026-02-05 16:00:00+00:00,-3.029e-05
2026-02-06 00:00:00+00:00,-0.00010448
2026-02-06 08:00:00.017000+00:00,-6.281e-05
2026-02-06 16:00:00+00:00,-0.00011508
2026-02-07 00:00:00.001000+00:00,2.948e-05
2026-02-07 08:00:00+00:00,1.318e-05
2026-02-07 16:00:00.001000+00:00,4.879e-05
2026-02-08 00:00:00+00:00,-2.99e-06
2026-02-08 08:00:00.005000+00:00,-1.205e-05
2026-02-08 16:00:00+00:00,-5.743e-05
2026-02-09 00:00:00+00:00,-4.872e-05
2026-02-09 08:00:00.007000+00:00,-7.5e-05
2026-02-09 16:00:00.001000+00:00,-1.09e-05
2026-02-10 00:00:00.003000+00:00,2.417e-05
2026-02-10 08:00:00.001000+00:00,-6.926e-05
2026-02-10 16:00:00+00:00,-0.00012185
2026-02-11 00:00:00.003000+00:00,-2.139e-05
2026-02-11 08:00:00+00:00,-5.074e-05
2026-02-11 16:00:00+00:00,-7.975e-05
2026-02-12 00:00:00.002000+00:00,-8.72e-06
2026-02-12 08:00:00.001000+00:00,-1.21e-05
2026-02-12 16:00:00+00:00,1.496e-05
2026-02-13 00:00:00+00:00,3.499e-05
2026-02-13 08:00:00+00:00,6.42e-05
2026-02-13 16:00:00+00:00,-2.6e-06
2026-02-14 00:00:00.002000+00:00,4.182e-05
2026-02-14 08:00:00+00:00,2.286e-05
2026-02-14 16:00:00+00:00,7.968e-05
2026-02-15 00:00:00.004000+00:00,7.009e-05
2026-02-15 08:00:00+00:00,-7.68e-06
2026-02-15 16:00:00.006000+00:00,4.302e-05
2026-02-16 00:00:00.001000+00:00,-0.00010275
2026-02-16 08:00:00.002000+00:00,-5.51e-05
2026-02-16 16:00:00+00:00,-3.862e-05
2026-02-17 00:00:00+00:00,-8.327e-05
2026-02-17 08:00:00+00:00,-2.786e-05
2026-02-17 16:00:00.016000+00:00,3.118e-05
2026-02-18 00:00:00+00:00,-9.09e-05
2026-02-18 08:00:00+00:00,-0.0001204
2026-02-18 16:00:00+00:00,-2.337e-05
2026-02-19 00:00:00+00:00,-1.721e-05
2026-02-19 08:00:00+00:00,-3.298e-05
2026-02-19 16:00:00+00:00,1.732e-05
2026-02-20 00:00:00+00:00,5.82e-05
2026-02-20 08:00:00+00:00,-5.718e-05
2026-02-20 16:00:00.009000+00:00,-1.882e-05
2026-02-21 00:00:00.010000+00:00,-4.268e-05
2026-02-21 08:00:00+00:00,1.29e-05
2026-02-21 16:00:00+00:00,-9.565e-05
2026-02-22 00:00:00.004000+00:00,-7.231e-05
2026-02-22 08:00:00+00:00,-7.132e-05
2026-02-22 16:00:00+00:00,-7.138e-05
2026-02-23 00:00:00+00:00,-0.00011688
2026-02-23 08:00:00+00:00,-2.21e-05
2026-02-23 16:00:00+00:00,0.0001
2026-02-24 00:00:00.001000+00:00,-7.829e-05
2026-02-24 08:00:00+00:00,-8.363e-05
2026-02-24 16:00:00+00:00,-2.236e-05
2026-02-25 00:00:00+00:00,9.641e-05
2026-02-25 08:00:00+00:00,-7.266e-05
2026-02-25 16:00:00+00:00,0.0001
2026-02-26 00:00:00+00:00,0.0001
2026-02-26 08:00:00+00:00,-6.806e-05
2026-02-26 16:00:00.007000+00:00,-6.46e-06
2026-02-27 00:00:00+00:00,-7.757e-05
2026-02-27 08:00:00.006000+00:00,1e-07
2026-02-27 16:00:00.006000+00:00,-3.209e-05
2026-02-28 00:00:00.001000+00:00,-0.00010782
2026-02-28 08:00:00.006000+00:00,-9.711e-05
2026-02-28 16:00:00+00:00,-7.982e-05
2026-03-01 00:00:00+00:00,-3.978e-05
2026-03-01 08:00:00.003000+00:00,0.0001
2026-03-01 16:00:00+00:00,3.33e-06
2026-03-02 00:00:00+00:00,1.776e-05
2026-03-02 08:00:00+00:00,4.744e-05
2026-03-02 16:00:00+00:00,9.46e-06
2026-03-03 00:00:00+00:00,5.655e-05
2026-03-03 08:00:00+00:00,-7.465e-05
2026-03-03 16:00:00+00:00,-0.0001648
2026-03-04 00:00:00+00:00,-0.00016541
2026-03-04 08:00:00.005000+00:00,-8.212e-05
2026-03-04 16:00:00+00:00,9.482e-05
2026-03-05 00:00:00+00:00,0.0001
2026-03-05 08:00:00+00:00,-2.736e-05
2026-03-05 16:00:00+00:00,-9.939e-05
2026-03-06 00:00:00+00:00,4.646e-05
2026-03-06 08:00:00.002000+00:00,-8.655e-05
2026-03-06 16:00:00+00:00,-0.00011403
2026-03-07 00:00:00+00:00,-0.00011512
2026-03-07 08:00:00+00:00,-8.4e-06
2026-03-07 16:00:00+00:00,-0.00013613
2026-03-08 00:00:00+00:00,-8.002e-05
2026-03-08 08:00:00+00:00,-6.502e-05
2026-03-08 16:00:00+00:00,3.53e-06
2026-03-09 00:00:00+00:00,8.232e-05
2026-03-09 08:00:00+00:00,-1.701e-05
2026-03-09 16:00:00.004000+00:00,-8.34e-06
2026-03-10 00:00:00+00:00,-6.853e-05
2026-03-10 08:00:00.007000+00:00,-8.058e-05
2026-03-10 16:00:00.002000+00:00,0.0001
2026-03-11 00:00:00.001000+00:00,7.544e-05
2026-03-11 08:00:00+00:00,-0.00010179
2026-03-11 16:00:00.006000+00:00,-9.836e-05
2026-03-12 00:00:00+00:00,3e-06
2026-03-12 08:00:00+00:00,-0.00018097
2026-03-12 16:00:00+00:00,7.609e-05
2026-03-13 00:00:00+00:00,3.487e-05
2026-03-13 08:00:00+00:00,2.847e-05
2026-03-13 16:00:00+00:00,0.0001
2026-03-14 00:00:00+00:00,0.0001
2026-03-14 08:00:00+00:00,7.648e-05
2026-03-14 16:00:00.005000+00:00,1.602e-05
2026-03-15 00:00:00+00:00,2.938e-05
2026-03-15 08:00:00+00:00,4.38e-06
2026-03-15 16:00:00+00:00,7.15e-06
2026-03-16 00:00:00.004000+00:00,2.674e-05
2026-03-16 08:00:00.006000+00:00,0.0001
2026-03-16 16:00:00+00:00,0.0001
2026-03-17 00:00:00+00:00,8.733e-05
2026-03-17 08:00:00.002000+00:00,4.293e-05
2026-03-17 16:00:00.001000+00:00,-1.217e-05
2026-03-18 00:00:00+00:00,5.943e-05
2026-03-18 08:00:00+00:00,6.401e-05
2026-03-18 16:00:00.001000+00:00,-8.313e-05
2026-03-19 00:00:00.001000+00:00,-3.817e-05
2026-03-19 08:00:00+00:00,0.0001
2026-03-19 16:00:00+00:00,-2.563e-05
2026-03-20 00:00:00+00:00,-3.803e-05
2026-03-20 08:00:00+00:00,-1.413e-05
2026-03-20 16:00:00+00:00,-3.33e-06
2026-03-21 00:00:00+00:00,3.135e-05
2026-03-21 08:00:00.004000+00:00,-7.744e-05
2026-03-21 16:00:00.003000+00:00,-6.633e-05
2026-03-22 00:00:00.001000+00:00,-5.814e-05
2026-03-22 08:00:00.002000+00:00,-3.384e-05
2026-03-22 16:00:00.002000+00:00,1.3e-05
2026-03-23 00:00:00+00:00,-9.67e-06
2026-03-23 08:00:00.001000+00:00,-2.975e-05
2026-03-23 16:00:00+00:00,4.171e-05
2026-03-24 00:00:00.001000+00:00,0.0001
2026-03-24 08:00:00+00:00,0.0001
2026-03-24 16:00:00+00:00,1.408e-05
2026-03-25 00:00:00+00:00,0.0001
2026-03-25 08:00:00.001000+00:00,0.0001
2026-03-25 16:00:00+00:00,0.0001
2026-03-26 00:00:00.002000+00:00,3.208e-05
2026-03-26 08:00:00.001000+00:00,-0.00016383
2026-03-26 16:00:00+00:00,4.705e-05
2026-03-27 00:00:00+00:00,0.0001
2026-03-27 08:00:00+00:00,0.0001
2026-03-27 16:00:00.001000+00:00,-5.874e-05
2026-03-28 00:00:00+00:00,-2.54e-06
2026-03-28 08:00:00.001000+00:00,0.0001
2026-03-28 16:00:00.001000+00:00,0.0001
2026-03-29 00:00:00.001000+00:00,0.0001
2026-03-29 08:00:00+00:00,4.579e-05
2026-03-29 16:00:00+00:00,0.0001
2026-03-30 00:00:00+00:00,0.0001
2026-03-30 08:00:00+00:00,0.0001
2026-03-30 16:00:00+00:00,0.0001
2026-03-31 00:00:00+00:00,-3.93e-05
2026-03-31 08:00:00+00:00,9.376e-05
2026-03-31 16:00:00+00:00,9.172e-05
2026-04-01 00:00:00+00:00,0.0001
2026-04-01 08:00:00+00:00,0.0001
2026-04-01 16:00:00+00:00,8.75e-05
2026-04-02 00:00:00+00:00,0.0001
2026-04-02 08:00:00.001000+00:00,0.0001
2026-04-02 16:00:00.002000+00:00,0.0001
2026-04-03 00:00:00+00:00,0.0001
2026-04-03 08:00:00+00:00,0.0001
2026-04-03 16:00:00+00:00,0.0001
2026-04-04 00:00:00.001000+00:00,0.0001
2026-04-04 08:00:00+00:00,-7.288e-05
2026-04-04 16:00:00.001000+00:00,-8.444e-05
2026-04-05 00:00:00+00:00,0.0001
2026-04-05 08:00:00+00:00,-5.15e-05
2026-04-05 16:00:00+00:00,0.0001
2026-04-06 00:00:00+00:00,0.0001
2026-04-06 08:00:00+00:00,0.0001
2026-04-06 16:00:00.002000+00:00,0.0001
2026-04-07 00:00:00.001000+00:00,-0.00010062
2026-04-07 08:00:00+00:00,-0.0002545
2026-04-07 16:00:00+00:00,5.353e-05
2026-04-08 00:00:00+00:00,0.0001
2026-04-08 08:00:00+00:00,0.0001
2026-04-08 16:00:00.001000+00:00,6.261e-05
2026-04-09 00:00:00+00:00,3.135e-05
2026-04-09 08:00:00+00:00,-5.889e-05
2026-04-09 16:00:00+00:00,0.0001
2026-04-10 00:00:00+00:00,0.0001
2026-04-10 08:00:00+00:00,-0.00015767
2026-04-10 16:00:00.001000+00:00,0.0001
2026-04-11 00:00:00+00:00,0.0001
2026-04-11 08:00:00.003000+00:00,-0.00020373
2026-04-11 16:00:00+00:00,-0.00014473
2026-04-12 00:00:00.002000+00:00,0.0001
2026-04-12 08:00:00.002000+00:00,-0.00019594
2026-04-12 16:00:00.001000+00:00,-3.922e-05
2026-04-13 00:00:00+00:00,0.0001
2026-04-13 08:00:00.001000+00:00,3.284e-05
2026-04-13 16:00:00.006000+00:00,0.0001
2026-04-14 00:00:00+00:00,0.0001
2026-04-14 08:00:00.007000+00:00,-4.935e-05
2026-04-14 16:00:00.001000+00:00,0.0001
2026-04-15 00:00:00+00:00,-2.97e-05
2026-04-15 08:00:00+00:00,1.897e-05
2026-04-15 16:00:00+00:00,6.407e-05
2026-04-16 00:00:00+00:00,0.0001
2026-04-16 08:00:00.001000+00:00,0.0001
2026-04-16 16:00:00+00:00,0.0001
2026-04-17 00:00:00.001000+00:00,0.0001
2026-04-17 08:00:00+00:00,1.811e-05
2026-04-17 16:00:00+00:00,7.56e-05
2026-04-18 00:00:00.003000+00:00,0.0001
2026-04-18 08:00:00.001000+00:00,-4.72e-06
2026-04-18 16:00:00+00:00,-2.133e-05
2026-04-19 00:00:00.001000+00:00,-3.918e-05
2026-04-19 08:00:00+00:00,2.261e-05
2026-04-19 16:00:00+00:00,2.012e-05
2026-04-20 00:00:00+00:00,7.087e-05
2026-04-20 08:00:00+00:00,4.76e-05
2026-04-20 16:00:00+00:00,9.476e-05
2026-04-21 00:00:00+00:00,0.0001
2026-04-21 08:00:00+00:00,-3.036e-05
2026-04-21 16:00:00+00:00,4.959e-05
2026-04-22 00:00:00.001000+00:00,0.0001
2026-04-22 08:00:00+00:00,0.0001
2026-04-22 16:00:00+00:00,9.527e-05
2026-04-23 00:00:00.001000+00:00,0.0001
2026-04-23 08:00:00+00:00,0.0001
2026-04-23 16:00:00+00:00,0.0001
2026-04-24 00:00:00.001000+00:00,0.0001
2026-04-24 08:00:00+00:00,0.0001
2026-04-24 16:00:00+00:00,0.0001
2026-04-25 00:00:00+00:00,0.0001
2026-04-25 08:00:00+00:00,3.008e-05
2026-04-25 16:00:00+00:00,9.566e-05
2026-04-26 00:00:00.001000+00:00,0.0001
2026-04-26 08:00:00.001000+00:00,0.0001
2026-04-26 16:00:00+00:00,0.0001
2026-04-27 00:00:00+00:00,9.105e-05
2026-04-27 08:00:00+00:00,-1.16e-05
2026-04-27 16:00:00+00:00,0.0001
2026-04-28 00:00:00+00:00,0.0001
2026-04-28 08:00:00+00:00,0.0001
2026-04-28 16:00:00+00:00,0.0001
2026-04-29 00:00:00+00:00,0.0001
2026-04-29 08:00:00+00:00,0.0001
2026-04-29 16:00:00+00:00,0.0001
2026-04-30 00:00:00.002000+00:00,8.109e-05
2026-04-30 08:00:00.001000+00:00,0.0001
2026-04-30 16:00:00.001000+00:00,6.811e-05
2026-05-01 00:00:00+00:00,0.0001
2026-05-01 08:00:00+00:00,0.0001
2026-05-01 16:00:00+00:00,0.0001
2026-05-02 00:00:00+00:00,4.642e-05
2026-05-02 08:00:00+00:00,6.863e-05
2026-05-02 16:00:00+00:00,0.0001
2026-05-03 00:00:00+00:00,5.53e-05
2026-05-03 08:00:00+00:00,8.58e-06
2026-05-03 16:00:00.001000+00:00,0.0001
2026-05-04 00:00:00+00:00,9.232e-05
2026-05-04 08:00:00+00:00,9.137e-05
2026-05-04 16:00:00+00:00,4.581e-05
2026-05-05 00:00:00+00:00,0.0001
2026-05-05 08:00:00+00:00,0.0001
2026-05-05 16:00:00+00:00,0.0001
2026-05-06 00:00:00.002000+00:00,4.293e-05
2026-05-06 08:00:00.002000+00:00,-1.322e-05
2026-05-06 16:00:00+00:00,-6.406e-05
2026-05-07 00:00:00.001000+00:00,0.0001
2026-05-07 08:00:00+00:00,3.675e-05
2026-05-07 16:00:00.001000+00:00,9.959e-05
2026-05-08 00:00:00+00:00,4.048e-05
2026-05-08 08:00:00+00:00,4.516e-05
2026-05-08 16:00:00.013000+00:00,0.0001
2026-05-09 00:00:00+00:00,0.0001
2026-05-09 08:00:00+00:00,0.0001
2026-05-09 16:00:00+00:00,3.394e-05
2026-05-10 00:00:00+00:00,6.813e-05
2026-05-10 08:00:00+00:00,-7.312e-05
2026-05-10 16:00:00+00:00,7.402e-05
2026-05-11 00:00:00+00:00,0.0001
2026-05-11 08:00:00.001000+00:00,0.0001
2026-05-11 16:00:00+00:00,0.0001
2026-05-12 00:00:00.001000+00:00,0.0001
2026-05-12 08:00:00+00:00,0.0001
2026-05-12 16:00:00+00:00,0.0001
2026-05-13 00:00:00+00:00,0.0001
2026-05-13 08:00:00+00:00,0.0001
2026-05-13 16:00:00+00:00,8.077e-05
2026-05-14 00:00:00.001000+00:00,8.056e-05
2026-05-14 08:00:00+00:00,0.0001
2026-05-14 16:00:00.001000+00:00,2.711e-05
2026-05-15 00:00:00.001000+00:00,-2.521e-05
2026-05-15 08:00:00+00:00,-0.00011227
2026-05-15 16:00:00+00:00,-3.303e-05
2026-05-16 00:00:00+00:00,0.0001
2026-05-16 08:00:00+00:00,7.51e-06
2026-05-16 16:00:00+00:00,5.21e-05
2026-05-17 00:00:00+00:00,0.0001
2026-05-17 08:00:00+00:00,0.0001
2026-05-17 16:00:00.001000+00:00,0.0001
2026-05-18 00:00:00+00:00,0.0001
2026-05-18 08:00:00+00:00,-3.854e-05
2026-05-18 16:00:00+00:00,3.036e-05
2026-05-19 00:00:00.002000+00:00,1.95e-05
2026-05-19 08:00:00+00:00,-2.172e-05
2026-05-19 16:00:00.003000+00:00,4.422e-05
2026-05-20 00:00:00+00:00,0.0001
2026-05-20 08:00:00.004000+00:00,-1.601e-05
2026-05-20 16:00:00+00:00,1.602e-05
2026-05-21 00:00:00+00:00,9.91e-05
2026-05-21 08:00:00+00:00,7.517e-05
2026-05-21 16:00:00+00:00,0.0001
2026-05-22 00:00:00+00:00,0.0001
2026-05-22 08:00:00+00:00,9.29e-06
2026-05-22 16:00:00+00:00,8.807e-05
2026-05-23 00:00:00+00:00,2.956e-05
2026-05-23 08:00:00.001000+00:00,1.638e-05
2026-05-23 16:00:00+00:00,0.0001
2026-05-24 00:00:00+00:00,0.0001
2026-05-24 08:00:00+00:00,4.42e-06
2026-05-24 16:00:00+00:00,0.0001
2026-05-25 00:00:00.001000+00:00,6.811e-05
2026-05-25 08:00:00+00:00,0.0001
2026-05-25 16:00:00+00:00,0.0001
2026-05-26 00:00:00+00:00,0.0001
2026-05-26 08:00:00+00:00,3.952e-05
2026-05-26 16:00:00+00:00,0.0001
2026-05-27 00:00:00+00:00,6.612e-05
2026-05-27 08:00:00+00:00,0.0001
2026-05-27 16:00:00.001000+00:00,0.0001
2026-05-28 00:00:00+00:00,4.6e-07
2026-05-28 08:00:00.002000+00:00,-6.26e-05
2026-05-28 16:00:00+00:00,0.0001
2026-05-29 00:00:00.001000+00:00,0.0001
2026-05-29 08:00:00+00:00,0.0001
2026-05-29 16:00:00.001000+00:00,5.949e-05
2026-05-30 00:00:00+00:00,0.0001
2026-05-30 08:00:00+00:00,0.0001
2026-05-30 16:00:00+00:00,5.043e-05
2026-05-31 00:00:00.001000+00:00,0.0001
2026-05-31 08:00:00+00:00,0.0001
2026-05-31 16:00:00.001000+00:00,0.0001
2026-06-01 00:00:00+00:00,0.0001
2026-06-01 08:00:00+00:00,8.41e-05
2026-06-01 16:00:00+00:00,0.0001
2026-06-02 00:00:00+00:00,0.0001
2026-06-02 08:00:00+00:00,2.597e-05
2026-06-02 16:00:00+00:00,5.913e-05
2026-06-03 00:00:00+00:00,3.558e-05
2026-06-03 08:00:00.001000+00:00,9.89e-05
2026-06-03 16:00:00.004000+00:00,0.0001
2026-06-04 00:00:00+00:00,5.551e-05
2026-06-04 08:00:00+00:00,3.55e-05
2026-06-04 16:00:00.001000+00:00,3.913e-05
2026-06-05 00:00:00.010000+00:00,-1.868e-05
2026-06-05 08:00:00+00:00,-2.811e-05
2026-06-05 16:00:00+00:00,8.347e-05
2026-06-06 00:00:00.002000+00:00,3.217e-05
2026-06-06 08:00:00+00:00,5.084e-05
2026-06-06 16:00:00+00:00,7.035e-05
2026-06-07 00:00:00+00:00,-2.611e-05
2026-06-07 08:00:00.003000+00:00,-5.365e-05
2026-06-07 16:00:00+00:00,0.0001
2026-06-08 00:00:00+00:00,9.133e-05
2026-06-08 08:00:00.006000+00:00,6.846e-05
2026-06-08 16:00:00+00:00,8.131e-05
2026-06-09 00:00:00.001000+00:00,-1.13e-05
2026-06-09 08:00:00.001000+00:00,0.0001
2026-06-09 16:00:00+00:00,-4.67e-06
2026-06-10 00:00:00.005000+00:00,9.281e-05
2026-06-10 08:00:00+00:00,-7.42e-06
2026-06-10 16:00:00+00:00,1.92e-06
2026-06-11 00:00:00+00:00,4.62e-05
2026-06-11 08:00:00+00:00,5.888e-05
2026-06-11 16:00:00+00:00,6.526e-05
2026-06-12 00:00:00+00:00,2.52e-05
2026-06-12 08:00:00.001000+00:00,3.747e-05
2026-06-12 16:00:00+00:00,3.334e-05
2026-06-13 00:00:00+00:00,6.881e-05
2026-06-13 08:00:00+00:00,3.2e-06
2026-06-13 16:00:00+00:00,0.0001
2026-06-14 00:00:00+00:00,-2.383e-05
2026-06-14 08:00:00+00:00,-1.016e-05
2026-06-14 16:00:00+00:00,2.627e-05
2026-06-15 00:00:00+00:00,7.832e-05
2026-06-15 08:00:00.001000+00:00,3.246e-05
2026-06-15 16:00:00.004000+00:00,0.0001
2026-06-16 00:00:00.001000+00:00,-7.32e-06
2026-06-16 08:00:00.001000+00:00,-8.591e-05
2026-06-16 16:00:00.001000+00:00,8.395e-05
2026-06-17 00:00:00+00:00,0.0001
2026-06-17 08:00:00+00:00,2.9e-05
2026-06-17 16:00:00+00:00,-4.114e-05
2026-06-18 00:00:00.001000+00:00,-1.901e-05
2026-06-18 08:00:00.001000+00:00,-6.619e-05
2026-06-18 16:00:00.002000+00:00,5.058e-05
2026-06-19 00:00:00+00:00,0.0001
2026-06-19 08:00:00+00:00,-3.45e-06
